staging_file,sku,format,title,original_file,original_size,oriented_size,clean_size,trim,crop,upscale_factor,normalized_size,quality,bytes,sha256,status,reason,reviewed_crop
Ebook/Literatura/portadas/ebook-ee79c3c9fc2d596d.webp,,EBOOK,De literatura y otras monstruas,"Literatura/originales/De literatura y otras monstruas - Miranda Rodríguez, Alejandro.jpg","{""width"": 220, ""height"": 320}","{""width"": 220, ""height"": 320}","{""width"": 220, ""height"": 320}","{""left"": 0, ""top"": 0, ""right"": 0, ""bottom"": 0}",,3.375,,,,,REVISION_ENCUADRE,No existe un crop seguro para las marcas protegidas.,
Ebook/Literatura/portadas/ebook-6cb4d79424e88896.webp,,EBOOK,Dentro de la literatura,"Literatura/originales/Dentro de la literatura - Toro, Suso de.jpg","{""width"": 220, ""height"": 320}","{""width"": 220, ""height"": 320}","{""width"": 220, ""height"": 320}","{""left"": 0, ""top"": 0, ""right"": 0, ""bottom"": 0}",,3.375,,,,,REVISION_ENCUADRE,No existe un crop seguro para las marcas protegidas.,
Ebook/Literatura/portadas/ebook-17521891aa2aa37b.webp,,EBOOK,El poder de la literatura,"Literatura/originales/El poder de la literatura - Cerrillo Torremocha, Pedro César.jpg","{""width"": 220, ""height"": 320}","{""width"": 220, ""height"": 320}","{""width"": 220, ""height"": 320}","{""left"": 0, ""top"": 0, ""right"": 0, ""bottom"": 0}",,3.375,,,,,REVISION_ENCUADRE,No existe un crop seguro para las marcas protegidas.,
Ebook/Literatura/portadas/ebook-4a5dd693f0e30991.webp,,EBOOK,Entre educación y literatura,"Literatura/originales/Entre educación y literatura - Vargas Franco, Alfonso.jpg","{""width"": 220, ""height"": 320}","{""width"": 220, ""height"": 320}","{""width"": 220, ""height"": 320}","{""left"": 0, ""top"": 0, ""right"": 0, ""bottom"": 0}",,3.375,,,,,REVISION_ENCUADRE,No existe un crop seguro para las marcas protegidas.,
Ebook/Literatura/portadas/ebook-d901c48cf0708fb8.webp,,EBOOK,Historia de historias,"Literatura/originales/Historia de historias - Uribe, Álvaro.jpg","{""width"": 220, ""height"": 320}","{""width"": 220, ""height"": 320}","{""width"": 220, ""height"": 320}","{""left"": 0, ""top"": 0, ""right"": 0, ""bottom"": 0}","{""box"": [3.8833333333333275, 0.0, 217.21666666666667, 320.0], ""fraction"": 0.030303, ""shift_x"": 0.0025, ""shift_y"": 0.0}",3.375,"{""width"": 720, ""height"": 1080}",86,36716,787489c9d123a2272cf077e1e5f0e9164c63d858de515cd4f1aa9ad749ce3550,METADATOS_PENDIENTES,Falta la editorial.; Falta un idioma válido.,
Ebook/Literatura/portadas/ebook-152fc74e8097c3b1.webp,,EBOOK,La era victoriana en literatura,"Literatura/originales/La era victoriana en literatura - Chesterton, Gilbert Keith.jpg","{""width"": 220, ""height"": 320}","{""width"": 220, ""height"": 320}","{""width"": 220, ""height"": 320}","{""left"": 0, ""top"": 0, ""right"": 0, ""bottom"": 0}","{""box"": [3.3333333333333286, 0.0, 216.66666666666669, 320.0], ""fraction"": 0.030303, ""shift_x"": 0.0, ""shift_y"": 0.0}",3.375,"{""width"": 720, ""height"": 1080}",86,11882,48d1658c6ccdf36afe14d2cdeaabed68ae3e6051d0a67dee0595e5854a9eb3e6,METADATOS_PENDIENTES,Falta la editorial.; Falta un idioma válido.,
Ebook/Literatura/portadas/ebook-733aa37a0b2cb7eb.webp,,EBOOK,La lengua y la literatura,"Literatura/originales/La lengua y la literatura - Nervo, Amado.jpg","{""width"": 220, ""height"": 320}","{""width"": 220, ""height"": 320}","{""width"": 220, ""height"": 320}","{""left"": 0, ""top"": 0, ""right"": 0, ""bottom"": 0}",,3.375,,,,,REVISION_ENCUADRE,No existe un crop seguro para las marcas protegidas.,
Ebook/Literatura/portadas/ebook-5c51985965164200.webp,,EBOOK,La literatura,"Literatura/originales/La literatura - Martín Alegre, Sara.jpg","{""width"": 220, ""height"": 320}","{""width"": 220, ""height"": 320}","{""width"": 220, ""height"": 319}","{""left"": 0, ""top"": 1, ""right"": 0, ""bottom"": 0}","{""box"": [3.6666666666666714, 0.0, 216.33333333333331, 319.0], ""fraction"": 0.033333, ""shift_x"": 0.0, ""shift_y"": 0.0}",3.38558,"{""width"": 720, ""height"": 1080}",86,13380,b557443a890a8a7bd15fca5736325cebcf4f111f5244f7bda366ca69d2cf3ea2,METADATOS_PENDIENTES,Falta la editorial.; Falta un idioma válido.,
Ebook/Literatura/portadas/ebook-be4f33f6d94229e7.webp,,EBOOK,La literatura dramática,"Literatura/originales/La literatura dramática - Foguet, Francesc - Santamaria, Núria.jpg","{""width"": 220, ""height"": 320}","{""width"": 220, ""height"": 320}","{""width"": 220, ""height"": 320}","{""left"": 0, ""top"": 0, ""right"": 0, ""bottom"": 0}","{""box"": [3.3333333333333286, 0.0, 216.66666666666669, 320.0], ""fraction"": 0.030303, ""shift_x"": 0.0, ""shift_y"": 0.0}",3.375,"{""width"": 720, ""height"": 1080}",86,17522,72508ec17e228f94005c3ec59d79636098cfe058974277094c165be51c2097c8,METADATOS_PENDIENTES,Falta la editorial.; Falta un idioma válido.,
Ebook/Literatura/portadas/ebook-b98e2e9cec2aa66f.webp,,EBOOK,La literatura en el tango y el tango en la literatura,"Literatura/originales/La literatura en el tango y el tango en la literatura - Valencia, Asdrúbal.jpg","{""width"": 220, ""height"": 320}","{""width"": 220, ""height"": 320}","{""width"": 220, ""height"": 320}","{""left"": 0, ""top"": 0, ""right"": 0, ""bottom"": 0}",,3.375,,,,,REVISION_ENCUADRE,No existe un crop seguro para las marcas protegidas.,
Ebook/Literatura/portadas/ebook-404c350b49f8d484.webp,,EBOOK,La literatura española,"Literatura/originales/La literatura española - Torri, Julio.jpg","{""width"": 220, ""height"": 320}","{""width"": 220, ""height"": 320}","{""width"": 220, ""height"": 320}","{""left"": 0, ""top"": 0, ""right"": 0, ""bottom"": 0}","{""box"": [3.3333333333333335, 0, 216.66666666666666, 320], ""fraction"": 0.030303, ""shift_x"": -0.0, ""shift_y"": 0.0}",3.375,"{""width"": 720, ""height"": 1080}",86,115538,468d68de2243bb4077a3a31b851af13df1415500a650a06b2938c4763fcd0255,METADATOS_PENDIENTES,Falta la editorial.; Falta un idioma válido.,"{""source_box"": [3.3333333333333335, 0, 216.66666666666666, 320], ""coordinate_space"": ""exif_oriented_source_pixels"", ""source_sha256"": ""5a5f55377692eba61bab6283d0b87cdeab1fb365faba5c7f8d3cc43d8463bee2"", ""reason"": ""Hay margen blanco exterior visible a ambos lados de la reproducción pictórica. El recorte simétrico elimina solamente 3,3333 px de blanco por lado; conserva la pintura, título, autor, sello FCE y banda naranja completos.""}"
Ebook/Literatura/portadas/ebook-914ff11a7a31e20d.webp,,EBOOK,Literatura 1,Literatura/originales/Literatura 1 - Eva Lydia Oseguera Mejía.jpg,"{""width"": 220, ""height"": 320}","{""width"": 220, ""height"": 320}","{""width"": 220, ""height"": 320}","{""left"": 0, ""top"": 0, ""right"": 0, ""bottom"": 0}",,3.375,,,,,REVISION_ENCUADRE,No existe un crop seguro para las marcas protegidas.,
Ebook/Literatura/portadas/ebook-9aed8db45e611d99.webp,,EBOOK,Literatura 2 (2a. ed.),Literatura/originales/Literatura 2 (2a. ed.) - Eva Lydia Oseguera Mejía.jpg,"{""width"": 220, ""height"": 320}","{""width"": 220, ""height"": 320}","{""width"": 220, ""height"": 320}","{""left"": 0, ""top"": 0, ""right"": 0, ""bottom"": 0}",,3.375,,,,,REVISION_ENCUADRE,No existe un crop seguro para las marcas protegidas.,
Ebook/Literatura/portadas/ebook-6fb37f2956809505.webp,,EBOOK,Literatura clásica,"Literatura/originales/Literatura clásica - Álvarez Bravo, Armando.jpg","{""width"": 220, ""height"": 320}","{""width"": 220, ""height"": 320}","{""width"": 220, ""height"": 320}","{""left"": 0, ""top"": 0, ""right"": 0, ""bottom"": 0}","{""box"": [9, 9, 211, 312], ""fraction"": 0.130597, ""shift_x"": 0.0, ""shift_y"": 0.001563}",3.564356,"{""width"": 720, ""height"": 1080}",86,56480,71eb30d75bb6ccc1651d0e6cfdf6c8924a980e32d6231e56e3d274d3f5852ffb,METADATOS_PENDIENTES,Falta la editorial.; Falta un idioma válido.,"{""source_box"": [9, 9, 211, 312], ""coordinate_space"": ""exif_oriented_source_pixels"", ""source_sha256"": ""5edd8dc056b278cd6747175662777a8c69fbcdbdb0bbdcd1037a7b64ff95077f"", ""reason"": ""La reproducción en blanco y negro está rodeada por un margen blanco exterior. La caja elimina únicamente blanco: conserva la figura, las grecas laterales, el zócalo y la escena inferior, con una pequeña separación blanca lateral ya existente.""}"
Ebook/Literatura/portadas/ebook-f9718cfc92f4f70e.webp,,EBOOK,Literatura española,"Literatura/originales/Literatura española - Escobar Bonilla, María del Prado - Páez Martín, Juan Jesús.jpg","{""width"": 220, ""height"": 320}","{""width"": 220, ""height"": 320}","{""width"": 220, ""height"": 320}","{""left"": 0, ""top"": 0, ""right"": 0, ""bottom"": 0}",,3.375,,,,,REVISION_ENCUADRE,No existe un crop seguro para las marcas protegidas.,
Ebook/Literatura/portadas/ebook-b6e98eacfdbf3d38.webp,,EBOOK,Literatura española,"Literatura/originales/Literatura española - Reyes, Alfonso.jpg","{""width"": 220, ""height"": 320}","{""width"": 220, ""height"": 320}","{""width"": 220, ""height"": 320}","{""left"": 0, ""top"": 0, ""right"": 0, ""bottom"": 0}","{""box"": [3.3333333333333286, 0.0, 216.66666666666669, 320.0], ""fraction"": 0.030303, ""shift_x"": 0.0, ""shift_y"": 0.0}",3.375,"{""width"": 720, ""height"": 1080}",86,42500,4d567317e96bc5dd519f877066d59fadf9c548308ff8a3ec12ac0747de171d09,METADATOS_PENDIENTES,Falta la editorial.; Falta un idioma válido.,
Ebook/Literatura/portadas/ebook-211b833c4b8ebde4.webp,,EBOOK,Literatura I,"Literatura/originales/Literatura I - Carrillo Anaya, Elsa.jpg","{""width"": 220, ""height"": 320}","{""width"": 220, ""height"": 320}","{""width"": 220, ""height"": 320}","{""left"": 0, ""top"": 0, ""right"": 0, ""bottom"": 0}",,3.375,,,,,REVISION_ENCUADRE,No existe un crop seguro para las marcas protegidas.,
Ebook/Literatura/portadas/ebook-a310ba6cc9128e79.webp,,EBOOK,Literatura Oriental,"Literatura/originales/Literatura Oriental - Álvarez Bravo, Armando.jpg","{""width"": 220, ""height"": 320}","{""width"": 220, ""height"": 320}","{""width"": 220, ""height"": 320}","{""left"": 0, ""top"": 0, ""right"": 0, ""bottom"": 0}","{""box"": [3.3333333333333286, 0.0, 216.66666666666669, 320.0], ""fraction"": 0.030303, ""shift_x"": 0.0, ""shift_y"": 0.0}",3.375,"{""width"": 720, ""height"": 1080}",86,54278,6ad93478f2741aac40aeecdaf472873cdb812867332aa88af6994aa68cb53381,METADATOS_PENDIENTES,Falta la editorial.; Falta un idioma válido.,
Ebook/Literatura/portadas/ebook-0762786d97e31d89.webp,,EBOOK,Literatura universal,"Literatura/originales/Literatura universal - Reyes, Alfonso.jpg","{""width"": 220, ""height"": 320}","{""width"": 220, ""height"": 320}","{""width"": 220, ""height"": 320}","{""left"": 0, ""top"": 0, ""right"": 0, ""bottom"": 0}","{""box"": [3.3333333333333286, 0.0, 216.66666666666669, 320.0], ""fraction"": 0.030303, ""shift_x"": 0.0, ""shift_y"": 0.0}",3.375,"{""width"": 720, ""height"": 1080}",86,42620,32dd5cb64b3fe2d71577aafcf04ed8594266840fffe35a460956c9c0368393bb,METADATOS_PENDIENTES,Falta la editorial.; Falta un idioma válido.,
Ebook/Literatura/portadas/ebook-09c6216e91ce8a01.webp,,EBOOK,Literatura y cine,"Literatura/originales/Literatura y cine - Gutiérrez Carbajo, Francisco.jpg","{""width"": 220, ""height"": 320}","{""width"": 220, ""height"": 320}","{""width"": 220, ""height"": 320}","{""left"": 0, ""top"": 0, ""right"": 0, ""bottom"": 0}","{""box"": [3.3333333333333286, 0.0, 216.66666666666669, 320.0], ""fraction"": 0.030303, ""shift_x"": 0.0, ""shift_y"": 0.0}",3.375,"{""width"": 720, ""height"": 1080}",86,30994,58e37f41bc49bb195dfeba0c60447074e8bba8ad74b9ab43f93eb611e27c5c08,METADATOS_PENDIENTES,Falta la editorial.; Falta un idioma válido.,
Ebook/Literatura/portadas/ebook-52b305adb7667a72.webp,,EBOOK,Literatura y espiritualidad,"Literatura/originales/Literatura y espiritualidad - Monroy Martínez, Juan Antonio.jpg","{""width"": 220, ""height"": 320}","{""width"": 220, ""height"": 320}","{""width"": 220, ""height"": 320}","{""left"": 0, ""top"": 0, ""right"": 0, ""bottom"": 0}",,3.375,,,,,REVISION_ENCUADRE,No existe un crop seguro para las marcas protegidas.,
Ebook/Literatura/portadas/ebook-d7c3927d622d4808.webp,,EBOOK,Literaturas compartidas,"Literatura/originales/Literaturas compartidas - Basile, Teresa - Foffani, Enrique.jpg","{""width"": 220, ""height"": 320}","{""width"": 220, ""height"": 320}","{""width"": 220, ""height"": 320}","{""left"": 0, ""top"": 0, ""right"": 0, ""bottom"": 0}","{""box"": [3.3333333333333286, 0.0, 216.66666666666669, 320.0], ""fraction"": 0.030303, ""shift_x"": 0.0, ""shift_y"": 0.0}",3.375,"{""width"": 720, ""height"": 1080}",86,35336,816d46cebf7b6618ace4536c78fb2981b3ca4c03f97baded90c60c4c3fe66659,METADATOS_PENDIENTES,Falta la editorial.; Falta un idioma válido.,
Ebook/Literatura/portadas/ebook-de8cba7332b1dd7d.webp,,EBOOK,Páginas de historia,"Literatura/originales/Páginas de historia - Mitre, Bartolomé.jpg","{""width"": 220, ""height"": 320}","{""width"": 220, ""height"": 320}","{""width"": 220, ""height"": 320}","{""left"": 0, ""top"": 0, ""right"": 0, ""bottom"": 0}","{""box"": [3.3333333333333286, 0.0, 216.66666666666669, 320.0], ""fraction"": 0.030303, ""shift_x"": 0.0, ""shift_y"": 0.0}",3.375,"{""width"": 720, ""height"": 1080}",86,36814,71dccfe55039d74ccf4050e6d487dee1f00d4633bdf2d31d7a2f90c773aebc55,METADATOS_PENDIENTES,Falta la editorial.; Falta un idioma válido.,
Ebook/Literatura/portadas/ebook-cef7824007532bb5.webp,,EBOOK,Romancero gitano,"Literatura/originales/Romancero gitano - García Lorca, Federico.jpg","{""width"": 220, ""height"": 320}","{""width"": 220, ""height"": 320}","{""width"": 220, ""height"": 320}","{""left"": 0, ""top"": 0, ""right"": 0, ""bottom"": 0}","{""box"": [0, 0, 213.33333333333334, 320], ""fraction"": 0.030303, ""shift_x"": -0.015152, ""shift_y"": 0.0}",3.375,"{""width"": 720, ""height"": 1080}",86,27524,c1fc97a5fb10c47aa83fc0196dd516d8ca411f68cf9465e7223fba5ff4bbfc81,METADATOS_PENDIENTES,Falta la editorial.; Falta un idioma válido.,"{""source_box"": [0, 0, 213.33333333333334, 320], ""coordinate_space"": ""exif_oriented_source_pixels"", ""source_sha256"": ""1cd9176e1223b1946bd8a8b9620634823816dd66f0ee16e2e3a408a088c03765"", ""reason"": ""El extremo derecho contiene únicamente fondo plano naranja y rojo; título, autor e ilustración ecuestre terminan antes del corte. Se quitan los 6,6667 px solo de ese lado para preservar íntegra la caja del sello que toca el izquierdo.""}"
Ebook/Literatura/portadas/ebook-9d85a61dc2906d56.webp,,EBOOK,Taller de literatura,"Literatura/originales/Taller de literatura - Solórzano, José Agustín.jpg","{""width"": 220, ""height"": 320}","{""width"": 220, ""height"": 320}","{""width"": 220, ""height"": 320}","{""left"": 0, ""top"": 0, ""right"": 0, ""bottom"": 0}",,3.375,,,,,REVISION_ENCUADRE,No existe un crop seguro para las marcas protegidas.,
Ebook/Filosofia/portadas/ebook-8b090b737c8c2d63.webp,,EBOOK,Filosofía (2a. ed.),"Filosofía/originales/Filosofía (2a. ed.) - Escobar Valenzuela, Gustavo.jpg","{""width"": 220, ""height"": 320}","{""width"": 220, ""height"": 320}","{""width"": 220, ""height"": 320}","{""left"": 0, ""top"": 0, ""right"": 0, ""bottom"": 0}",,3.375,,,,,REVISION_ENCUADRE,No existe un crop seguro para las marcas protegidas.,
Ebook/Filosofia/portadas/ebook-4f88eff5a246dfab.webp,,EBOOK,Filosofía antigua,"Filosofía/originales/Filosofía antigua - Pastor, W. F..jpg","{""width"": 220, ""height"": 320}","{""width"": 220, ""height"": 320}","{""width"": 220, ""height"": 312}","{""left"": 0, ""top"": 8, ""right"": 0, ""bottom"": 0}","{""box"": [6.0, 0.0, 214.0, 312.0], ""fraction"": 0.054545, ""shift_x"": 0.0, ""shift_y"": 0.0}",3.461538,"{""width"": 720, ""height"": 1080}",86,14878,8507b04ffd877f218b0b6215852b5b8d265c5dcc42561535410c24cd240b21c7,METADATOS_PENDIENTES,Falta la editorial.; Falta un idioma válido.,
Ebook/Filosofia/portadas/ebook-039e638e77cb6360.webp,,EBOOK,Filosofía como metanoética,"Filosofía/originales/Filosofía como metanoética - Hajime, Tanabe.jpg","{""width"": 220, ""height"": 320}","{""width"": 220, ""height"": 320}","{""width"": 220, ""height"": 320}","{""left"": 0, ""top"": 0, ""right"": 0, ""bottom"": 0}","{""box"": [3.3333333333333286, 0.0, 216.66666666666669, 320.0], ""fraction"": 0.030303, ""shift_x"": 0.0, ""shift_y"": 0.0}",3.375,"{""width"": 720, ""height"": 1080}",86,30370,e2f0422878b84c5031d7a5a36c2ff093e7010beada48deccecb79dbe4d6d0f1c,METADATOS_PENDIENTES,Falta la editorial.; Falta un idioma válido.,
Ebook/Filosofia/portadas/ebook-7c9ecb657fb9f797.webp,,EBOOK,Filosofía contemporánea,"Filosofía/originales/Filosofía contemporánea - Pastor, W. F..jpg","{""width"": 220, ""height"": 320}","{""width"": 220, ""height"": 320}","{""width"": 220, ""height"": 312}","{""left"": 0, ""top"": 8, ""right"": 0, ""bottom"": 0}","{""box"": [6.0, 0.0, 214.0, 312.0], ""fraction"": 0.054545, ""shift_x"": 0.0, ""shift_y"": 0.0}",3.461538,"{""width"": 720, ""height"": 1080}",86,16230,b15a169548a76353585e592f8741f6c6e35f90947eb7dcc26f2a31ccef754eee,METADATOS_PENDIENTES,Falta la editorial.; Falta un idioma válido.,
Ebook/Filosofia/portadas/ebook-00ba74890bbeded4.webp,,EBOOK,Filosofía de la ciencia (2a. ed.),"Filosofía/originales/Filosofía de la ciencia (2a. ed.) - Artigas, Mariano.jpg","{""width"": 220, ""height"": 320}","{""width"": 220, ""height"": 320}","{""width"": 220, ""height"": 320}","{""left"": 0, ""top"": 0, ""right"": 0, ""bottom"": 0}","{""box"": [3.3333333333333286, 0.0, 216.66666666666669, 320.0], ""fraction"": 0.030303, ""shift_x"": 0.0, ""shift_y"": 0.0}",3.375,"{""width"": 720, ""height"": 1080}",86,19868,9ecfb3b6390c61b9a68f81fd014bed276df05a2bfd101fb52767f4426b629c1a,METADATOS_PENDIENTES,Falta la editorial.; Falta un idioma válido.,
Ebook/Filosofia/portadas/ebook-a0a42f8e10e65611.webp,,EBOOK,Filosofía de la cultura (2a. ed.),"Filosofía/originales/Filosofía de la cultura (2a. ed.) - Choza, Jacinto.jpg","{""width"": 220, ""height"": 320}","{""width"": 220, ""height"": 320}","{""width"": 220, ""height"": 319}","{""left"": 0, ""top"": 0, ""right"": 0, ""bottom"": 1}","{""box"": [3.6666666666666714, 0.0, 216.33333333333331, 319.0], ""fraction"": 0.033333, ""shift_x"": 0.0, ""shift_y"": 0.0}",3.38558,"{""width"": 720, ""height"": 1080}",86,33534,c55041c6555209718d061416f57f1ea2175ae6ce78541bbc9b218af43ad28cee,METADATOS_PENDIENTES,Falta la editorial.; Falta un idioma válido.,
Ebook/Filosofia/portadas/ebook-d9a2468b910129f7.webp,,EBOOK,Filosofía de la finitud,"Filosofía/originales/Filosofía de la finitud - Mèlich, Joan-Carles.jpg","{""width"": 220, ""height"": 320}","{""width"": 220, ""height"": 320}","{""width"": 220, ""height"": 320}","{""left"": 0, ""top"": 0, ""right"": 0, ""bottom"": 0}",,3.375,,,,,REVISION_ENCUADRE,No existe un crop seguro para las marcas protegidas.,
Ebook/Filosofia/portadas/ebook-34ce7fb4dbe3d5ea.webp,,EBOOK,Filosofía de la religión,"Filosofía/originales/Filosofía de la religión - Beuchot Puente, Mauricio.jpg","{""width"": 220, ""height"": 320}","{""width"": 220, ""height"": 320}","{""width"": 220, ""height"": 320}","{""left"": 0, ""top"": 0, ""right"": 0, ""bottom"": 0}","{""box"": [0, 0.0, 213.33333333333334, 320.0], ""fraction"": 0.030303, ""shift_x"": -0.015152, ""shift_y"": 0.0}",3.375,"{""width"": 720, ""height"": 1080}",86,29524,78187b088c4d385c7556542dc0947af7f1afde3612c41698330cb02ad7a8b2aa,METADATOS_PENDIENTES,Falta la editorial.; Falta un idioma válido.,
Ebook/Filosofia/portadas/ebook-c740fdc211f952d1.webp,,EBOOK,Filosofía del conocimiento (2a. ed.),"Filosofía/originales/Filosofía del conocimiento (2a. ed.) - Corazón González, Rafael.jpg","{""width"": 220, ""height"": 320}","{""width"": 220, ""height"": 320}","{""width"": 220, ""height"": 320}","{""left"": 0, ""top"": 0, ""right"": 0, ""bottom"": 0}","{""box"": [3.3333333333333286, 0.0, 216.66666666666669, 320.0], ""fraction"": 0.030303, ""shift_x"": 0.0, ""shift_y"": 0.0}",3.375,"{""width"": 720, ""height"": 1080}",86,22146,be83a24f55ad7454b20c6a57cebcb5a5bab027571fb51c57534256fbe676f4b9,METADATOS_PENDIENTES,Falta la editorial.; Falta un idioma válido.,
Ebook/Filosofia/portadas/ebook-00fe541f8e191ee1.webp,,EBOOK,Filosofía del lenguaje,"Filosofía/originales/Filosofía del lenguaje - Bustos Guadaño, Eduardo de.jpg","{""width"": 220, ""height"": 320}","{""width"": 220, ""height"": 320}","{""width"": 220, ""height"": 320}","{""left"": 0, ""top"": 0, ""right"": 0, ""bottom"": 0}","{""box"": [3.3333333333333286, 0.0, 216.66666666666669, 320.0], ""fraction"": 0.030303, ""shift_x"": 0.0, ""shift_y"": 0.0}",3.375,"{""width"": 720, ""height"": 1080}",86,30872,9268b1a4c117b29ccf6d5f0293cb03c36f121d6b54e4747b04108d9ef1eb49a8,METADATOS_PENDIENTES,Falta la editorial.; Falta un idioma válido.,
Ebook/Filosofia/portadas/ebook-bd71367cdab1060c.webp,,EBOOK,Filosofía del renacimiento,"Filosofía/originales/Filosofía del renacimiento - Pastor, W. F..jpg","{""width"": 220, ""height"": 320}","{""width"": 220, ""height"": 320}","{""width"": 220, ""height"": 312}","{""left"": 0, ""top"": 8, ""right"": 0, ""bottom"": 0}","{""box"": [6.0, 0.0, 214.0, 312.0], ""fraction"": 0.054545, ""shift_x"": 0.0, ""shift_y"": 0.0}",3.461538,"{""width"": 720, ""height"": 1080}",86,15514,c33004170d083872700d0bda53a2e6b2751bff3cc737f5ec7f75e02f42c81bda,METADATOS_PENDIENTES,Falta la editorial.; Falta un idioma válido.,
Ebook/Filosofia/portadas/ebook-9acec40ecdb659ec.webp,,EBOOK,Filosofía fundamental,"Filosofía/originales/Filosofía fundamental - Balmes, Jaime.jpg","{""width"": 220, ""height"": 320}","{""width"": 220, ""height"": 320}","{""width"": 220, ""height"": 320}","{""left"": 0, ""top"": 0, ""right"": 0, ""bottom"": 0}","{""box"": [3.3333333333333286, 0.0, 216.66666666666669, 320.0], ""fraction"": 0.030303, ""shift_x"": 0.0, ""shift_y"": 0.0}",3.375,"{""width"": 720, ""height"": 1080}",86,17390,25a3be237af16d2ab022c3c647260a554bbf00837e07d61414eeab4183595b1f,METADATOS_PENDIENTES,Falta la editorial.; Falta un idioma válido.,
Ebook/Filosofia/portadas/ebook-bbedcd4f008dc1f8.webp,,EBOOK,Filosofía general,"Filosofía/originales/Filosofía general - Pastor, W. F..jpg","{""width"": 220, ""height"": 320}","{""width"": 220, ""height"": 320}","{""width"": 220, ""height"": 312}","{""left"": 0, ""top"": 8, ""right"": 0, ""bottom"": 0}","{""box"": [6.0, 0.0, 214.0, 312.0], ""fraction"": 0.054545, ""shift_x"": 0.0, ""shift_y"": 0.0}",3.461538,"{""width"": 720, ""height"": 1080}",86,14100,1a7dfbc68d414197fd8d675fa32fc5ba24a7b7be489f019db9ce7f929b07d2f6,METADATOS_PENDIENTES,Falta la editorial.; Falta un idioma válido.,
Ebook/Filosofia/portadas/ebook-0ac02126c2eb936a.webp,,EBOOK,Filosofía medieval,"Filosofía/originales/Filosofía medieval - Pastor, W. F..jpg","{""width"": 220, ""height"": 320}","{""width"": 220, ""height"": 320}","{""width"": 220, ""height"": 312}","{""left"": 0, ""top"": 8, ""right"": 0, ""bottom"": 0}","{""box"": [6.0, 0.0, 214.0, 312.0], ""fraction"": 0.054545, ""shift_x"": 0.0, ""shift_y"": 0.0}",3.461538,"{""width"": 720, ""height"": 1080}",86,15028,c03b700f516974727795c88ebea6e91f5c5e95007d71293bb7cf15a428d0c1a1,METADATOS_PENDIENTES,Falta la editorial.; Falta un idioma válido.,
Ebook/Filosofia/portadas/ebook-a452742cfae417a9.webp,,EBOOK,Filosofía moderna,"Filosofía/originales/Filosofía moderna - Pastor, W. F..jpg","{""width"": 220, ""height"": 320}","{""width"": 220, ""height"": 320}","{""width"": 220, ""height"": 312}","{""left"": 0, ""top"": 8, ""right"": 0, ""bottom"": 0}","{""box"": [6.0, 0.0, 214.0, 312.0], ""fraction"": 0.054545, ""shift_x"": 0.0, ""shift_y"": 0.0}",3.461538,"{""width"": 720, ""height"": 1080}",86,14668,af243b6bf32ee20db54a67568cb3a33a82c648353700a8a6642e979096ffdf9d,METADATOS_PENDIENTES,Falta la editorial.; Falta un idioma válido.,
Ebook/Filosofia/portadas/ebook-6866fe06c580051a.webp,,EBOOK,Filosofía para Irene,"Filosofía/originales/Filosofía para Irene - Choza, Jacinto.jpg","{""width"": 220, ""height"": 320}","{""width"": 220, ""height"": 320}","{""width"": 220, ""height"": 320}","{""left"": 0, ""top"": 0, ""right"": 0, ""bottom"": 0}","{""box"": [3.3333333333333286, 0.0, 216.66666666666669, 320.0], ""fraction"": 0.030303, ""shift_x"": 0.0, ""shift_y"": 0.0}",3.375,"{""width"": 720, ""height"": 1080}",86,17130,6784c3d88265a9fbfea21e21cba4e886b59038265cff76171c386c9d7d47fb64,METADATOS_PENDIENTES,Falta la editorial.; Falta un idioma válido.,
Ebook/Filosofia/portadas/ebook-32ea66d0a615db40.webp,,EBOOK,Filosofía política,"Filosofía/originales/Filosofía política - Cruz Prados, Alfredo.jpg","{""width"": 220, ""height"": 320}","{""width"": 220, ""height"": 320}","{""width"": 220, ""height"": 320}","{""left"": 0, ""top"": 0, ""right"": 0, ""bottom"": 0}","{""box"": [3.3333333333333286, 0.0, 216.66666666666669, 320.0], ""fraction"": 0.030303, ""shift_x"": 0.0, ""shift_y"": 0.0}",3.375,"{""width"": 720, ""height"": 1080}",86,17178,57ef6068224d8ffafb111a1c8196b67df0833758cdcfea55ee293778ee22085d,METADATOS_PENDIENTES,Falta la editorial.; Falta un idioma válido.,
Ebook/Filosofia/portadas/ebook-0072a41519535ed6.webp,,EBOOK,Filosofía y palomitas,"Filosofía/originales/Filosofía y palomitas - Reina Garnacho, José Manuel.jpg","{""width"": 220, ""height"": 320}","{""width"": 220, ""height"": 320}","{""width"": 220, ""height"": 320}","{""left"": 0, ""top"": 0, ""right"": 0, ""bottom"": 0}","{""box"": [0, 0.0, 213.33333333333334, 320.0], ""fraction"": 0.030303, ""shift_x"": -0.015152, ""shift_y"": 0.0}",3.375,"{""width"": 720, ""height"": 1080}",86,66204,c2d4399eb82790446daf01b8dad531ef1c14795c104c2f1e1ccc7f8307b71722,METADATOS_PENDIENTES,Falta la editorial.; Falta un idioma válido.,
Ebook/Filosofia/portadas/ebook-518284887c308b32.webp,,EBOOK,Globalización y filosofía,Filosofía/originales/Globalización y filosofía - Michael Reder.jpg,"{""width"": 220, ""height"": 320}","{""width"": 220, ""height"": 320}","{""width"": 220, ""height"": 320}","{""left"": 0, ""top"": 0, ""right"": 0, ""bottom"": 0}",,3.375,,,,,REVISION_ENCUADRE,No existe un crop seguro para las marcas protegidas.,
Ebook/Filosofia/portadas/ebook-889e397b33270d83.webp,,EBOOK,Historia de la filosofía,Filosofía/originales/Historia de la filosofía - Julián Marías.jpg,"{""width"": 220, ""height"": 320}","{""width"": 220, ""height"": 320}","{""width"": 220, ""height"": 320}","{""left"": 0, ""top"": 0, ""right"": 0, ""bottom"": 0}",,3.375,,,,,REVISION_ENCUADRE,No existe un crop seguro para las marcas protegidas.,
Ebook/Filosofia/portadas/ebook-4de59f9ea9c0380f.webp,,EBOOK,La filosofía de la tecnología,"Filosofía/originales/La filosofía de la tecnología - Sarsanedas, Anna.jpg","{""width"": 220, ""height"": 320}","{""width"": 220, ""height"": 320}","{""width"": 220, ""height"": 320}","{""left"": 0, ""top"": 0, ""right"": 0, ""bottom"": 0}","{""box"": [3.3333333333333286, 0.0, 216.66666666666669, 320.0], ""fraction"": 0.030303, ""shift_x"": 0.0, ""shift_y"": 0.0}",3.375,"{""width"": 720, ""height"": 1080}",86,19142,2b125333d4e25cca05f066c0cd89faf9655861e63f22be3a6d3858d6b2efd747,METADATOS_PENDIENTES,Falta la editorial.; Falta un idioma válido.,
Ebook/Filosofia/portadas/ebook-216488251242cf20.webp,,EBOOK,Las tareas de la filosofía,"Filosofía/originales/Las tareas de la filosofía - Cuartango, Román.jpg","{""width"": 220, ""height"": 320}","{""width"": 220, ""height"": 320}","{""width"": 220, ""height"": 320}","{""left"": 0, ""top"": 0, ""right"": 0, ""bottom"": 0}","{""box"": [3.3333333333333286, 0.0, 216.66666666666669, 320.0], ""fraction"": 0.030303, ""shift_x"": 0.0, ""shift_y"": 0.0}",3.375,"{""width"": 720, ""height"": 1080}",86,25940,e88a08f37c2b1feabb1d19ffafad9ca71766b395345f21a01dd9c6d7a53c70fa,METADATOS_PENDIENTES,Falta la editorial.; Falta un idioma válido.,
Ebook/Filosofia/portadas/ebook-14fff49a1571571a.webp,,EBOOK,¿Qué es Filosofía?,"Filosofía/originales/¿Qué es Filosofía - Betancourt Delgado, William.jpg","{""width"": 220, ""height"": 320}","{""width"": 220, ""height"": 320}","{""width"": 220, ""height"": 320}","{""left"": 0, ""top"": 0, ""right"": 0, ""bottom"": 0}","{""box"": [3.3333333333333286, 0.0, 216.66666666666669, 320.0], ""fraction"": 0.030303, ""shift_x"": 0.0, ""shift_y"": 0.0}",3.375,"{""width"": 720, ""height"": 1080}",86,30592,05fdbc3220b2a44f3c986adff87f6a3f66603f355dc4946e386fe13088ed82f3,METADATOS_PENDIENTES,Falta la editorial.; Falta un idioma válido.,
Ebook/Filosofia/portadas/ebook-f4b17357679c39a4.webp,,EBOOK,¿Qué es filosofía?,"Filosofía/originales/¿Qué es filosofía - Sellés, Juan Fernando.jpg","{""width"": 220, ""height"": 320}","{""width"": 220, ""height"": 320}","{""width"": 220, ""height"": 320}","{""left"": 0, ""top"": 0, ""right"": 0, ""bottom"": 0}",,3.375,,,,,REVISION_ENCUADRE,No existe un crop seguro para las marcas protegidas.,
Ebook/Filosofia/portadas/ebook-697837145d693b86.webp,,EBOOK,¿Qué es la filosofía?,"Filosofía/originales/¿Qué es la filosofía - Heidegger, Martin.jpg","{""width"": 220, ""height"": 320}","{""width"": 220, ""height"": 320}","{""width"": 220, ""height"": 320}","{""left"": 0, ""top"": 0, ""right"": 0, ""bottom"": 0}","{""box"": [6.666666666666657, 0.0, 220.0, 320.0], ""fraction"": 0.030303, ""shift_x"": 0.015152, ""shift_y"": 0.0}",3.375,"{""width"": 720, ""height"": 1080}",86,31166,f3e62e45c613644ae0d63c03f6d94c9cf7a10e98b5d937ce75718064fe49f571,METADATOS_PENDIENTES,Falta la editorial.; Falta un idioma válido.,
Ebook/psicologia/portadas/ebook-29e73e1852841f9b.webp,,EBOOK,Diccionario de psicología (2a. ed.),"Psicología/originales/Diccionario de psicología (2a. ed.) - Consuegra Anaya, Natalia.jpg","{""width"": 220, ""height"": 320}","{""width"": 220, ""height"": 320}","{""width"": 220, ""height"": 320}","{""left"": 0, ""top"": 0, ""right"": 0, ""bottom"": 0}",,3.375,,,,,REVISION_ENCUADRE,No existe un crop seguro para las marcas protegidas.,
Ebook/psicologia/portadas/ebook-beadfe44450f8c5c.webp,,EBOOK,Diccionario de psicología (3a. ed.),"Psicología/originales/Diccionario de psicología (3a. ed.) - Ander-Egg, Ezequiel.jpg","{""width"": 220, ""height"": 320}","{""width"": 220, ""height"": 320}","{""width"": 220, ""height"": 320}","{""left"": 0, ""top"": 0, ""right"": 0, ""bottom"": 0}",,3.375,,,,,REVISION_ENCUADRE,No existe un crop seguro para las marcas protegidas.,
Ebook/psicologia/portadas/ebook-0fe3847a7ff875c7.webp,,EBOOK,El mundo de la psicología,"Psicología/originales/El mundo de la psicología - Ardila, Rubén.jpg","{""width"": 220, ""height"": 320}","{""width"": 220, ""height"": 320}","{""width"": 220, ""height"": 320}","{""left"": 0, ""top"": 0, ""right"": 0, ""bottom"": 0}","{""box"": [3.3333333333333286, 0.0, 216.66666666666669, 320.0], ""fraction"": 0.030303, ""shift_x"": 0.0, ""shift_y"": 0.0}",3.375,"{""width"": 720, ""height"": 1080}",86,23710,89e8e2be2475990bb8315173383dcd2a3c6b17eb749f69c1b35aa34e222a3bb1,METADATOS_PENDIENTES,Falta la editorial.; Falta un idioma válido.,
Ebook/psicologia/portadas/ebook-13fe5aaddb7931dd.webp,,EBOOK,Estadística en psicología,"Psicología/originales/Estadística en psicología - Bologna, Eduardo.jpg","{""width"": 220, ""height"": 320}","{""width"": 220, ""height"": 320}","{""width"": 220, ""height"": 320}","{""left"": 0, ""top"": 0, ""right"": 0, ""bottom"": 0}","{""box"": [0, 0.0, 213.33333333333334, 320.0], ""fraction"": 0.030303, ""shift_x"": -0.015152, ""shift_y"": 0.0}",3.375,"{""width"": 720, ""height"": 1080}",86,32908,776fbe3ab216c32e74b9b07bbddf1658f5b43fb4f8bcceed46141b78b4957bfa,METADATOS_PENDIENTES,Falta la editorial.; Falta un idioma válido.,
Ebook/psicologia/portadas/ebook-7f4b1c3b4d2275b4.webp,,EBOOK,Homosexualidad y psicología (2a. ed.),"Psicología/originales/Homosexualidad y psicología (2a. ed.) - Ardila, Rubén.jpg","{""width"": 220, ""height"": 320}","{""width"": 220, ""height"": 320}","{""width"": 220, ""height"": 320}","{""left"": 0, ""top"": 0, ""right"": 0, ""bottom"": 0}","{""box"": [6.666666666666657, 0.0, 220.0, 320.0], ""fraction"": 0.030303, ""shift_x"": 0.015152, ""shift_y"": 0.0}",3.375,"{""width"": 720, ""height"": 1080}",86,31622,6a53d3493ec1e01ccf8d08d829f63ab9bde879751a7d38f7bce3995b98e00d18,METADATOS_PENDIENTES,Falta la editorial.; Falta un idioma válido.,
Ebook/psicologia/portadas/ebook-56998c71163c3185.webp,,EBOOK,Introducción a la psicología (7a. ed.),"Psicología/originales/Introducción a la psicología (7a. ed.) - Cosacov, Eduardo.jpg","{""width"": 220, ""height"": 320}","{""width"": 220, ""height"": 320}","{""width"": 220, ""height"": 320}","{""left"": 0, ""top"": 0, ""right"": 0, ""bottom"": 0}",,3.375,,,,,REVISION_ENCUADRE,No existe un crop seguro para las marcas protegidas.,
Ebook/psicologia/portadas/ebook-9e5abbbd2405e7b5.webp,,EBOOK,La psicología y su pluralidad,"Psicología/originales/La psicología y su pluralidad - Colombo, María Elena.jpg","{""width"": 220, ""height"": 320}","{""width"": 220, ""height"": 320}","{""width"": 220, ""height"": 320}","{""left"": 0, ""top"": 0, ""right"": 0, ""bottom"": 0}","{""box"": [3.3333333333333286, 0.0, 216.66666666666669, 320.0], ""fraction"": 0.030303, ""shift_x"": 0.0, ""shift_y"": 0.0}",3.375,"{""width"": 720, ""height"": 1080}",86,36532,033a945e5bac6e5b6297091a4224b3a5ef088d1ef78ddb9c187bfacc71b6dddc,METADATOS_PENDIENTES,Falta la editorial.; Falta un idioma válido.,
Ebook/psicologia/portadas/ebook-a6d0ccd57418264c.webp,,EBOOK,Psicología clínica,"Psicología/originales/Psicología clínica - Sánchez Escobedo, Pedro Antonio.jpg","{""width"": 220, ""height"": 320}","{""width"": 220, ""height"": 320}","{""width"": 220, ""height"": 320}","{""left"": 0, ""top"": 0, ""right"": 0, ""bottom"": 0}","{""box"": [3.3333333333333286, 0.0, 216.66666666666669, 320.0], ""fraction"": 0.030303, ""shift_x"": 0.0, ""shift_y"": 0.0}",3.375,"{""width"": 720, ""height"": 1080}",86,35130,a4b0aae242aca478c9f3280e1fead628fe604f23b52b2e072c8dd4ff944ba752,METADATOS_PENDIENTES,Falta la editorial.; Falta un idioma válido.,
Ebook/psicologia/portadas/ebook-a1526abacd1bdb70.webp,,EBOOK,Psicología de la competición,"Psicología/originales/Psicología de la competición - Martín-Albo Lucas, José; Núñez Alonso, Juan Luis.jpg","{""width"": 220, ""height"": 320}","{""width"": 220, ""height"": 320}","{""width"": 220, ""height"": 320}","{""left"": 0, ""top"": 0, ""right"": 0, ""bottom"": 0}","{""box"": [0, 0.0, 213.33333333333334, 320.0], ""fraction"": 0.030303, ""shift_x"": -0.015152, ""shift_y"": 0.0}",3.375,"{""width"": 720, ""height"": 1080}",86,60258,65f7f9daff19aeaad40ec3a0bc7cd10bac4870e8ae893f8d1841ef46c1d485a1,METADATOS_PENDIENTES,Falta la editorial.; Falta un idioma válido.,
Ebook/psicologia/portadas/ebook-854711073f29cc75.webp,,EBOOK,Psicología de la escritura (8a. ed.),"Psicología/originales/Psicología de la escritura (8a. ed.) - Cuetos Vega, Fernando.jpg","{""width"": 220, ""height"": 320}","{""width"": 220, ""height"": 320}","{""width"": 220, ""height"": 320}","{""left"": 0, ""top"": 0, ""right"": 0, ""bottom"": 0}",,3.375,,,,,REVISION_ENCUADRE,No existe un crop seguro para las marcas protegidas.,
Ebook/psicologia/portadas/ebook-e66cac74923b955b.webp,,EBOOK,Psicología de la lectura,"Psicología/originales/Psicología de la lectura - Cuetos Vega, Fernando.jpg","{""width"": 220, ""height"": 320}","{""width"": 220, ""height"": 320}","{""width"": 220, ""height"": 320}","{""left"": 0, ""top"": 0, ""right"": 0, ""bottom"": 0}",,3.375,,,,,REVISION_ENCUADRE,No existe un crop seguro para las marcas protegidas.,
Ebook/psicologia/portadas/ebook-d690a764a51c9691.webp,,EBOOK,Psicología de la personalidad,"Psicología/originales/Psicología de la personalidad - Bermúdez Moreno, José; Pérez-García, Ana María; Ruiz Caballero, José Antonio; Sanjuán Suárez, Pilar; Rueda Laffond, Beatriz.jpg","{""width"": 220, ""height"": 320}","{""width"": 220, ""height"": 320}","{""width"": 220, ""height"": 320}","{""left"": 0, ""top"": 0, ""right"": 0, ""bottom"": 0}","{""box"": [3.3333333333333286, 0.0, 216.66666666666669, 320.0], ""fraction"": 0.030303, ""shift_x"": 0.0, ""shift_y"": 0.0}",3.375,"{""width"": 720, ""height"": 1080}",86,46956,a18f342c99868ae7017257c4767828030d88abaa06f435e6769b433f3b0ba610,METADATOS_PENDIENTES,Falta la editorial.; Falta un idioma válido.,
Ebook/psicologia/portadas/ebook-8f743f4ad70cd2e6.webp,,EBOOK,Psicología de la sexualidad,Psicología/originales/Psicología de la sexualidad - Javier Gómez Zapiain.jpg,"{""width"": 220, ""height"": 320}","{""width"": 220, ""height"": 320}","{""width"": 220, ""height"": 320}","{""left"": 0, ""top"": 0, ""right"": 0, ""bottom"": 0}",,3.375,,,,,REVISION_ENCUADRE,No existe un crop seguro para las marcas protegidas.,
Ebook/psicologia/portadas/ebook-8a486f9b57ac9316.webp,,EBOOK,Psicología de las masas (6a. ed.),"Psicología/originales/Psicología de las masas (6a. ed.) - Le Bon, Gustave.jpg","{""width"": 220, ""height"": 320}","{""width"": 220, ""height"": 320}","{""width"": 220, ""height"": 308}","{""left"": 0, ""top"": 0, ""right"": 0, ""bottom"": 12}","{""box"": [2.9333333333333274, 0.0, 208.26666666666668, 308.0], ""fraction"": 0.066667, ""shift_x"": -0.02, ""shift_y"": 0.0}",3.506494,"{""width"": 720, ""height"": 1080}",86,33542,0ed89dde2b9cefa6a98e4edceab85845a078002c94214be752498e86696bdf24,METADATOS_PENDIENTES,Falta la editorial.; Falta un idioma válido.,
Ebook/psicologia/portadas/ebook-e5f7847b79085b94.webp,,EBOOK,Psicología del deporte,"Psicología/originales/Psicología del deporte - Moran, Aidan; Toner, John.jpg","{""width"": 220, ""height"": 320}","{""width"": 220, ""height"": 320}","{""width"": 220, ""height"": 320}","{""left"": 0, ""top"": 0, ""right"": 0, ""bottom"": 0}",,3.375,,,,,REVISION_ENCUADRE,No existe un crop seguro para las marcas protegidas.,
Ebook/psicologia/portadas/ebook-e509af1fb945cdd3.webp,,EBOOK,Psicología del niño (18a. ed.),"Psicología/originales/Psicología del niño (18a. ed.) - Piaget, Jean; Inhelder, Bärbel.jpg","{""width"": 220, ""height"": 320}","{""width"": 220, ""height"": 320}","{""width"": 220, ""height"": 320}","{""left"": 0, ""top"": 0, ""right"": 0, ""bottom"": 0}","{""box"": [0, 0.0, 213.33333333333334, 320.0], ""fraction"": 0.030303, ""shift_x"": -0.015152, ""shift_y"": 0.0}",3.375,"{""width"": 720, ""height"": 1080}",86,49238,f138f4adccd11d53be697df574dc8f14768cac86010226e821e8cb3d5ced33cf,METADATOS_PENDIENTES,Falta la editorial.; Falta un idioma válido.,
Ebook/psicologia/portadas/ebook-57578e510a6cf163.webp,,EBOOK,Psicología del trabajo,"Psicología/originales/Psicología del trabajo - González, Martín; Olivares, Socorro.jpg","{""width"": 220, ""height"": 320}","{""width"": 220, ""height"": 320}","{""width"": 220, ""height"": 320}","{""left"": 0, ""top"": 0, ""right"": 0, ""bottom"": 0}",,3.375,,,,,REVISION_ENCUADRE,No existe un crop seguro para las marcas protegidas.,
Ebook/psicologia/portadas/ebook-81d10bac39520b9d.webp,,EBOOK,Psicología diferencial,"Psicología/originales/Psicología diferencial - Matud Aznar, María del Pilar; Marrero Quevedo, Rosario J.; Carballeira Abella, Mónica.jpg","{""width"": 220, ""height"": 320}","{""width"": 220, ""height"": 320}","{""width"": 220, ""height"": 320}","{""left"": 0, ""top"": 0, ""right"": 0, ""bottom"": 0}","{""box"": [3.3333333333333286, 0.0, 216.66666666666669, 320.0], ""fraction"": 0.030303, ""shift_x"": 0.0, ""shift_y"": 0.0}",3.375,"{""width"": 720, ""height"": 1080}",86,17978,1b9a67187d35efadee3c9ef6422933867d73b2fbb92129dc0e296a12b47e2fb1,METADATOS_PENDIENTES,Falta la editorial.; Falta un idioma válido.,
Ebook/psicologia/portadas/ebook-07671dd911189002.webp,,EBOOK,Psicología educativa,"Psicología/originales/Psicología educativa - Cline, Tony; Gulliford, Anthea; Birch, Susan.jpg","{""width"": 220, ""height"": 320}","{""width"": 220, ""height"": 320}","{""width"": 220, ""height"": 320}","{""left"": 0, ""top"": 0, ""right"": 0, ""bottom"": 0}",,3.375,,,,,REVISION_ENCUADRE,No existe un crop seguro para las marcas protegidas.,
Ebook/psicologia/portadas/ebook-555c90c48e9c9991.webp,,EBOOK,Psicología general (3a. ed.),Psicología/originales/Psicología general (3a. ed.) - Eva Laura García González.jpg,"{""width"": 220, ""height"": 320}","{""width"": 220, ""height"": 320}","{""width"": 220, ""height"": 320}","{""left"": 0, ""top"": 0, ""right"": 0, ""bottom"": 0}","{""box"": [0, 0.0, 213.33333333333334, 320.0], ""fraction"": 0.030303, ""shift_x"": -0.015152, ""shift_y"": 0.0}",3.375,"{""width"": 720, ""height"": 1080}",86,43244,ce836530b65f3951a9d6439828dfbfdec509b4c2075b074e6bf68ef1cdcb1434,METADATOS_PENDIENTES,Falta la editorial.; Falta un idioma válido.,
Ebook/psicologia/portadas/ebook-67511892222078e9.webp,,EBOOK,Psicología médica,"Psicología/originales/Psicología médica - Fuente, Ramón de la.jpg","{""width"": 220, ""height"": 320}","{""width"": 220, ""height"": 320}","{""width"": 220, ""height"": 320}","{""left"": 0, ""top"": 0, ""right"": 0, ""bottom"": 0}","{""box"": [3.3333333333333286, 0.0, 216.66666666666669, 320.0], ""fraction"": 0.030303, ""shift_x"": 0.0, ""shift_y"": 0.0}",3.375,"{""width"": 720, ""height"": 1080}",86,24412,47a264509afa6694a56b49eff9fbcb70e4d2f8ac32c20cdf3d7cba5d287c0f58,METADATOS_PENDIENTES,Falta la editorial.; Falta un idioma válido.,
Ebook/psicologia/portadas/ebook-ba2dc1c5b664546f.webp,,EBOOK,Psicología social,"Psicología/originales/Psicología social - Bello Dávila, Zoe; Casales Fernández, Julio César.jpg","{""width"": 220, ""height"": 320}","{""width"": 220, ""height"": 320}","{""width"": 220, ""height"": 320}","{""left"": 0, ""top"": 0, ""right"": 0, ""bottom"": 0}","{""box"": [6.666666666666657, 0.0, 220.0, 320.0], ""fraction"": 0.030303, ""shift_x"": 0.015152, ""shift_y"": 0.0}",3.375,"{""width"": 720, ""height"": 1080}",86,19478,fc3b28c3f66530db7f809b89984d4a2e360ce484bb0b830dacdeafa29d0795de,METADATOS_PENDIENTES,Falta la editorial.; Falta un idioma válido.,
Ebook/psicologia/portadas/ebook-5a67a4b7881c5a5f.webp,,EBOOK,Psicología. Lo inconsciente,"Psicología/originales/Psicología. Lo inconsciente - Töpf, José; Rojo, Heberto A..jpg","{""width"": 220, ""height"": 320}","{""width"": 220, ""height"": 320}","{""width"": 220, ""height"": 320}","{""left"": 0, ""top"": 0, ""right"": 0, ""bottom"": 0}","{""box"": [3.3333333333333286, 0.0, 216.66666666666669, 320.0], ""fraction"": 0.030303, ""shift_x"": 0.0, ""shift_y"": 0.0}",3.375,"{""width"": 720, ""height"": 1080}",86,27548,19da60012154c79673921837943b656ddb3e5f62eae9dbfc076155e6a6cac672,METADATOS_PENDIENTES,Falta la editorial.; Falta un idioma válido.,
Ebook/psicologia/portadas/ebook-f8e97f4f26b71ec3.webp,,EBOOK,Psicología: polimodal,"Psicología/originales/Psicología polimodal - Divenosa, Marisa; Costa, Ivana.jpg","{""width"": 220, ""height"": 320}","{""width"": 220, ""height"": 320}","{""width"": 220, ""height"": 320}","{""left"": 0, ""top"": 0, ""right"": 0, ""bottom"": 0}","{""box"": [0, 0.0, 213.33333333333334, 320.0], ""fraction"": 0.030303, ""shift_x"": -0.015152, ""shift_y"": 0.0}",3.375,"{""width"": 720, ""height"": 1080}",86,59516,37c9e031cb0ef5b12e62e9d83d097b8e576692e1370acb72ecda5eb5cef89c16,METADATOS_PENDIENTES,Falta la editorial.; Falta un idioma válido.,
Ebook/psicologia/portadas/ebook-e9b2b3616241be91.webp,,EBOOK,Psicologías inútiles,"Psicología/originales/Psicologías inútiles - Soto Ramírez, Juan.jpg","{""width"": 220, ""height"": 320}","{""width"": 220, ""height"": 320}","{""width"": 220, ""height"": 320}","{""left"": 0, ""top"": 0, ""right"": 0, ""bottom"": 0}",,3.375,,,,,REVISION_ENCUADRE,No existe un crop seguro para las marcas protegidas.,
Ebook/historia/portadas/ebook-18f389fa1ff99dbe.webp,,EBOOK,Historia,Historia/originales/Historia - Javier Gálvez S..jpg,"{""width"": 220, ""height"": 320}","{""width"": 220, ""height"": 320}","{""width"": 220, ""height"": 320}","{""left"": 0, ""top"": 0, ""right"": 0, ""bottom"": 0}","{""box"": [3.3333333333333286, 0.0, 216.66666666666669, 320.0], ""fraction"": 0.030303, ""shift_x"": 0.0, ""shift_y"": 0.0}",3.375,"{""width"": 720, ""height"": 1080}",86,21982,241155985f6b82b372dd3081bc6d5e01fd086471e53dc316ebf49b7c84cf6d73,METADATOS_PENDIENTES,Falta la editorial.; Falta un idioma válido.,
Ebook/historia/portadas/ebook-2b56751b895caee6.webp,,EBOOK,Historia de América,"Historia/originales/Historia de América - Malamud, Carlos.jpg","{""width"": 220, ""height"": 320}","{""width"": 220, ""height"": 320}","{""width"": 220, ""height"": 320}","{""left"": 0, ""top"": 0, ""right"": 0, ""bottom"": 0}","{""box"": [0, 0.0, 213.33333333333334, 320.0], ""fraction"": 0.030303, ""shift_x"": -0.015152, ""shift_y"": 0.0}",3.375,"{""width"": 720, ""height"": 1080}",86,27814,613a6d7ef62ed16ca20ec0ae92bd588517903cb535ccda04d6ebbe8c272dfc6d,METADATOS_PENDIENTES,Falta la editorial.; Falta un idioma válido.,
Ebook/historia/portadas/ebook-4867fc8ce98b175b.webp,,EBOOK,Historia de Cádiz,"Historia/originales/Historia de Cádiz - Horozco, Agustín de.jpg","{""width"": 220, ""height"": 320}","{""width"": 220, ""height"": 320}","{""width"": 220, ""height"": 320}","{""left"": 0, ""top"": 0, ""right"": 0, ""bottom"": 0}","{""box"": [0, 0.0, 213.33333333333334, 320.0], ""fraction"": 0.030303, ""shift_x"": -0.015152, ""shift_y"": 0.0}",3.375,"{""width"": 720, ""height"": 1080}",86,19686,538c62787067f7ea0d6d222e703e813d7c2ed40036ae2329baa85f449d2ec3fd,METADATOS_PENDIENTES,Falta la editorial.; Falta un idioma válido.,
Ebook/historia/portadas/ebook-b668bfd19c2b596c.webp,,EBOOK,Historia de Córdoba,"Historia/originales/Historia de Córdoba - Aguilar Gavilán, Enrique.jpg","{""width"": 220, ""height"": 320}","{""width"": 220, ""height"": 320}","{""width"": 220, ""height"": 320}","{""left"": 0, ""top"": 0, ""right"": 0, ""bottom"": 0}","{""box"": [0, 0.0, 213.33333333333334, 320.0], ""fraction"": 0.030303, ""shift_x"": -0.015152, ""shift_y"": 0.0}",3.375,"{""width"": 720, ""height"": 1080}",86,46102,36ef6cfb95a23c57f4d4037c4f7202de94f986e67599dd41fe6a04bd4a7e5699,METADATOS_PENDIENTES,Falta la editorial.; Falta un idioma válido.,
Ebook/historia/portadas/ebook-15ff99c2d2fa9523.webp,,EBOOK,Historia de Francia,"Historia/originales/Historia de Francia - Price, Roger.jpg","{""width"": 220, ""height"": 320}","{""width"": 220, ""height"": 320}","{""width"": 220, ""height"": 320}","{""left"": 0, ""top"": 0, ""right"": 0, ""bottom"": 0}","{""box"": [6.666666666666657, 0.0, 220.0, 320.0], ""fraction"": 0.030303, ""shift_x"": 0.015152, ""shift_y"": 0.0}",3.375,"{""width"": 720, ""height"": 1080}",86,59946,fcd19dc8565150a38b5b0918ea6b2e584d2953b09360b5a396dd9d87b0240cd3,METADATOS_PENDIENTES,Falta la editorial.; Falta un idioma válido.,
Ebook/historia/portadas/ebook-962e5b8ad3725942.webp,,EBOOK,Historia de Irlanda (3a. ed.),"Historia/originales/Historia de Irlanda (3a. ed.) - O’Beirne Ranelagh, John.jpg","{""width"": 220, ""height"": 320}","{""width"": 220, ""height"": 320}","{""width"": 220, ""height"": 320}","{""left"": 0, ""top"": 0, ""right"": 0, ""bottom"": 0}","{""box"": [6.666666666666657, 0.0, 220.0, 320.0], ""fraction"": 0.030303, ""shift_x"": 0.015152, ""shift_y"": 0.0}",3.375,"{""width"": 720, ""height"": 1080}",86,45674,6653afc2da7a7f9ab54b944ecb158fcdf97d70cd8771f9f007695b1013fc75dc,METADATOS_PENDIENTES,Falta la editorial.; Falta un idioma válido.,
Ebook/historia/portadas/ebook-af6ad49654985125.webp,,EBOOK,Historia de Italia (2a. ed.),"Historia/originales/Historia de Italia (2a. ed.) - Duggan, Christopher.jpg","{""width"": 220, ""height"": 320}","{""width"": 220, ""height"": 320}","{""width"": 220, ""height"": 320}","{""left"": 0, ""top"": 0, ""right"": 0, ""bottom"": 0}","{""box"": [6.666666666666657, 0.0, 220.0, 320.0], ""fraction"": 0.030303, ""shift_x"": 0.015152, ""shift_y"": 0.0}",3.375,"{""width"": 720, ""height"": 1080}",86,69464,18b9dbb8d3c393896d807bb0b7b670022c5a1ff2f8309a7c13dedcfb56218534,METADATOS_PENDIENTES,Falta la editorial.; Falta un idioma válido.,
Ebook/historia/portadas/ebook-842788ea6c161a3d.webp,,EBOOK,Historia de la cultura en la América hispánica,"Historia/originales/Historia de la cultura en la América hispánica - Henríquez Ureña, Pedro.jpg","{""width"": 220, ""height"": 320}","{""width"": 220, ""height"": 320}","{""width"": 220, ""height"": 320}","{""left"": 0, ""top"": 0, ""right"": 0, ""bottom"": 0}","{""box"": [3.3333333333333286, 0.0, 216.66666666666669, 320.0], ""fraction"": 0.030303, ""shift_x"": 0.0, ""shift_y"": 0.0}",3.375,"{""width"": 720, ""height"": 1080}",86,44476,b0c1e98ca45e5b6234871714037890d6765ebc9755e9ee6d2b39055944331c14,METADATOS_PENDIENTES,Falta la editorial.; Falta un idioma válido.,
Ebook/historia/portadas/ebook-4e24ef789a1c76b5.webp,,EBOOK,Historia de la India (3a. ed.),"Historia/originales/Historia de la India (3a. ed.) - Metcalf, Barbara D. - Metcalf, Thomas R..jpg","{""width"": 220, ""height"": 320}","{""width"": 220, ""height"": 320}","{""width"": 220, ""height"": 320}","{""left"": 0, ""top"": 0, ""right"": 0, ""bottom"": 0}","{""box"": [6.666666666666657, 0.0, 220.0, 320.0], ""fraction"": 0.030303, ""shift_x"": 0.015152, ""shift_y"": 0.0}",3.375,"{""width"": 720, ""height"": 1080}",86,93826,d70e0f473f32f16eaa3c3f8f19bf30aa74c70ecb3ade521837ff77df3dd17d71,METADATOS_PENDIENTES,Falta la editorial.; Falta un idioma válido.,
Ebook/historia/portadas/ebook-e804e1bc6a8c36cb.webp,,EBOOK,Historia de los Estados Unidos de América,"Historia/originales/Historia de los Estados Unidos de América - Grant, Susan-Mary.jpg","{""width"": 220, ""height"": 320}","{""width"": 220, ""height"": 320}","{""width"": 220, ""height"": 320}","{""left"": 0, ""top"": 0, ""right"": 0, ""bottom"": 0}","{""box"": [6.666666666666657, 0.0, 220.0, 320.0], ""fraction"": 0.030303, ""shift_x"": 0.015152, ""shift_y"": 0.0}",3.375,"{""width"": 720, ""height"": 1080}",86,48724,7a3e08eac67603efa6eff1215ed036553bf874c1d89db02a35741f36d64f957c,METADATOS_PENDIENTES,Falta la editorial.; Falta un idioma válido.,
Ebook/historia/portadas/ebook-feb8d575cc7258a0.webp,,EBOOK,Historia de México,"Historia/originales/Historia de México - Cavo, Andrés.jpg","{""width"": 220, ""height"": 320}","{""width"": 220, ""height"": 320}","{""width"": 220, ""height"": 320}","{""left"": 0, ""top"": 0, ""right"": 0, ""bottom"": 0}","{""box"": [3.3333333333333286, 0.0, 216.66666666666669, 320.0], ""fraction"": 0.030303, ""shift_x"": 0.0, ""shift_y"": 0.0}",3.375,"{""width"": 720, ""height"": 1080}",86,29550,732a7fe04b7daf1ad33803750056908a68799cad1cd32f85a26a737a01594c3f,METADATOS_PENDIENTES,Falta la editorial.; Falta un idioma válido.,
Ebook/historia/portadas/ebook-1f646aee509e5997.webp,,EBOOK,Historia de México (3a. ed.),"Historia/originales/Historia de México (3a. ed.) - Martínez Ruiz, Héctor - Menchaca Espinosa, Francisco Javier.jpg","{""width"": 220, ""height"": 320}","{""width"": 220, ""height"": 320}","{""width"": 220, ""height"": 320}","{""left"": 0, ""top"": 0, ""right"": 0, ""bottom"": 0}",,3.375,,,,,REVISION_ENCUADRE,No existe un crop seguro para las marcas protegidas.,
Ebook/historia/portadas/ebook-7f0c6a2a50f028d5.webp,,EBOOK,Historia de Rusia,"Historia/originales/Historia de Rusia - Bushkovitch, Paul.jpg","{""width"": 220, ""height"": 320}","{""width"": 220, ""height"": 320}","{""width"": 220, ""height"": 320}","{""left"": 0, ""top"": 0, ""right"": 0, ""bottom"": 0}","{""box"": [6.666666666666657, 0.0, 220.0, 320.0], ""fraction"": 0.030303, ""shift_x"": 0.015152, ""shift_y"": 0.0}",3.375,"{""width"": 720, ""height"": 1080}",86,39880,d31b45eeb5ec991dcb6a0e9d7c8001357b1c9b2f68ec95b978571b2d23384f3f,METADATOS_PENDIENTES,Falta la editorial.; Falta un idioma válido.,
Ebook/historia/portadas/ebook-e252c4f94c85fd0a.webp,,EBOOK,Historia de Tlaxcala,"Historia/originales/Historia de Tlaxcala - Muñoz y Camargo, Diego.jpg","{""width"": 220, ""height"": 320}","{""width"": 220, ""height"": 320}","{""width"": 220, ""height"": 320}","{""left"": 0, ""top"": 0, ""right"": 0, ""bottom"": 0}","{""box"": [3.3333333333333286, 0.0, 216.66666666666669, 320.0], ""fraction"": 0.030303, ""shift_x"": 0.0, ""shift_y"": 0.0}",3.375,"{""width"": 720, ""height"": 1080}",86,11054,3e670b0ab789be87b1ef5bbf1c4860881f02f6533df4cca8b75d412651de5b9a,METADATOS_PENDIENTES,Falta la editorial.; Falta un idioma válido.,
Ebook/historia/portadas/ebook-1fb792ea40eb7626.webp,,EBOOK,Historia de Yucatán,"Historia/originales/Historia de Yucatán - Cogolludo, Diego López de.jpg","{""width"": 220, ""height"": 320}","{""width"": 220, ""height"": 320}","{""width"": 220, ""height"": 320}","{""left"": 0, ""top"": 0, ""right"": 0, ""bottom"": 0}","{""box"": [3.3333333333333286, 0.0, 216.66666666666669, 320.0], ""fraction"": 0.030303, ""shift_x"": 0.0, ""shift_y"": 0.0}",3.375,"{""width"": 720, ""height"": 1080}",86,11272,7d7e478237e74558a54a4af3bfc3c7bfa38126830d05e7b25ec8d13050c2ed43,METADATOS_PENDIENTES,Falta la editorial.; Falta un idioma válido.,
Ebook/historia/portadas/ebook-02b1d39c9908dbf0.webp,,EBOOK,Historia económica,Historia/originales/Historia económica - José U. Bernardos Sanz - Mauro Hernández - Miguel Santamaría Lancho.jpg,"{""width"": 220, ""height"": 320}","{""width"": 220, ""height"": 320}","{""width"": 220, ""height"": 320}","{""left"": 0, ""top"": 0, ""right"": 0, ""bottom"": 0}","{""box"": [3.3333333333333286, 0.0, 216.66666666666669, 320.0], ""fraction"": 0.030303, ""shift_x"": 0.0, ""shift_y"": 0.0}",3.375,"{""width"": 720, ""height"": 1080}",86,68688,0bae1dbd2d293c17eb37ebe02be71b3cd548f648f991b2833e32f2af221131a8,METADATOS_PENDIENTES,Falta la editorial.; Falta un idioma válido.,
Ebook/historia/portadas/ebook-201f6e4f7bc6c9b5.webp,,EBOOK,Historia general,Historia/originales/Historia general - Manuel Ramírez Sánchez - María Luisa Toledo Bravo de Laguna - Germán Santana Pérez.jpg,"{""width"": 220, ""height"": 320}","{""width"": 220, ""height"": 320}","{""width"": 220, ""height"": 320}","{""left"": 0, ""top"": 0, ""right"": 0, ""bottom"": 0}",,3.375,,,,,REVISION_ENCUADRE,No existe un crop seguro para las marcas protegidas.,
Ebook/historia/portadas/ebook-de34d5542d024bc3.webp,,EBOOK,Historia mínima de Estados Unidos de América,"Historia/originales/Historia mínima de Estados Unidos de América - Pani, Erika.jpg","{""width"": 220, ""height"": 320}","{""width"": 220, ""height"": 320}","{""width"": 220, ""height"": 320}","{""left"": 0, ""top"": 0, ""right"": 0, ""bottom"": 0}","{""box"": [3.3333333333333335, 0, 216.66666666666666, 320], ""fraction"": 0.030303, ""shift_x"": -0.0, ""shift_y"": 0.0}",3.375,"{""width"": 720, ""height"": 1080}",86,32746,eb340eda0916639883ac79874e09f0b27c88a0b39f781894379d59126cee7983,METADATOS_PENDIENTES,Falta la editorial.; Falta un idioma válido.,"{""source_box"": [3.3333333333333335, 0, 216.66666666666666, 320], ""coordinate_space"": ""exif_oriented_source_pixels"", ""source_sha256"": ""c898309fa69684f73c061bcf59f912f79cdb08fa86b68e18a974b5856634fae6"", ""reason"": ""Los laterales son planos azules y rojos de fondo; la pintura rectangular, el rótulo del país, la marca superior, el autor y la editorial están separados de ambos extremos. El corte simétrico elimina solo 3,3333 px de fondo por lado, sin tocar la pintura ni sus bordes.""}"
Ebook/historia/portadas/ebook-b379868c14ca7b31.webp,,EBOOK,Historia mínima de los feminismos en América Latina,"Historia/originales/Historia mínima de los feminismos en América Latina - Barrancos, Dora.jpg","{""width"": 220, ""height"": 320}","{""width"": 220, ""height"": 320}","{""width"": 220, ""height"": 320}","{""left"": 0, ""top"": 0, ""right"": 0, ""bottom"": 0}","{""box"": [3.3333333333333335, 0, 216.66666666666666, 320], ""fraction"": 0.030303, ""shift_x"": -0.0, ""shift_y"": 0.0}",3.375,"{""width"": 720, ""height"": 1080}",86,26392,81deaded12840c56c96df2ab3193dedbd58e36dc2bf9d23a3722ca0fb48e819c,METADATOS_PENDIENTES,Falta la editorial.; Falta un idioma válido.,"{""source_box"": [3.3333333333333335, 0, 216.66666666666666, 320], ""coordinate_space"": ""exif_oriented_source_pixels"", ""source_sha256"": ""13de8d78a1363455a31b6bf20249c0fa6358be6ab0aed20a7e7b983f8e525ab8"", ""reason"": ""Los laterales solo contienen los bloques planos azul grisáceo de fondo. La reproducción central y sus rectángulos interiores, el título, la marca superior y el texto inferior quedan dentro; el corte simétrico conserva todo ese contenido.""}"
Ebook/historia/portadas/ebook-148c1de0d90004d4.webp,,EBOOK,Historia mínima del constitucionalismo en América Latina,"Historia/originales/Historia mínima del constitucionalismo en América Latina - Portillo Valdés, José M..jpg","{""width"": 220, ""height"": 320}","{""width"": 220, ""height"": 320}","{""width"": 220, ""height"": 320}","{""left"": 0, ""top"": 0, ""right"": 0, ""bottom"": 0}","{""box"": [3.3333333333333286, 0.0, 216.66666666666669, 320.0], ""fraction"": 0.030303, ""shift_x"": 0.0, ""shift_y"": 0.0}",3.375,"{""width"": 720, ""height"": 1080}",86,18274,1cf6d7c511c035da21b3f9cd5fb874be203024c9ed0621164556ac87d14c68aa,METADATOS_PENDIENTES,Falta la editorial.; Falta un idioma válido.,
Ebook/historia/portadas/ebook-12ce3edbc4487ab6.webp,,EBOOK,Historia mínima del indigenismo en América Latina,"Historia/originales/Historia mínima del indigenismo en América Latina - Fábregas Puig, Andrés A..jpg","{""width"": 220, ""height"": 320}","{""width"": 220, ""height"": 320}","{""width"": 220, ""height"": 320}","{""left"": 0, ""top"": 0, ""right"": 0, ""bottom"": 0}","{""box"": [3.3333333333333286, 0.0, 216.66666666666669, 320.0], ""fraction"": 0.030303, ""shift_x"": 0.0, ""shift_y"": 0.0}",3.375,"{""width"": 720, ""height"": 1080}",86,34750,a32e3471545b6db52f480dcaf681bca57b01b92a8256f1e39383f3a6bce5f177,METADATOS_PENDIENTES,Falta la editorial.; Falta un idioma válido.,
Ebook/historia/portadas/ebook-dd5fdb63167750a4.webp,,EBOOK,Historia mínima del rock en América Latina,"Historia/originales/Historia mínima del rock en América Latina - Gilbert, Abel - Alabarces, Pablo.jpg","{""width"": 220, ""height"": 320}","{""width"": 220, ""height"": 320}","{""width"": 220, ""height"": 320}","{""left"": 0, ""top"": 0, ""right"": 0, ""bottom"": 0}",,3.375,,,,,REVISION_ENCUADRE,No existe un crop seguro para las marcas protegidas.,
Ebook/historia/portadas/ebook-ef32a36cd03793a4.webp,,EBOOK,La mujer en la historia,"Historia/originales/La mujer en la historia - Bel Bravo, María Antonia.jpg","{""width"": 220, ""height"": 320}","{""width"": 220, ""height"": 320}","{""width"": 220, ""height"": 320}","{""left"": 0, ""top"": 0, ""right"": 0, ""bottom"": 0}","{""box"": [3.3333333333333286, 0.0, 216.66666666666669, 320.0], ""fraction"": 0.030303, ""shift_x"": 0.0, ""shift_y"": 0.0}",3.375,"{""width"": 720, ""height"": 1080}",86,31866,83b6d2fb500092fdc78394500ac89c24aea9423ba59e93ac0bb45545216c984c,METADATOS_PENDIENTES,Falta la editorial.; Falta un idioma válido.,
Ebook/historia/portadas/ebook-0f5000c8bc3a8ecf.webp,,EBOOK,Otra historia de Córdoba,"Historia/originales/Otra historia de Córdoba - Galisteo, Roger.jpg","{""width"": 220, ""height"": 320}","{""width"": 220, ""height"": 320}","{""width"": 220, ""height"": 320}","{""left"": 0, ""top"": 0, ""right"": 0, ""bottom"": 0}","{""box"": [3.3333333333333286, 0.0, 216.66666666666669, 320.0], ""fraction"": 0.030303, ""shift_x"": 0.0, ""shift_y"": 0.0}",3.375,"{""width"": 720, ""height"": 1080}",86,45176,b97d0b7a925eb67c4a986dcb39c1c36ecb1a1a8f5e2d728f5249dbb92ffefbed,METADATOS_PENDIENTES,Falta la editorial.; Falta un idioma válido.,
Ebook/historia/portadas/ebook-784e93586216afb3.webp,,EBOOK,¿Qué es la historia?,Historia/originales/¿Qué es la historia - Azorín.jpg,"{""width"": 220, ""height"": 320}","{""width"": 220, ""height"": 320}","{""width"": 220, ""height"": 320}","{""left"": 0, ""top"": 0, ""right"": 0, ""bottom"": 0}",,3.375,,,,,REVISION_ENCUADRE,No existe un crop seguro para las marcas protegidas.,
Ebook/ciencias-sociales/portadas/ebook-d0cf3f3fed782a4e.webp,,EBOOK,Aproximación a la sociología contemporánea,"Ciencias Sociales/originales/Aproximación a la sociología contemporánea - Tardivo, Giuliano.jpg","{""width"": 220, ""height"": 320}","{""width"": 220, ""height"": 320}","{""width"": 220, ""height"": 320}","{""left"": 0, ""top"": 0, ""right"": 0, ""bottom"": 0}","{""box"": [3.3333333333333286, 0.0, 216.66666666666669, 320.0], ""fraction"": 0.030303, ""shift_x"": 0.0, ""shift_y"": 0.0}",3.375,"{""width"": 720, ""height"": 1080}",86,35632,57f2d1b6ea0ba5fba670613288354493fc6b5fe34a0fdbbc3cd0c12bd0ba7298,METADATOS_PENDIENTES,Falta la editorial.; Falta un idioma válido.,
Ebook/ciencias-sociales/portadas/ebook-430ee8c83d026695.webp,,EBOOK,Ciencias Sociales e investigación social,"Ciencias Sociales/originales/Ciencias Sociales e investigación social - Arteaga Basurto, Carlos; Guillermo Campos y Covarrubias; Bermúdez Sánchez, Roberto.jpg","{""width"": 220, ""height"": 320}","{""width"": 220, ""height"": 320}","{""width"": 220, ""height"": 320}","{""left"": 0, ""top"": 0, ""right"": 0, ""bottom"": 0}",,3.375,,,,,REVISION_ENCUADRE,No existe un crop seguro para las marcas protegidas.,
Ebook/ciencias-sociales/portadas/ebook-711fb68a9d1c1939.webp,,EBOOK,El rombo de las investigaciones de las ciencias sociales,"Ciencias Sociales/originales/El rombo de las investigaciones de las ciencias sociales - Zayas Agüero, Pedro Manuel.jpg","{""width"": 220, ""height"": 320}","{""width"": 220, ""height"": 320}","{""width"": 220, ""height"": 320}","{""left"": 0, ""top"": 0, ""right"": 0, ""bottom"": 0}","{""box"": [3.3333333333333286, 0.0, 216.66666666666669, 320.0], ""fraction"": 0.030303, ""shift_x"": 0.0, ""shift_y"": 0.0}",3.375,"{""width"": 720, ""height"": 1080}",86,21410,8384029381f609a7284dc7721a90140667e7e25fdd5ddd790ff82e6203d2627c,METADATOS_PENDIENTES,Falta la editorial.; Falta un idioma válido.,
Ebook/ciencias-sociales/portadas/ebook-66bb9981c5fff793.webp,,EBOOK,El suicidio: un estudio de sociología,Ciencias Sociales/originales/El suicidio un estudio de sociología - Emile Durkheim.jpg,"{""width"": 220, ""height"": 320}","{""width"": 220, ""height"": 320}","{""width"": 220, ""height"": 320}","{""left"": 0, ""top"": 0, ""right"": 0, ""bottom"": 0}",,3.375,,,,,REVISION_ENCUADRE,No existe un crop seguro para las marcas protegidas.,
Ebook/ciencias-sociales/portadas/ebook-4ac8547af589f7e1.webp,,EBOOK,El uso de la encuesta en las ciencias sociales,Ciencias Sociales/originales/El uso de la encuesta en las ciencias sociales - Aníbal Quispe Limaylla.jpg,"{""width"": 220, ""height"": 320}","{""width"": 220, ""height"": 320}","{""width"": 220, ""height"": 320}","{""left"": 0, ""top"": 0, ""right"": 0, ""bottom"": 0}","{""box"": [1.6833333333333287, 0.0, 215.01666666666668, 320.0], ""fraction"": 0.030303, ""shift_x"": -0.0075, ""shift_y"": 0.0}",3.375,"{""width"": 720, ""height"": 1080}",86,36138,65b4347a7cee2f04d33a2189bcdbd75f9306231c721a3ba6688474067805d2c3,METADATOS_PENDIENTES,Falta la editorial.; Falta un idioma válido.,
Ebook/ciencias-sociales/portadas/ebook-541429bc6acffd71.webp,,EBOOK,Fundamentos de las ciencias sociales,"Ciencias Sociales/originales/Fundamentos de las ciencias sociales - Neurath, Otto.jpg","{""width"": 220, ""height"": 320}","{""width"": 220, ""height"": 320}","{""width"": 220, ""height"": 320}","{""left"": 0, ""top"": 0, ""right"": 0, ""bottom"": 0}","{""box"": [6.666666666666667, 0, 220, 320], ""fraction"": 0.030303, ""shift_x"": 0.015152, ""shift_y"": 0.0}",3.375,"{""width"": 720, ""height"": 1080}",86,49030,c0445dc619639df480f7189c88123d24817005215024d43f01232247c84ccba8,METADATOS_PENDIENTES,Falta la editorial.; Falta un idioma válido.,"{""source_box"": [6.666666666666667, 0, 220, 320], ""coordinate_space"": ""exif_oriented_source_pixels"", ""source_sha256"": ""a408771cad077788394d8a52dd986e9cd277aa1fe18e408668fc5b91610d4ae8"", ""reason"": ""QA independiente y revisión visual de root: el primer contorno significativo de NEURATH está en x=7; la variación en x=6 corresponde al fondo/compresión JPEG y no a un trazo tipográfico visible. El límite izquierdo 20/3=6,6666667 conserva el contorno completo y no recorta la pintura a sangre de la derecha. No se depende del muestreo Lanczos exterior para conservar contenido.""}"
Ebook/ciencias-sociales/portadas/ebook-0d78e2440f6ba335.webp,,EBOOK,Hackear la ciencia social: una invitación a la investigación social en entornos digitales,"Ciencias Sociales/originales/Hackear la ciencia social una invitación a la investigación social en entornos digitales - Morales i Gras, Jordi.jpg","{""width"": 220, ""height"": 320}","{""width"": 220, ""height"": 320}","{""width"": 220, ""height"": 320}","{""left"": 0, ""top"": 0, ""right"": 0, ""bottom"": 0}","{""box"": [3.3333333333333286, 0.0, 216.66666666666669, 320.0], ""fraction"": 0.030303, ""shift_x"": 0.0, ""shift_y"": 0.0}",3.375,"{""width"": 720, ""height"": 1080}",86,39418,6a01a754c671299e18cd960b85c603358972a70646354bbba4033a0018cb415c,METADATOS_PENDIENTES,Falta la editorial.; Falta un idioma válido.,
Ebook/ciencias-sociales/portadas/ebook-5678b52be48215c6.webp,,EBOOK,Identidad profesional y trabajo social: creencias y rituales en ciencias sociales,"Ciencias Sociales/originales/Identidad profesional y trabajo social creencias y rituales en ciencias sociales - Dell'Anno, Amelia; Cao, José Luis; Diéguez, Alberto J..jpg","{""width"": 220, ""height"": 320}","{""width"": 220, ""height"": 320}","{""width"": 220, ""height"": 320}","{""left"": 0, ""top"": 0, ""right"": 0, ""bottom"": 0}",,3.375,,,,,REVISION_ENCUADRE,No existe un crop seguro para las marcas protegidas.,
Ebook/ciencias-sociales/portadas/ebook-9d00fadef403594b.webp,,EBOOK,Introducción a las ciencias sociales,"Ciencias Sociales/originales/Introducción a las ciencias sociales - Arellano Rodríguez, César Augusto.jpg","{""width"": 220, ""height"": 320}","{""width"": 220, ""height"": 320}","{""width"": 220, ""height"": 320}","{""left"": 0, ""top"": 0, ""right"": 0, ""bottom"": 0}",,3.375,,,,,REVISION_ENCUADRE,No existe un crop seguro para las marcas protegidas.,
Ebook/ciencias-sociales/portadas/ebook-997e260c21f258bd.webp,,EBOOK,Invitación a la sociología de la comunicación,"Ciencias Sociales/originales/Invitación a la sociología de la comunicación - Busquet Duran, Jordi; Medina Cambrón, Alfons.jpg","{""width"": 220, ""height"": 320}","{""width"": 220, ""height"": 320}","{""width"": 220, ""height"": 320}","{""left"": 0, ""top"": 0, ""right"": 0, ""bottom"": 0}","{""box"": [3.3333333333333286, 0.0, 216.66666666666669, 320.0], ""fraction"": 0.030303, ""shift_x"": 0.0, ""shift_y"": 0.0}",3.375,"{""width"": 720, ""height"": 1080}",86,36864,ed7c865479a485c5ff91182ac9bce0d2334e6406f7ea8b4ee053a1137f435955,METADATOS_PENDIENTES,Falta la editorial.; Falta un idioma válido.,
Ebook/ciencias-sociales/portadas/ebook-58e7db886eea229e.webp,,EBOOK,La comprensión de lo social: horizonte hermenéutico de las ciencias sociales (3a. ed.),"Ciencias Sociales/originales/La comprensión de lo social horizonte hermenéutico de las ciencias sociales (3a. ed.) - Herrera González, José Darío.jpg","{""width"": 220, ""height"": 320}","{""width"": 220, ""height"": 320}","{""width"": 220, ""height"": 320}","{""left"": 0, ""top"": 0, ""right"": 0, ""bottom"": 0}",,3.375,,,,,REVISION_ENCUADRE,No existe un crop seguro para las marcas protegidas.,
Ebook/ciencias-sociales/portadas/ebook-af244eb94493ca89.webp,,EBOOK,La explicación del comportamiento social: más tuercas y tornillos para las ciencias sociales,"Ciencias Sociales/originales/La explicación del comportamiento social más tuercas y tornillos para las ciencias sociales - Elster, Jon.jpg","{""width"": 220, ""height"": 320}","{""width"": 220, ""height"": 320}","{""width"": 219, ""height"": 320}","{""left"": 0, ""top"": 0, ""right"": 1, ""bottom"": 0}","{""box"": [2.8333333333333286, 0.0, 216.16666666666669, 320.0], ""fraction"": 0.025875, ""shift_x"": 0.0, ""shift_y"": 0.0}",3.375,"{""width"": 720, ""height"": 1080}",86,27902,14035be61c6aad58f14748d32d0f7a13ba5cbe600d4e480b817fdf800eacab66,METADATOS_PENDIENTES,Falta la editorial.; Falta un idioma válido.,
Ebook/ciencias-sociales/portadas/ebook-1a25892f70337822.webp,,EBOOK,La sociología como vocación,"Ciencias Sociales/originales/La sociología como vocación - Alberdi Alonso, Inés.jpg","{""width"": 220, ""height"": 320}","{""width"": 220, ""height"": 320}","{""width"": 220, ""height"": 320}","{""left"": 0, ""top"": 0, ""right"": 0, ""bottom"": 0}","{""box"": [3.3333333333333286, 0.0, 216.66666666666669, 320.0], ""fraction"": 0.030303, ""shift_x"": 0.0, ""shift_y"": 0.0}",3.375,"{""width"": 720, ""height"": 1080}",86,16690,c12642555b78792c796027ef05beb767284a19d81bce8e0dded180ed94138be5,METADATOS_PENDIENTES,Falta la editorial.; Falta un idioma válido.,
Ebook/ciencias-sociales/portadas/ebook-a4d5f0e830d96d37.webp,,EBOOK,Las ciencias sociales en discusión,"Ciencias Sociales/originales/Las ciencias sociales en discusión - Bunge, Mario.jpg","{""width"": 220, ""height"": 320}","{""width"": 220, ""height"": 320}","{""width"": 220, ""height"": 320}","{""left"": 0, ""top"": 0, ""right"": 0, ""bottom"": 0}","{""box"": [3.3333333333333286, 0.0, 216.66666666666669, 320.0], ""fraction"": 0.030303, ""shift_x"": 0.0, ""shift_y"": 0.0}",3.375,"{""width"": 720, ""height"": 1080}",86,62940,ae97df848a1ba4092afe3c61a2d982e96e31ba0febdaf33b643b0039091377e1,METADATOS_PENDIENTES,Falta la editorial.; Falta un idioma válido.,
Ebook/ciencias-sociales/portadas/ebook-a2e0ee3df7a8a02a.webp,,EBOOK,Metodología de las ciencias sociales,"Ciencias Sociales/originales/Metodología de las ciencias sociales - Kaufmann, Felix.jpg","{""width"": 220, ""height"": 320}","{""width"": 220, ""height"": 320}","{""width"": 220, ""height"": 320}","{""left"": 0, ""top"": 0, ""right"": 0, ""bottom"": 0}",,3.375,,,,,REVISION_ENCUADRE,No existe un crop seguro para las marcas protegidas.,
Ebook/ciencias-sociales/portadas/ebook-a5e19a50f4c71684.webp,,EBOOK,Proyectos de investigación en ciencias sociales,"Ciencias Sociales/originales/Proyectos de investigación en ciencias sociales - Marisa D’Aquino; Rodríguez, Ethel.jpg","{""width"": 220, ""height"": 320}","{""width"": 220, ""height"": 320}","{""width"": 220, ""height"": 320}","{""left"": 0, ""top"": 0, ""right"": 0, ""bottom"": 0}","{""box"": [0.5833333333333277, 0.0, 213.91666666666666, 320.0], ""fraction"": 0.030303, ""shift_x"": -0.0125, ""shift_y"": 0.0}",3.375,"{""width"": 720, ""height"": 1080}",86,43418,53ec3364448494cdfd9b71738c7109ca28e6dd7469a31e7cce403cd50430fde8,METADATOS_PENDIENTES,Falta la editorial.; Falta un idioma válido.,
Ebook/ciencias-sociales/portadas/ebook-016c49e894bee2b6.webp,,EBOOK,Sociología de la religión,"Ciencias Sociales/originales/Sociología de la religión - Weber, Max.jpg","{""width"": 220, ""height"": 320}","{""width"": 220, ""height"": 320}","{""width"": 220, ""height"": 320}","{""left"": 0, ""top"": 0, ""right"": 0, ""bottom"": 0}","{""box"": [3.3333333333333286, 0.0, 216.66666666666669, 320.0], ""fraction"": 0.030303, ""shift_x"": 0.0, ""shift_y"": 0.0}",3.375,"{""width"": 720, ""height"": 1080}",86,41560,5eb032eac09e42fb68cd3d354606c0569ad258dfac1ed5a08a45890e01b3676d,METADATOS_PENDIENTES,Falta la editorial.; Falta un idioma válido.,
Ebook/ciencias-sociales/portadas/ebook-cc9f19126ca42ad8.webp,,EBOOK,Sociología de las organizaciones complejas,"Ciencias Sociales/originales/Sociología de las organizaciones complejas - Ruiz Olabuénaga, José Ignacio.jpg","{""width"": 220, ""height"": 320}","{""width"": 220, ""height"": 320}","{""width"": 220, ""height"": 320}","{""left"": 0, ""top"": 0, ""right"": 0, ""bottom"": 0}","{""box"": [3.3333333333333286, 0.0, 216.66666666666669, 320.0], ""fraction"": 0.030303, ""shift_x"": 0.0, ""shift_y"": 0.0}",3.375,"{""width"": 720, ""height"": 1080}",86,39324,a5497ba8f5f5c41dcb691d6c6a81faea26a866fa6d3ced08013dc02190aace0b,METADATOS_PENDIENTES,Falta la editorial.; Falta un idioma válido.,
Ebook/ciencias-sociales/portadas/ebook-57db2b76652d5262.webp,,EBOOK,Sociología de las tendencias,"Ciencias Sociales/originales/Sociología de las tendencias - Erner, Guillaume.jpg","{""width"": 220, ""height"": 320}","{""width"": 220, ""height"": 320}","{""width"": 220, ""height"": 320}","{""left"": 0, ""top"": 0, ""right"": 0, ""bottom"": 0}",,3.375,,,,,REVISION_ENCUADRE,No existe un crop seguro para las marcas protegidas.,
Ebook/ciencias-sociales/portadas/ebook-06e3cbfc2797ff27.webp,,EBOOK,Sociología del mal,"Ciencias Sociales/originales/Sociología del mal - Giner de San Julián, Salvador.jpg","{""width"": 220, ""height"": 320}","{""width"": 220, ""height"": 320}","{""width"": 220, ""height"": 320}","{""left"": 0, ""top"": 0, ""right"": 0, ""bottom"": 0}","{""box"": [3.3333333333333286, 0.0, 216.66666666666669, 320.0], ""fraction"": 0.030303, ""shift_x"": 0.0, ""shift_y"": 0.0}",3.375,"{""width"": 720, ""height"": 1080}",86,29756,079083fdb362443aa11c80a8c1eb591702dc302ed071288ea7d014973a321dd1,METADATOS_PENDIENTES,Falta la editorial.; Falta un idioma válido.,
Ebook/ciencias-sociales/portadas/ebook-c6502880fa22288f.webp,,EBOOK,Sociología del riesgo,"Ciencias Sociales/originales/Sociología del riesgo - Le Breton, David.jpg","{""width"": 220, ""height"": 320}","{""width"": 220, ""height"": 320}","{""width"": 220, ""height"": 320}","{""left"": 0, ""top"": 0, ""right"": 0, ""bottom"": 0}",,3.375,,,,,REVISION_ENCUADRE,No existe un crop seguro para las marcas protegidas.,
Ebook/ciencias-sociales/portadas/ebook-bae0fd5cba9e0efe.webp,,EBOOK,Sociología del saber,Ciencias Sociales/originales/Sociología del saber - Max Scheler.jpg,"{""width"": 220, ""height"": 320}","{""width"": 220, ""height"": 320}","{""width"": 220, ""height"": 320}","{""left"": 0, ""top"": 0, ""right"": 0, ""bottom"": 0}","{""box"": [3.3333333333333286, 0.0, 216.66666666666669, 320.0], ""fraction"": 0.030303, ""shift_x"": 0.0, ""shift_y"": 0.0}",3.375,"{""width"": 720, ""height"": 1080}",86,32180,70351687a006be9716a67cd80d55aa2e858ad0eb336a35846a8294759c240521,METADATOS_PENDIENTES,Falta la editorial.; Falta un idioma válido.,
Ebook/ciencias-sociales/portadas/ebook-51253acb06094152.webp,,EBOOK,Sociología jurídica,"Ciencias Sociales/originales/Sociología jurídica - Hernández, Pedro Pablo.jpg","{""width"": 220, ""height"": 320}","{""width"": 220, ""height"": 320}","{""width"": 220, ""height"": 320}","{""left"": 0, ""top"": 0, ""right"": 0, ""bottom"": 0}","{""box"": [0, 0.0, 213.33333333333334, 320.0], ""fraction"": 0.030303, ""shift_x"": -0.015152, ""shift_y"": 0.0}",3.375,"{""width"": 720, ""height"": 1080}",86,41066,3977629513e6888b3c9f763e840b5cfbb380aae9cdadc91fb225f78c587169ff,METADATOS_PENDIENTES,Falta la editorial.; Falta un idioma válido.,
Ebook/ciencias-sociales/portadas/ebook-a028e089a115927a.webp,,EBOOK,Sociologías de la moda,"Ciencias Sociales/originales/Sociologías de la moda - Mansilla Viedma, Pedro.jpg","{""width"": 220, ""height"": 320}","{""width"": 220, ""height"": 320}","{""width"": 216, ""height"": 320}","{""left"": 2, ""top"": 0, ""right"": 2, ""bottom"": 0}","{""box"": [1.3333333333333286, 0.0, 214.66666666666669, 320.0], ""fraction"": 0.012346, ""shift_x"": 0.0, ""shift_y"": 0.0}",3.375,"{""width"": 720, ""height"": 1080}",86,24164,cca6a04b0e5739a499ed270b6891b0023ab63719b418137c0624bfa80064d13f,METADATOS_PENDIENTES,Falta la editorial.; Falta un idioma válido.,
Ebook/ciencias-sociales/portadas/ebook-abf41cf48407b627.webp,,EBOOK,Tragedia y sociología,"Ciencias Sociales/originales/Tragedia y sociología - Ramos Torre, Ramón.jpg","{""width"": 220, ""height"": 320}","{""width"": 220, ""height"": 320}","{""width"": 219, ""height"": 320}","{""left"": 0, ""top"": 0, ""right"": 1, ""bottom"": 0}","{""box"": [2.8333333333333286, 0.0, 216.16666666666669, 320.0], ""fraction"": 0.025875, ""shift_x"": 0.0, ""shift_y"": 0.0}",3.375,"{""width"": 720, ""height"": 1080}",86,15002,e20f67a9a1e0e64a7ba53bf9eff375afacf3f3fd23d118a66283d7b98cf8e42c,METADATOS_PENDIENTES,Falta la editorial.; Falta un idioma válido.,
Ebook/ciencias/portadas/ebook-a5f63174410bc51e.webp,,EBOOK,Biología cuántica,"Ciencias/originales/Biología cuántica - Miret Artés, Salvador.jpg","{""width"": 220, ""height"": 320}","{""width"": 220, ""height"": 320}","{""width"": 220, ""height"": 320}","{""left"": 0, ""top"": 0, ""right"": 0, ""bottom"": 0}","{""box"": [3.3333333333333286, 0.0, 216.66666666666669, 320.0], ""fraction"": 0.030303, ""shift_x"": 0.0, ""shift_y"": 0.0}",3.375,"{""width"": 720, ""height"": 1080}",86,28730,2377abf961dae386c62673c355b5d7451d826b5ac5d069ce2f032b044596dde3,METADATOS_PENDIENTES,Falta la editorial.; Falta un idioma válido.,
Ebook/ciencias/portadas/ebook-9e0170ed63685c45.webp,,EBOOK,Biología de hongos,"Ciencias/originales/Biología de hongos - Cepero, María Caridad.jpg","{""width"": 220, ""height"": 320}","{""width"": 220, ""height"": 320}","{""width"": 220, ""height"": 320}","{""left"": 0, ""top"": 0, ""right"": 0, ""bottom"": 0}","{""box"": [0, 0.0, 213.33333333333334, 320.0], ""fraction"": 0.030303, ""shift_x"": -0.015152, ""shift_y"": 0.0}",3.375,"{""width"": 720, ""height"": 1080}",86,52156,0483d92211731312dd114a09012896fc8368d362fffb752c76b8441a26365853,METADATOS_PENDIENTES,Falta la editorial.; Falta un idioma válido.,
Ebook/ciencias/portadas/ebook-d7840e6b31b3d97a.webp,,EBOOK,Biología marina,"Ciencias/originales/Biología marina - Penchaszadeh, Pablo.jpg","{""width"": 220, ""height"": 320}","{""width"": 220, ""height"": 320}","{""width"": 220, ""height"": 320}","{""left"": 0, ""top"": 0, ""right"": 0, ""bottom"": 0}",,3.375,,,,,REVISION_ENCUADRE,No existe un crop seguro para las marcas protegidas.,
Ebook/ciencias/portadas/ebook-8598c47d271fd83e.webp,,EBOOK,Biología para ciencias ambientales,"Ciencias/originales/Biología para ciencias ambientales - Pallotti Sagripanti, C. G.; Sanchis Duato, E..jpg","{""width"": 220, ""height"": 320}","{""width"": 220, ""height"": 320}","{""width"": 220, ""height"": 320}","{""left"": 0, ""top"": 0, ""right"": 0, ""bottom"": 0}","{""box"": [3.3333333333333286, 0.0, 216.66666666666669, 320.0], ""fraction"": 0.030303, ""shift_x"": 0.0, ""shift_y"": 0.0}",3.375,"{""width"": 720, ""height"": 1080}",86,28502,1f00d4d3444090f26b0e8206054329cf94b86f1c7a0ab52ff32ab682a4dcd718,METADATOS_PENDIENTES,Falta la editorial.; Falta un idioma válido.,
Ebook/ciencias/portadas/ebook-9fd94e585e52923a.webp,,EBOOK,Ecología química,"Ciencias/originales/Ecología química - Anaya Lang, Ana Luisa.jpg","{""width"": 220, ""height"": 320}","{""width"": 220, ""height"": 320}","{""width"": 220, ""height"": 320}","{""left"": 0, ""top"": 0, ""right"": 0, ""bottom"": 0}","{""box"": [0.5833333333333277, 0.0, 213.91666666666666, 320.0], ""fraction"": 0.030303, ""shift_x"": -0.0125, ""shift_y"": 0.0}",3.375,"{""width"": 720, ""height"": 1080}",86,52418,c88b07e0857ad040e0b2079faa81f702ebe7d7777e24da2a1ae94180e261d79f,METADATOS_PENDIENTES,Falta la editorial.; Falta un idioma válido.,
Ebook/ciencias/portadas/ebook-8fb24cf2a862b3f2.webp,,EBOOK,Física de campos,"Ciencias/originales/Física de campos - Giraldo Tobón, Eugenio.jpg","{""width"": 220, ""height"": 320}","{""width"": 220, ""height"": 320}","{""width"": 220, ""height"": 319}","{""left"": 0, ""top"": 1, ""right"": 0, ""bottom"": 0}",,3.38558,,,,,REVISION_ENCUADRE,No existe un crop seguro para las marcas protegidas.,
Ebook/ciencias/portadas/ebook-406219fdd9361588.webp,,EBOOK,Física de la música,"Ciencias/originales/Física de la música - Félix, Julián.jpg","{""width"": 220, ""height"": 320}","{""width"": 220, ""height"": 320}","{""width"": 220, ""height"": 320}","{""left"": 0, ""top"": 0, ""right"": 0, ""bottom"": 0}","{""box"": [3.3333333333333335, 0, 216.66666666666666, 320], ""fraction"": 0.030303, ""shift_x"": -0.0, ""shift_y"": 0.0}",3.375,"{""width"": 720, ""height"": 1080}",86,69266,6f4e1379b6854112d5e9b20169b8873cfb4d73727a83dafe9e96a49d1a074686,METADATOS_PENDIENTES,Falta la editorial.; Falta un idioma válido.,"{""source_box"": [3.3333333333333335, 0, 216.66666666666666, 320], ""coordinate_space"": ""exif_oriented_source_pixels"", ""source_sha256"": ""cc6549ae424dc1c519bdc09e07683c3cc30364060faa9cdc7d4d1f01520feef1"", ""reason"": ""El título, la fotografía rectangular, la ilustración de pentagrama/instrumento y el nombre del autor están todos insetados. En ambos bordes solo hay textura azul continua sin motivo identificable; quitar 3,3333 px de ese fondo por lado conserva íntegros foto, dibujo y textos.""}"
Ebook/ciencias/portadas/ebook-afdd523836273442.webp,,EBOOK,Física del estado sólido,"Ciencias/originales/Física del estado sólido - Meléndez Martínez, Juan J..jpg","{""width"": 220, ""height"": 320}","{""width"": 220, ""height"": 320}","{""width"": 220, ""height"": 320}","{""left"": 0, ""top"": 0, ""right"": 0, ""bottom"": 0}","{""box"": [6.666666666666657, 0.0, 220.0, 320.0], ""fraction"": 0.030303, ""shift_x"": 0.015152, ""shift_y"": 0.0}",3.375,"{""width"": 720, ""height"": 1080}",86,22996,7966b219bf651f4bb4c5b0366e70d15dd5c4d12a3ab8dabcd3d782275651cdf4,METADATOS_PENDIENTES,Falta la editorial.; Falta un idioma válido.,
Ebook/ciencias/portadas/ebook-a9dc9b16ce0ee11b.webp,,EBOOK,Física experimental,"Ciencias/originales/Física experimental - Ardila, Ángel Miguel.jpg","{""width"": 220, ""height"": 320}","{""width"": 220, ""height"": 320}","{""width"": 220, ""height"": 320}","{""left"": 0, ""top"": 0, ""right"": 0, ""bottom"": 0}","{""box"": [2.783333333333328, 0.0, 216.11666666666667, 320.0], ""fraction"": 0.030303, ""shift_x"": -0.0025, ""shift_y"": 0.0}",3.375,"{""width"": 720, ""height"": 1080}",86,21006,45d8513c57dc8bb90f55e887944ac9ea01ea3d47e44ff787babe076465a3682f,METADATOS_PENDIENTES,Falta la editorial.; Falta un idioma válido.,
Ebook/ciencias/portadas/ebook-4f4ad6da3cd6e43c.webp,,EBOOK,Física fundamental,"Ciencias/originales/Física fundamental - Gómez Espíndola, José del Carmen; González Pineda, Campo Elías; Mayoral Ramírez, César Alberto.jpg","{""width"": 220, ""height"": 320}","{""width"": 220, ""height"": 320}","{""width"": 220, ""height"": 320}","{""left"": 0, ""top"": 0, ""right"": 0, ""bottom"": 0}","{""box"": [6.666666666666657, 0.0, 220.0, 320.0], ""fraction"": 0.030303, ""shift_x"": 0.015152, ""shift_y"": 0.0}",3.375,"{""width"": 720, ""height"": 1080}",86,36814,beda915bf876c46a6ab5095efa9b8495c386f26ab0962e6e802b9cbb9e6f5a46,METADATOS_PENDIENTES,Falta la editorial.; Falta un idioma válido.,
Ebook/ciencias/portadas/ebook-13b69ebb2dc2f526.webp,,EBOOK,Física I,"Ciencias/originales/Física I - Rivera Procuna, Marco Antonio.jpg","{""width"": 220, ""height"": 320}","{""width"": 220, ""height"": 320}","{""width"": 220, ""height"": 320}","{""left"": 0, ""top"": 0, ""right"": 0, ""bottom"": 0}",,3.375,,,,,REVISION_ENCUADRE,No existe un crop seguro para las marcas protegidas.,
Ebook/ciencias/portadas/ebook-1f9df46fd45c2b4e.webp,,EBOOK,Física Mecánica,"Ciencias/originales/Física Mecánica - Agudelo R., Jefersson A.; Castro L., William A; Castro L., Humberto G..jpg","{""width"": 220, ""height"": 320}","{""width"": 220, ""height"": 320}","{""width"": 220, ""height"": 320}","{""left"": 0, ""top"": 0, ""right"": 0, ""bottom"": 0}",,3.375,,,,,REVISION_ENCUADRE,No existe un crop seguro para las marcas protegidas.,
Ebook/ciencias/portadas/ebook-ffd0c6ebbc7e8688.webp,,EBOOK,Física y programación,"Ciencias/originales/Física y programación - Merino Arranz, David; Rossinyol Casals, Emma; Perez-Navarro, Antoni.jpg","{""width"": 220, ""height"": 320}","{""width"": 220, ""height"": 320}","{""width"": 220, ""height"": 320}","{""left"": 0, ""top"": 0, ""right"": 0, ""bottom"": 0}","{""box"": [3.3333333333333286, 0.0, 216.66666666666669, 320.0], ""fraction"": 0.030303, ""shift_x"": 0.0, ""shift_y"": 0.0}",3.375,"{""width"": 720, ""height"": 1080}",86,37844,618a75c8351b9ca894ec64771c23cc2fa9ddeb81f1c60b8e2f08db4450118ab7,METADATOS_PENDIENTES,Falta la editorial.; Falta un idioma válido.,
Ebook/ciencias/portadas/ebook-197928bfdeb8ee42.webp,,EBOOK,Introducción a la física,"Ciencias/originales/Introducción a la física - Lara Barragán Gómez, Antonio; Núñez Trejo, Héctor.jpg","{""width"": 220, ""height"": 320}","{""width"": 220, ""height"": 320}","{""width"": 220, ""height"": 320}","{""left"": 0, ""top"": 0, ""right"": 0, ""bottom"": 0}","{""box"": [6.666666666666657, 0.0, 220.0, 320.0], ""fraction"": 0.030303, ""shift_x"": 0.015152, ""shift_y"": 0.0}",3.375,"{""width"": 720, ""height"": 1080}",86,35168,ef3829174e0c3e7103df8e0191f98b16919c52881bdbb80071c47fe6a4ae033e,METADATOS_PENDIENTES,Falta la editorial.; Falta un idioma válido.,
Ebook/ciencias/portadas/ebook-abfcd8419e8db06e.webp,,EBOOK,La otra física,"Ciencias/originales/La otra física - Martínez Aguirre, Guillermo.jpg","{""width"": 220, ""height"": 320}","{""width"": 220, ""height"": 320}","{""width"": 220, ""height"": 320}","{""left"": 0, ""top"": 0, ""right"": 0, ""bottom"": 0}",,3.375,,,,,REVISION_ENCUADRE,No existe un crop seguro para las marcas protegidas.,
Ebook/ciencias/portadas/ebook-da188f8f613ecae0.webp,,EBOOK,Manual de prácticas de biología,"Ciencias/originales/Manual de prácticas de biología - Mesa Valle, Concepción María; Garrido Cárdenas, José Antonio.jpg","{""width"": 220, ""height"": 320}","{""width"": 220, ""height"": 320}","{""width"": 220, ""height"": 320}","{""left"": 0, ""top"": 0, ""right"": 0, ""bottom"": 0}",,3.375,,,,,REVISION_ENCUADRE,No existe un crop seguro para las marcas protegidas.,
Ebook/ciencias/portadas/ebook-c762152d59020fe6.webp,,EBOOK,Mecánica física,"Ciencias/originales/Mecánica física - Moreno Pérez, Enrique Manuel.jpg","{""width"": 220, ""height"": 320}","{""width"": 220, ""height"": 320}","{""width"": 220, ""height"": 320}","{""left"": 0, ""top"": 0, ""right"": 0, ""bottom"": 0}",,3.375,,,,,REVISION_ENCUADRE,No existe un crop seguro para las marcas protegidas.,
Ebook/ciencias/portadas/ebook-eda72d3f30b30de5.webp,,EBOOK,Nomenclatura química,Ciencias/originales/Nomenclatura química - Hugo Solís Correa.jpg,"{""width"": 220, ""height"": 320}","{""width"": 220, ""height"": 320}","{""width"": 220, ""height"": 320}","{""left"": 0, ""top"": 0, ""right"": 0, ""bottom"": 0}",,3.375,,,,,REVISION_ENCUADRE,No existe un crop seguro para las marcas protegidas.,
Ebook/ciencias/portadas/ebook-80b87603433ba1ab.webp,,EBOOK,Problemas de Física (27a. ed.),"Ciencias/originales/Problemas de Física (27a. ed.) - Burbano García, Enrique; Gracia Muñoz, Carlos.jpg","{""width"": 220, ""height"": 320}","{""width"": 220, ""height"": 320}","{""width"": 220, ""height"": 320}","{""left"": 0, ""top"": 0, ""right"": 0, ""bottom"": 0}","{""box"": [3.3333333333333286, 0.0, 216.66666666666669, 320.0], ""fraction"": 0.030303, ""shift_x"": 0.0, ""shift_y"": 0.0}",3.375,"{""width"": 720, ""height"": 1080}",86,33452,956214e1f8b4258126e8328fdd4538544b9b6c9edcf7b6b094142c7f118d25c6,METADATOS_PENDIENTES,Falta la editorial.; Falta un idioma válido.,
Ebook/ciencias/portadas/ebook-8b380e883015a676.webp,,EBOOK,Química Ambiental,"Ciencias/originales/Química Ambiental - Pasquali, Ricardo Conrado.jpg","{""width"": 220, ""height"": 320}","{""width"": 220, ""height"": 320}","{""width"": 220, ""height"": 320}","{""left"": 0, ""top"": 0, ""right"": 0, ""bottom"": 0}",,3.375,,,,,REVISION_ENCUADRE,No existe un crop seguro para las marcas protegidas.,
Ebook/ciencias/portadas/ebook-d2d6d2bdfba7e8fe.webp,,EBOOK,Química experimental (2a. ed.),"Ciencias/originales/Química experimental (2a. ed.) - Pacheco Espejel, Martha Patricia; Alvarado Arellano, Martha; Sánchez Aguilar, Josefina.jpg","{""width"": 220, ""height"": 320}","{""width"": 220, ""height"": 320}","{""width"": 220, ""height"": 320}","{""left"": 0, ""top"": 0, ""right"": 0, ""bottom"": 0}","{""box"": [3.3333333333333286, 0.0, 216.66666666666669, 320.0], ""fraction"": 0.030303, ""shift_x"": 0.0, ""shift_y"": 0.0}",3.375,"{""width"": 720, ""height"": 1080}",86,51306,80788f22e0b24176eccd89ef4b4aea9803e1c70ddcf8917218049559d76ae68a,METADATOS_PENDIENTES,Falta la editorial.; Falta un idioma válido.,
Ebook/ciencias/portadas/ebook-308a75da2127dc4a.webp,,EBOOK,Química forense,"Ciencias/originales/Química forense - Esteban Santos, Soledad; Cornago Ramírez, María del Pilar.jpg","{""width"": 220, ""height"": 320}","{""width"": 220, ""height"": 320}","{""width"": 220, ""height"": 320}","{""left"": 0, ""top"": 0, ""right"": 0, ""bottom"": 0}",,3.375,,,,,REVISION_ENCUADRE,No existe un crop seguro para las marcas protegidas.,
Ebook/ciencias/portadas/ebook-39051a640e5a8148.webp,,EBOOK,Química orgánica,"Ciencias/originales/Química orgánica - Cabildo Miranda, María del Pilar.jpg","{""width"": 220, ""height"": 320}","{""width"": 220, ""height"": 320}","{""width"": 220, ""height"": 320}","{""left"": 0, ""top"": 0, ""right"": 0, ""bottom"": 0}","{""box"": [3.3333333333333286, 0.0, 216.66666666666669, 320.0], ""fraction"": 0.030303, ""shift_x"": 0.0, ""shift_y"": 0.0}",3.375,"{""width"": 720, ""height"": 1080}",86,36670,d64be50e7abe0ed160137ed9b262a854900327ca56f5ee29a04d345326e4179a,METADATOS_PENDIENTES,Falta la editorial.; Falta un idioma válido.,
Ebook/ciencias/portadas/ebook-0ff4e106cbddcf4e.webp,,EBOOK,Química terrestre,"Ciencias/originales/Química terrestre - Chamizo, Antonio.jpg","{""width"": 220, ""height"": 320}","{""width"": 220, ""height"": 320}","{""width"": 220, ""height"": 320}","{""left"": 0, ""top"": 0, ""right"": 0, ""bottom"": 0}",,3.375,,,,,REVISION_ENCUADRE,No existe un crop seguro para las marcas protegidas.,
Ebook/ciencias/portadas/ebook-7ee673c8049dc35a.webp,,EBOOK,Termodinámica química,"Ciencias/originales/Termodinámica química - Criado-Sancho, Manuel; Casas-Vázquez, José; Jou, David.jpg","{""width"": 220, ""height"": 320}","{""width"": 220, ""height"": 320}","{""width"": 220, ""height"": 320}","{""left"": 0, ""top"": 0, ""right"": 0, ""bottom"": 0}",,3.375,,,,,REVISION_ENCUADRE,No existe un crop seguro para las marcas protegidas.,
Ebook/tecnologia-e-informatica/portadas/ebook-b421ab6f24f50249.webp,,EBOOK,Administración de proyectos de informática,"Tecnología e Informática/originales/Administración de proyectos de informática - Toro López, Francisco J..jpg","{""width"": 220, ""height"": 320}","{""width"": 220, ""height"": 320}","{""width"": 220, ""height"": 320}","{""left"": 0, ""top"": 0, ""right"": 0, ""bottom"": 0}","{""box"": [3.3333333333333286, 0.0, 216.66666666666669, 320.0], ""fraction"": 0.030303, ""shift_x"": 0.0, ""shift_y"": 0.0}",3.375,"{""width"": 720, ""height"": 1080}",86,36946,f4d194dabae6db2d92dbe7bb908ab7f5d7ef430ac925659ced7378f632d467f5,METADATOS_PENDIENTES,Falta la editorial.; Falta un idioma válido.,
Ebook/tecnologia-e-informatica/portadas/ebook-3b19646f87c22f35.webp,,EBOOK,Auditoría de seguridad informática,"Tecnología e Informática/originales/Auditoría de seguridad informática - Gómez Vieites, Álvaro.jpg","{""width"": 220, ""height"": 320}","{""width"": 220, ""height"": 320}","{""width"": 220, ""height"": 320}","{""left"": 0, ""top"": 0, ""right"": 0, ""bottom"": 0}",,3.375,,,,,REVISION_ENCUADRE,No existe un crop seguro para las marcas protegidas.,
Ebook/tecnologia-e-informatica/portadas/ebook-c4de2f37687810e4.webp,,EBOOK,Automatización de procesos industriales: robótica y automática,"Tecnología e Informática/originales/Automatización de procesos industriales robótica y automática - García Moreno, Emilio.jpg","{""width"": 220, ""height"": 320}","{""width"": 220, ""height"": 320}","{""width"": 220, ""height"": 320}","{""left"": 0, ""top"": 0, ""right"": 0, ""bottom"": 0}",,3.375,,,,,REVISION_ENCUADRE,No existe un crop seguro para las marcas protegidas.,
Ebook/tecnologia-e-informatica/portadas/ebook-b5d4231eeb1fa073.webp,,EBOOK,Ciencia de datos con Python,"Tecnología e Informática/originales/Ciencia de datos con Python - Contreras Bravo, Leonardo Emiro; Padilla Beltrán, José Eduardo.jpg","{""width"": 220, ""height"": 320}","{""width"": 220, ""height"": 320}","{""width"": 220, ""height"": 320}","{""left"": 0, ""top"": 0, ""right"": 0, ""bottom"": 0}",,3.375,,,,,REVISION_ENCUADRE,No existe un crop seguro para las marcas protegidas.,
Ebook/tecnologia-e-informatica/portadas/ebook-511334b25fdf3772.webp,,EBOOK,Conceptos de informática,"Tecnología e Informática/originales/Conceptos de informática - Prieto Espinosa, Alberto.jpg","{""width"": 220, ""height"": 320}","{""width"": 220, ""height"": 320}","{""width"": 220, ""height"": 320}","{""left"": 0, ""top"": 0, ""right"": 0, ""bottom"": 0}",,3.375,,,,,REVISION_ENCUADRE,No existe un crop seguro para las marcas protegidas.,
Ebook/tecnologia-e-informatica/portadas/ebook-e221ce7821129ec2.webp,,EBOOK,Criptografía sin secretos con Python,"Tecnología e Informática/originales/Criptografía sin secretos con Python - Arboledas Brihuega, David.jpg","{""width"": 220, ""height"": 320}","{""width"": 220, ""height"": 320}","{""width"": 220, ""height"": 320}","{""left"": 0, ""top"": 0, ""right"": 0, ""bottom"": 0}",,3.375,,,,,REVISION_ENCUADRE,No existe un crop seguro para las marcas protegidas.,
Ebook/tecnologia-e-informatica/portadas/ebook-0657617b175f64ec.webp,,EBOOK,Cómo y cuándo aplicar un robot industrial,Tecnología e Informática/originales/Cómo y cuándo aplicar un robot industrial - Daniel Audí Piera.jpg,"{""width"": 220, ""height"": 320}","{""width"": 220, ""height"": 320}","{""width"": 220, ""height"": 320}","{""left"": 0, ""top"": 0, ""right"": 0, ""bottom"": 0}","{""box"": [3.3333333333333286, 0.0, 216.66666666666669, 320.0], ""fraction"": 0.030303, ""shift_x"": 0.0, ""shift_y"": 0.0}",3.375,"{""width"": 720, ""height"": 1080}",86,35004,9f8667bcf95e65c55a6008c7438042340ed2801f6b7862419d19f15f21cd752c,METADATOS_PENDIENTES,Falta la editorial.; Falta un idioma válido.,
Ebook/tecnologia-e-informatica/portadas/ebook-df981df71d5c210c.webp,,EBOOK,Desarrollo de microservicios con Python,"Tecnología e Informática/originales/Desarrollo de microservicios con Python - Ortega Candel, José Manuel.jpg","{""width"": 220, ""height"": 320}","{""width"": 220, ""height"": 320}","{""width"": 220, ""height"": 320}","{""left"": 0, ""top"": 0, ""right"": 0, ""bottom"": 0}","{""box"": [3.3333333333333286, 0.0, 216.66666666666669, 320.0], ""fraction"": 0.030303, ""shift_x"": 0.0, ""shift_y"": 0.0}",3.375,"{""width"": 720, ""height"": 1080}",86,41902,e1d5bedd237abe679bc338e8760cdcf928ac10bf55e33809ee3b374809561471,METADATOS_PENDIENTES,Falta la editorial.; Falta un idioma válido.,
Ebook/tecnologia-e-informatica/portadas/ebook-dc8d7c20c543a615.webp,,EBOOK,Enciclopedia de la seguridad informática (2a. ed.),"Tecnología e Informática/originales/Enciclopedia de la seguridad informática (2a. ed.) - Gómez Vieites, Álvaro.jpg","{""width"": 220, ""height"": 320}","{""width"": 220, ""height"": 320}","{""width"": 220, ""height"": 307}","{""left"": 0, ""top"": 13, ""right"": 0, ""bottom"": 0}",,3.517915,,,,,REVISION_ENCUADRE,No existe un crop seguro para las marcas protegidas.,
Ebook/tecnologia-e-informatica/portadas/ebook-9a7f987260e27217.webp,,EBOOK,Fundamentos de informática,"Tecnología e Informática/originales/Fundamentos de informática - Weber, Juan.jpg","{""width"": 220, ""height"": 320}","{""width"": 220, ""height"": 320}","{""width"": 220, ""height"": 320}","{""left"": 0, ""top"": 0, ""right"": 0, ""bottom"": 0}","{""box"": [3.3333333333333286, 0.0, 216.66666666666669, 320.0], ""fraction"": 0.030303, ""shift_x"": 0.0, ""shift_y"": 0.0}",3.375,"{""width"": 720, ""height"": 1080}",86,31834,35be0191f4c1839c985be9d77fe59821b17e497bf444864286851dce7f773d81,METADATOS_PENDIENTES,Falta la editorial.; Falta un idioma válido.,
Ebook/tecnologia-e-informatica/portadas/ebook-f21784d4bc1ea6cb.webp,,EBOOK,Fundamentos de robótica (2a. ed.),Tecnología e Informática/originales/Fundamentos de robótica (2a. ed.) - Antonio Barrientos.jpg,"{""width"": 220, ""height"": 320}","{""width"": 220, ""height"": 320}","{""width"": 220, ""height"": 320}","{""left"": 0, ""top"": 0, ""right"": 0, ""bottom"": 0}","{""box"": [6.666666666666657, 0.0, 220.0, 320.0], ""fraction"": 0.030303, ""shift_x"": 0.015152, ""shift_y"": 0.0}",3.375,"{""width"": 720, ""height"": 1080}",86,49918,9378ba8d9f88d5d74f49347735d73323ceaa6c99b54532f2f14816ed3b144ec2,METADATOS_PENDIENTES,Falta la editorial.; Falta un idioma válido.,
Ebook/tecnologia-e-informatica/portadas/ebook-4a202494316268c5.webp,,EBOOK,Fundamentos de robótica y mecatrónica con Matlab© y Simulink©.,"Tecnología e Informática/originales/Fundamentos de robótica y mecatrónica con Matlab© y Simulink©. - Pérez Cisneros, Marco Antonio; Cuevas Jiménez, Erik Valdemar; Zaldívar Navarro, Daniel.jpg","{""width"": 220, ""height"": 320}","{""width"": 220, ""height"": 320}","{""width"": 220, ""height"": 307}","{""left"": 0, ""top"": 13, ""right"": 0, ""bottom"": 0}",,3.517915,,,,,REVISION_ENCUADRE,No existe un crop seguro para las marcas protegidas.,
Ebook/tecnologia-e-informatica/portadas/ebook-9dff083059e77ef7.webp,,EBOOK,Informática básica,"Tecnología e Informática/originales/Informática básica - Requena Peláez, José Miguel.jpg","{""width"": 220, ""height"": 320}","{""width"": 220, ""height"": 320}","{""width"": 220, ""height"": 319}","{""left"": 0, ""top"": 1, ""right"": 0, ""bottom"": 0}",,3.38558,,,,,REVISION_ENCUADRE,No existe un crop seguro para las marcas protegidas.,
Ebook/tecnologia-e-informatica/portadas/ebook-97a48b16ae9ae001.webp,,EBOOK,Informática forense,"Tecnología e Informática/originales/Informática forense - Ortiz, Luis.jpg","{""width"": 220, ""height"": 320}","{""width"": 220, ""height"": 320}","{""width"": 220, ""height"": 320}","{""left"": 0, ""top"": 0, ""right"": 0, ""bottom"": 0}","{""box"": [3.3333333333333286, 0.0, 216.66666666666669, 320.0], ""fraction"": 0.030303, ""shift_x"": 0.0, ""shift_y"": 0.0}",3.375,"{""width"": 720, ""height"": 1080}",86,41342,2a036cbc00f9276b25ea84ac35dddfb83ad09f8ae14ba410cc3dadeef8aa7b34,METADATOS_PENDIENTES,Falta la editorial.; Falta un idioma válido.,
Ebook/tecnologia-e-informatica/portadas/ebook-32440dc88b064518.webp,,EBOOK,Informática industrial,"Tecnología e Informática/originales/Informática industrial - Espinosa Malea, José Manuel.jpg","{""width"": 220, ""height"": 320}","{""width"": 220, ""height"": 320}","{""width"": 220, ""height"": 320}","{""left"": 0, ""top"": 0, ""right"": 0, ""bottom"": 0}",,3.375,,,,,REVISION_ENCUADRE,No existe un crop seguro para las marcas protegidas.,
Ebook/tecnologia-e-informatica/portadas/ebook-95b5acc1678e2d44.webp,,EBOOK,Introducción a la robótica,"Tecnología e Informática/originales/Introducción a la robótica - Torres Vargas, Libia Zoraida.jpg","{""width"": 220, ""height"": 320}","{""width"": 220, ""height"": 320}","{""width"": 220, ""height"": 320}","{""left"": 0, ""top"": 0, ""right"": 0, ""bottom"": 0}",,3.375,,,,,REVISION_ENCUADRE,No existe un crop seguro para las marcas protegidas.,
Ebook/tecnologia-e-informatica/portadas/ebook-ad439734605ce67e.webp,,EBOOK,Mantenimiento de equipos informáticos,"Tecnología e Informática/originales/Mantenimiento de equipos informáticos - Morán Flores, Claudio.jpg","{""width"": 220, ""height"": 320}","{""width"": 220, ""height"": 320}","{""width"": 220, ""height"": 320}","{""left"": 0, ""top"": 0, ""right"": 0, ""bottom"": 0}","{""box"": [3.3333333333333286, 0.0, 216.66666666666669, 320.0], ""fraction"": 0.030303, ""shift_x"": 0.0, ""shift_y"": 0.0}",3.375,"{""width"": 720, ""height"": 1080}",86,15638,04d5f3c2e0afe8cdc42cfe5806bb6b4c7d173182270f473dbe70109812a4f495,METADATOS_PENDIENTES,Falta la editorial.; Falta un idioma válido.,
Ebook/tecnologia-e-informatica/portadas/ebook-6fd0c6be2d7cb387.webp,,EBOOK,Python a fondo,"Tecnología e Informática/originales/Python a fondo - Ramírez Jiménez, Óscar.jpg","{""width"": 220, ""height"": 320}","{""width"": 220, ""height"": 320}","{""width"": 220, ""height"": 320}","{""left"": 0, ""top"": 0, ""right"": 0, ""bottom"": 0}",,3.375,,,,,REVISION_ENCUADRE,No existe un crop seguro para las marcas protegidas.,
Ebook/tecnologia-e-informatica/portadas/ebook-b693693b4c215ab7.webp,,EBOOK,Python paso a paso,"Tecnología e Informática/originales/Python paso a paso - Hinojosa Gutiérrez, Ángel.jpg","{""width"": 220, ""height"": 320}","{""width"": 220, ""height"": 320}","{""width"": 220, ""height"": 320}","{""left"": 0, ""top"": 0, ""right"": 0, ""bottom"": 0}",,3.375,,,,,REVISION_ENCUADRE,No existe un crop seguro para las marcas protegidas.,
Ebook/tecnologia-e-informatica/portadas/ebook-be2c9c93e9b1c8d8.webp,,EBOOK,Robótica y domótica básica con Arduino,"Tecnología e Informática/originales/Robótica y domótica básica con Arduino - Porcuna López, Pedro.jpg","{""width"": 220, ""height"": 320}","{""width"": 220, ""height"": 320}","{""width"": 220, ""height"": 320}","{""left"": 0, ""top"": 0, ""right"": 0, ""bottom"": 0}",,3.375,,,,,REVISION_ENCUADRE,No existe un crop seguro para las marcas protegidas.,
Ebook/tecnologia-e-informatica/portadas/ebook-3b133c6550122dbb.webp,,EBOOK,Seguridad informática,Tecnología e Informática/originales/Seguridad informática - Gema Escrivá Gascó.jpg,"{""width"": 220, ""height"": 320}","{""width"": 220, ""height"": 320}","{""width"": 220, ""height"": 320}","{""left"": 0, ""top"": 0, ""right"": 0, ""bottom"": 0}",,3.375,,,,,REVISION_ENCUADRE,No existe un crop seguro para las marcas protegidas.,
Ebook/tecnologia-e-informatica/portadas/ebook-61d7de82ee40a320.webp,,EBOOK,Tkinter. Desarrollo de interfaces gráficas con Python (2a. ed.),"Tecnología e Informática/originales/Tkinter. Desarrollo de interfaces gráficas con Python (2a. ed.) - Domínguez Mínguez, Tomás.jpg","{""width"": 220, ""height"": 320}","{""width"": 220, ""height"": 320}","{""width"": 220, ""height"": 320}","{""left"": 0, ""top"": 0, ""right"": 0, ""bottom"": 0}","{""box"": [3.3333333333333286, 0.0, 216.66666666666669, 320.0], ""fraction"": 0.030303, ""shift_x"": 0.0, ""shift_y"": 0.0}",3.375,"{""width"": 720, ""height"": 1080}",86,41684,1421991804470861811210e1950b17599e8bfa463c4601c4c0a16a57d32d85a2,METADATOS_PENDIENTES,Falta la editorial.; Falta un idioma válido.,
Ebook/tecnologia-e-informatica/portadas/ebook-72ebb91eb6d24946.webp,,EBOOK,Técnicas de la auditoría informática,"Tecnología e Informática/originales/Técnicas de la auditoría informática - Derrien, Yann.jpg","{""width"": 220, ""height"": 320}","{""width"": 220, ""height"": 320}","{""width"": 220, ""height"": 320}","{""left"": 0, ""top"": 0, ""right"": 0, ""bottom"": 0}","{""box"": [6.666666666666657, 0.0, 220.0, 320.0], ""fraction"": 0.030303, ""shift_x"": 0.015152, ""shift_y"": 0.0}",3.375,"{""width"": 720, ""height"": 1080}",86,32356,6feefd6a527d63dd769ca5fdceacaaf1a6693bb64374cb788dec10c07e1209c3,METADATOS_PENDIENTES,Falta la editorial.; Falta un idioma válido.,
Ebook/tecnologia-e-informatica/portadas/ebook-763f894fbc73a7b8.webp,,EBOOK,Una historia de la informática,"Tecnología e Informática/originales/Una historia de la informática - Barceló García, Miquel.jpg","{""width"": 220, ""height"": 320}","{""width"": 220, ""height"": 320}","{""width"": 220, ""height"": 320}","{""left"": 0, ""top"": 0, ""right"": 0, ""bottom"": 0}",,3.375,,,,,REVISION_ENCUADRE,No existe un crop seguro para las marcas protegidas.,
Ebook/tecnologia-e-informatica/portadas/ebook-b72cd0aa79f9f119.webp,,EBOOK,Visión artificial: aplicaciones prácticas con OpenCV - Python,"Tecnología e Informática/originales/Visión artificial aplicaciones prácticas con OpenCV - Python - Domínguez Mínguez, Tomás.jpg","{""width"": 220, ""height"": 320}","{""width"": 220, ""height"": 320}","{""width"": 220, ""height"": 320}","{""left"": 0, ""top"": 0, ""right"": 0, ""bottom"": 0}",,3.375,,,,,REVISION_ENCUADRE,No existe un crop seguro para las marcas protegidas.,
Ebook/Matematicas/portadas/ebook-a0afc19150ca51a9.webp,,EBOOK,Análisis matemático,"Matemáticas/originales/Análisis matemático - Roca Martínez, Alicia; Jornet, David; Montesinos Santalucia, Vicente.jpg","{""width"": 220, ""height"": 320}","{""width"": 220, ""height"": 320}","{""width"": 220, ""height"": 320}","{""left"": 0, ""top"": 0, ""right"": 0, ""bottom"": 0}","{""box"": [3.3333333333333286, 0.0, 216.66666666666669, 320.0], ""fraction"": 0.030303, ""shift_x"": 0.0, ""shift_y"": 0.0}",3.375,"{""width"": 720, ""height"": 1080}",86,46608,58dd5140a39b22b39ff8c96e2d50c40bbc803c843e06bda6a249bd188b1a7433,METADATOS_PENDIENTES,Falta la editorial.; Falta un idioma válido.,
Ebook/Matematicas/portadas/ebook-714897609843648e.webp,,EBOOK,Análisis matemático,"Matemáticas/originales/Análisis matemático - Takeuchi, Yu.jpg","{""width"": 220, ""height"": 320}","{""width"": 220, ""height"": 320}","{""width"": 220, ""height"": 320}","{""left"": 0, ""top"": 0, ""right"": 0, ""bottom"": 0}","{""box"": [0, 0.0, 213.33333333333334, 320.0], ""fraction"": 0.030303, ""shift_x"": -0.015152, ""shift_y"": 0.0}",3.375,"{""width"": 720, ""height"": 1080}",86,20466,a635647e9da1b2cf73503b0c3c7dfc41d61184352121f74aa0944fcaf04ca6ac,METADATOS_PENDIENTES,Falta la editorial.; Falta un idioma válido.,
Ebook/Matematicas/portadas/ebook-1ea8ad86ccd7e8c0.webp,,EBOOK,El cerebro de los matemáticos,"Matemáticas/originales/El cerebro de los matemáticos - Ruelle, David.jpg","{""width"": 220, ""height"": 320}","{""width"": 220, ""height"": 320}","{""width"": 220, ""height"": 320}","{""left"": 0, ""top"": 0, ""right"": 0, ""bottom"": 0}",,3.375,,,,,REVISION_ENCUADRE,No existe un crop seguro para las marcas protegidas.,
Ebook/Matematicas/portadas/ebook-4c43b7b6b2f7d801.webp,,EBOOK,Estadística matemática,"Matemáticas/originales/Estadística matemática - Cepeda Cuervo, Edilberto.jpg","{""width"": 220, ""height"": 320}","{""width"": 220, ""height"": 320}","{""width"": 220, ""height"": 320}","{""left"": 0, ""top"": 0, ""right"": 0, ""bottom"": 0}","{""box"": [3.3333333333333286, 0.0, 216.66666666666669, 320.0], ""fraction"": 0.030303, ""shift_x"": 0.0, ""shift_y"": 0.0}",3.375,"{""width"": 720, ""height"": 1080}",86,21502,dd71e85f0e2b340d3a65d902d55006155d195517251343c4fe12599ca0e85c19,METADATOS_PENDIENTES,Falta la editorial.; Falta un idioma válido.,
Ebook/Matematicas/portadas/ebook-e7ad27a2d7986fb8.webp,,EBOOK,Fundamentos de matemáticas,"Matemáticas/originales/Fundamentos de matemáticas - Zalamea Traba, Fernando.jpg","{""width"": 220, ""height"": 320}","{""width"": 220, ""height"": 320}","{""width"": 220, ""height"": 320}","{""left"": 0, ""top"": 0, ""right"": 0, ""bottom"": 0}","{""box"": [1.0, 0.0, 214.33333333333334, 320.0], ""fraction"": 0.030303, ""shift_x"": -0.010606, ""shift_y"": 0.0}",3.375,"{""width"": 720, ""height"": 1080}",86,24820,2dda50c069e44ffec3c4113e18080f07dad2dd93599efef1c6a450e02597a061,METADATOS_PENDIENTES,Falta la editorial.; Falta un idioma válido.,"{""source_box"": [1.0, 0.0, 214.33333333333334, 320.0], ""coordinate_space"": ""exif_oriented_source_pixels"", ""source_sha256"": ""aba68f23f78b91e3c6c5be85bfb7da2e7e9c20ea68652184db02d16d85aecec4"", ""reason"": ""Se retira 1 px del fondo azul del borde izquierdo y 5,6667 px del fondo verde derecho. La inspección ampliada por columnas conserva las letras verticales de Colección, los extremos del título, el bloque azul, la estampilla y ambos logotipos; las franjas retiradas no contienen trazos identificables.""}"
Ebook/Matematicas/portadas/ebook-47d0e535b02ad600.webp,,EBOOK,Iniciación a las matemáticas,Matemáticas/originales/Iniciación a las matemáticas - Juan Manuel García Dozagarat; Fernando Alonso Molina.jpg,"{""width"": 220, ""height"": 320}","{""width"": 220, ""height"": 320}","{""width"": 220, ""height"": 320}","{""left"": 0, ""top"": 0, ""right"": 0, ""bottom"": 0}","{""box"": [0.0, 0.0, 213.33333333333334, 320.0], ""fraction"": 0.030303, ""shift_x"": -0.015152, ""shift_y"": 0.0}",3.375,"{""width"": 720, ""height"": 1080}",86,16736,ec90efc8b0dc80ea5b971bbbd220b566f558b5bad19691d9b412bb9a5853dcdc,METADATOS_PENDIENTES,Falta la editorial.; Falta un idioma válido.,"{""source_box"": [0.0, 0.0, 213.33333333333334, 320.0], ""coordinate_space"": ""exif_oriented_source_pixels"", ""source_sha256"": ""72415bf7e56ac081194fc23727d1a0ec54b8f50f51d6826e014f7d3e033570b6"", ""reason"": ""Se retiran exclusivamente los 6,6667 px derechos de margen blanco. La banda azul redondeada, su regla roja, el texto educación.es y los demás elementos terminan antes de x=213,3333; se conserva intacto el lateral izquierdo con emblemas a sangre.""}"
Ebook/Matematicas/portadas/ebook-0bb555fed263f27e.webp,,EBOOK,Introducción a las matemáticas,"Matemáticas/originales/Introducción a las matemáticas - Arévalo Ovalle, Diego; Zambrano Valentín, Martha Helena; Chappe Chappe, Angélica.jpg","{""width"": 220, ""height"": 320}","{""width"": 220, ""height"": 320}","{""width"": 220, ""height"": 320}","{""left"": 0, ""top"": 0, ""right"": 0, ""bottom"": 0}","{""box"": [6.666666666666657, 0.0, 220.0, 320.0], ""fraction"": 0.030303, ""shift_x"": 0.015152, ""shift_y"": 0.0}",3.375,"{""width"": 720, ""height"": 1080}",86,39800,b990f416317029f7a73cc67304a91f675d421d6a91803a21bb23a12146efb207,METADATOS_PENDIENTES,Falta la editorial.; Falta un idioma válido.,
Ebook/Matematicas/portadas/ebook-130f04b7f33dfe76.webp,,EBOOK,Las matemáticas de la luz,"Matemáticas/originales/Las matemáticas de la luz - Timón, Ágata; León, Manuel de.jpg","{""width"": 220, ""height"": 320}","{""width"": 220, ""height"": 320}","{""width"": 220, ""height"": 320}","{""left"": 0, ""top"": 0, ""right"": 0, ""bottom"": 0}","{""box"": [3.3333333333333286, 0.0, 216.66666666666669, 320.0], ""fraction"": 0.030303, ""shift_x"": 0.0, ""shift_y"": 0.0}",3.375,"{""width"": 720, ""height"": 1080}",86,44082,12169133b04cf14e8ed8ebe7d28ed062b0be336477140f74a80a7efb98083c70,METADATOS_PENDIENTES,Falta la editorial.; Falta un idioma válido.,
Ebook/Matematicas/portadas/ebook-eca4b568c194b9d0.webp,,EBOOK,Las matemáticas de los cristales,"Matemáticas/originales/Las matemáticas de los cristales - León, Manuel de; Timón, Ágata.jpg","{""width"": 220, ""height"": 320}","{""width"": 220, ""height"": 320}","{""width"": 220, ""height"": 320}","{""left"": 0, ""top"": 0, ""right"": 0, ""bottom"": 0}","{""box"": [3.3333333333333286, 0.0, 216.66666666666669, 320.0], ""fraction"": 0.030303, ""shift_x"": 0.0, ""shift_y"": 0.0}",3.375,"{""width"": 720, ""height"": 1080}",86,55068,89dfe0bb7b0016671b5e1b3d8f79b251587221f4199d570bd65f42ee2dfeed23,METADATOS_PENDIENTES,Falta la editorial.; Falta un idioma válido.,"{""source_box"": [3.3333333333333286, 0.0, 216.66666666666669, 320.0], ""coordinate_space"": ""exif_oriented_source_pixels"", ""source_sha256"": ""adbeb04602c54f8fa9924b542b888454ca3f1bb8cf234034097b356c50da2cbf"", ""reason"": ""El recorte centrado quita únicamente 3,3333 px blancos por lado. Se comprobaron ampliados los dos extremos horizontales del cristal, que quedan dentro del encuadre; título, autores y los dos logotipos inferiores permanecen completos.""}"
Ebook/Matematicas/portadas/ebook-f8eb2117edbe4873.webp,,EBOOK,Las matemáticas de nuestra vida,"Matemáticas/originales/Las matemáticas de nuestra vida - Sepulcre Martínez, Juan Matías; Segura Abad, Lorena; Mulero González, Julio.jpg","{""width"": 220, ""height"": 320}","{""width"": 220, ""height"": 320}","{""width"": 220, ""height"": 320}","{""left"": 0, ""top"": 0, ""right"": 0, ""bottom"": 0}","{""box"": [3.3333333333333286, 0.0, 216.66666666666669, 320.0], ""fraction"": 0.030303, ""shift_x"": 0.0, ""shift_y"": 0.0}",3.375,"{""width"": 720, ""height"": 1080}",86,35152,43612a5f46cc52564d6e9ce3e4c698f3bac92a56194c778c7c36814be9784964,METADATOS_PENDIENTES,Falta la editorial.; Falta un idioma válido.,
Ebook/Matematicas/portadas/ebook-dc02b5a84a5bfb29.webp,,EBOOK,Las matemáticas ocultas,"Matemáticas/originales/Las matemáticas ocultas - Jamet, Robin.jpg","{""width"": 220, ""height"": 320}","{""width"": 220, ""height"": 320}","{""width"": 219, ""height"": 320}","{""left"": 1, ""top"": 0, ""right"": 0, ""bottom"": 0}","{""box"": [2.8333333333333286, 0.0, 216.16666666666669, 320.0], ""fraction"": 0.025875, ""shift_x"": 0.0, ""shift_y"": 0.0}",3.375,"{""width"": 720, ""height"": 1080}",86,36168,ce33116a73861ef3fd468b702be5d86c23698bad79ec232f511173896e30c07a,METADATOS_PENDIENTES,Falta la editorial.; Falta un idioma válido.,
Ebook/Matematicas/portadas/ebook-d3d40c615e3ed52f.webp,,EBOOK,Lo imposible en matemáticas,"Matemáticas/originales/Lo imposible en matemáticas - Prieto de Castro, Carlos.jpg","{""width"": 220, ""height"": 320}","{""width"": 220, ""height"": 320}","{""width"": 220, ""height"": 320}","{""left"": 0, ""top"": 0, ""right"": 0, ""bottom"": 0}","{""box"": [0, 0.0, 213.33333333333334, 320.0], ""fraction"": 0.030303, ""shift_x"": -0.015152, ""shift_y"": 0.0}",3.375,"{""width"": 720, ""height"": 1080}",86,54196,fdb50b221f8742173b68275e3e485a432265b36491c7dffea81b50d8e180c6e6,METADATOS_PENDIENTES,Falta la editorial.; Falta un idioma válido.,
Ebook/Matematicas/portadas/ebook-15350b11c44ff8b9.webp,,EBOOK,Matemática 1,"Matemáticas/originales/Matemática 1 - Ayarza, Mercedes; Reyna, Juliana; Tuffilaro, Darío.jpg","{""width"": 220, ""height"": 320}","{""width"": 220, ""height"": 320}","{""width"": 220, ""height"": 320}","{""left"": 0, ""top"": 0, ""right"": 0, ""bottom"": 0}",,3.375,,,,,REVISION_ENCUADRE,No existe un crop seguro para las marcas protegidas.,
Ebook/Matematicas/portadas/ebook-f92c6a802890688d.webp,,EBOOK,Matemática en espiral,"Matemáticas/originales/Matemática en espiral - Falconí Asanza, Aldo; Hernández Crespo, Franco Manuel.jpg","{""width"": 220, ""height"": 320}","{""width"": 220, ""height"": 320}","{""width"": 220, ""height"": 320}","{""left"": 0, ""top"": 0, ""right"": 0, ""bottom"": 0}","{""box"": [2.783333333333328, 0.0, 216.11666666666667, 320.0], ""fraction"": 0.030303, ""shift_x"": -0.0025, ""shift_y"": 0.0}",3.375,"{""width"": 720, ""height"": 1080}",86,62300,602d19f2051a10b0b7c256cd3f943e2d8bf57ae890302552e1d6472524d629f5,METADATOS_PENDIENTES,Falta la editorial.; Falta un idioma válido.,
Ebook/Matematicas/portadas/ebook-ecb575e0c500e089.webp,,EBOOK,Matemática estructural,"Matemáticas/originales/Matemática estructural - Forero Cuervo, Andrés.jpg","{""width"": 220, ""height"": 320}","{""width"": 220, ""height"": 320}","{""width"": 220, ""height"": 320}","{""left"": 0, ""top"": 0, ""right"": 0, ""bottom"": 0}","{""box"": [3.3333333333333286, 0.0, 216.66666666666669, 320.0], ""fraction"": 0.030303, ""shift_x"": 0.0, ""shift_y"": 0.0}",3.375,"{""width"": 720, ""height"": 1080}",86,37082,e67d4964b228d5d977646edaeea3a96fa94cd07a2305dec08aef94134feb5825,METADATOS_PENDIENTES,Falta la editorial.; Falta un idioma válido.,
Ebook/Matematicas/portadas/ebook-0d6f86c43e244bb7.webp,,EBOOK,Matemática para Iñaki,"Matemáticas/originales/Matemática para Iñaki - Zalduendo, Ignacio.jpg","{""width"": 220, ""height"": 320}","{""width"": 220, ""height"": 320}","{""width"": 220, ""height"": 320}","{""left"": 0, ""top"": 0, ""right"": 0, ""bottom"": 0}",,3.375,,,,,REVISION_ENCUADRE,No existe un crop seguro para las marcas protegidas.,
Ebook/Matematicas/portadas/ebook-7ec1ff8d2f6b4fcb.webp,,EBOOK,Matemáticas 3 (2a. ed.),"Matemáticas/originales/Matemáticas 3 (2a. ed.) - Ortiz Campos, Francisco José.jpg","{""width"": 220, ""height"": 320}","{""width"": 220, ""height"": 320}","{""width"": 220, ""height"": 320}","{""left"": 0, ""top"": 0, ""right"": 0, ""bottom"": 0}",,3.375,,,,,REVISION_ENCUADRE,No existe un crop seguro para las marcas protegidas.,
Ebook/Matematicas/portadas/ebook-b42b2fb3938194aa.webp,,EBOOK,Matemáticas 4 (2a. ed.),"Matemáticas/originales/Matemáticas 4 (2a. ed.) - Ortiz Campos, Francisco José; Ortiz Cerecedo, Fernando José.jpg","{""width"": 220, ""height"": 320}","{""width"": 220, ""height"": 320}","{""width"": 220, ""height"": 320}","{""left"": 0, ""top"": 0, ""right"": 0, ""bottom"": 0}",,3.375,,,,,REVISION_ENCUADRE,No existe un crop seguro para las marcas protegidas.,
Ebook/Matematicas/portadas/ebook-72e8b24c014f4562.webp,,EBOOK,Matemáticas aplicadas. Ámbito de ciencias aplicadas,"Matemáticas/originales/Matemáticas aplicadas. Ámbito de ciencias aplicadas - Docampo Naray, María Isabel; Fraga Paz, Rebeca.jpg","{""width"": 220, ""height"": 320}","{""width"": 220, ""height"": 320}","{""width"": 220, ""height"": 320}","{""left"": 0, ""top"": 0, ""right"": 0, ""bottom"": 0}",,3.375,,,,,REVISION_ENCUADRE,No existe un crop seguro para las marcas protegidas.,
Ebook/Matematicas/portadas/ebook-cf9e385abf059d32.webp,,EBOOK,Matemáticas básicas,Matemáticas/originales/Matemáticas básicas - Falcón Santana Sergio.jpg,"{""width"": 220, ""height"": 320}","{""width"": 220, ""height"": 320}","{""width"": 220, ""height"": 320}","{""left"": 0, ""top"": 0, ""right"": 0, ""bottom"": 0}",,3.375,,,,,REVISION_ENCUADRE,No existe un crop seguro para las marcas protegidas.,
Ebook/Matematicas/portadas/ebook-b2ba6d8bffd99663.webp,,EBOOK,Matemáticas básicas (4a. ed.),"Matemáticas/originales/Matemáticas básicas (4a. ed.) - Escudero Trujillo, Rafael.jpg","{""width"": 220, ""height"": 320}","{""width"": 220, ""height"": 320}","{""width"": 220, ""height"": 320}","{""left"": 0, ""top"": 0, ""right"": 0, ""bottom"": 0}","{""box"": [6.666666666666657, 0.0, 220.0, 320.0], ""fraction"": 0.030303, ""shift_x"": 0.015152, ""shift_y"": 0.0}",3.375,"{""width"": 720, ""height"": 1080}",86,42392,b171e32573ef4a11acdacafe0f237f01652b41734056fb07c0a9f396f251868a,METADATOS_PENDIENTES,Falta la editorial.; Falta un idioma válido.,
Ebook/Matematicas/portadas/ebook-8c07a729adc3d280.webp,,EBOOK,Matemáticas para informática,"Matemáticas/originales/Matemáticas para informática - Gutiérrez García, Ismael.jpg","{""width"": 220, ""height"": 320}","{""width"": 220, ""height"": 320}","{""width"": 220, ""height"": 320}","{""left"": 0, ""top"": 0, ""right"": 0, ""bottom"": 0}",,3.375,,,,,REVISION_ENCUADRE,No existe un crop seguro para las marcas protegidas.,
Ebook/Matematicas/portadas/ebook-09619af9e3ab2239.webp,,EBOOK,Matemáticas y ajedrez,"Matemáticas/originales/Matemáticas y ajedrez - Iagar, Razvan Gabriel.jpg","{""width"": 220, ""height"": 320}","{""width"": 220, ""height"": 320}","{""width"": 220, ""height"": 320}","{""left"": 0, ""top"": 0, ""right"": 0, ""bottom"": 0}",,3.375,,,,,REVISION_ENCUADRE,No existe un crop seguro para las marcas protegidas.,
Ebook/Matematicas/portadas/ebook-c2773c7db8f50e89.webp,,EBOOK,Pensar en la matemática,"Matemáticas/originales/Pensar en la matemática - Lorenzo Martínez, Javier de.jpg","{""width"": 220, ""height"": 320}","{""width"": 220, ""height"": 320}","{""width"": 220, ""height"": 320}","{""left"": 0, ""top"": 0, ""right"": 0, ""bottom"": 0}","{""box"": [3.8833333333333275, 0.0, 217.21666666666667, 320.0], ""fraction"": 0.030303, ""shift_x"": 0.0025, ""shift_y"": 0.0}",3.375,"{""width"": 720, ""height"": 1080}",86,17760,5b39c0f5ef04394cd21e4dac654e3270a16559a0f6fc1b7586d2f7a0227c78b4,METADATOS_PENDIENTES,Falta la editorial.; Falta un idioma válido.,
Ebook/Matematicas/portadas/ebook-bb9d3378a4165548.webp,,EBOOK,Vivir las matemáticas (4a. ed.),"Matemáticas/originales/Vivir las matemáticas (4a. ed.) - Canals Tolosa, Maria Antònia.jpg","{""width"": 220, ""height"": 320}","{""width"": 220, ""height"": 320}","{""width"": 220, ""height"": 320}","{""left"": 0, ""top"": 0, ""right"": 0, ""bottom"": 0}",,3.375,,,,,REVISION_ENCUADRE,No existe un crop seguro para las marcas protegidas.,
Ebook/medicina/portadas/ebook-36d210b116c5c9e4.webp,,EBOOK,Anatomía general,"Medicina/originales/Anatomía general - Gutiérrez, Francisco.jpg","{""width"": 220, ""height"": 320}","{""width"": 220, ""height"": 320}","{""width"": 220, ""height"": 312}","{""left"": 0, ""top"": 8, ""right"": 0, ""bottom"": 0}","{""box"": [6.0, 0.0, 214.0, 312.0], ""fraction"": 0.054545, ""shift_x"": 0.0, ""shift_y"": 0.0}",3.461538,"{""width"": 720, ""height"": 1080}",86,15170,9e3687e0be51ce9e3972acd55a5643e1afff3344469d5a5ceab134c5eb61584b,METADATOS_PENDIENTES,Falta la editorial.; Falta un idioma válido.,
Ebook/medicina/portadas/ebook-1c235256963e8c69.webp,,EBOOK,Anatomía y fisiología humana (2a. ed.),"Medicina/originales/Anatomía y fisiología humana (2a. ed.) - Le Vay, David.jpg","{""width"": 220, ""height"": 320}","{""width"": 220, ""height"": 320}","{""width"": 220, ""height"": 320}","{""left"": 0, ""top"": 0, ""right"": 0, ""bottom"": 0}",,3.375,,,,,REVISION_ENCUADRE,No existe un crop seguro para las marcas protegidas.,
Ebook/medicina/portadas/ebook-717238e38e907656.webp,,EBOOK,Aprenda medicina sonriendo... (2a. ed.),"Medicina/originales/Aprenda medicina sonriendo... (2a. ed.) - Ruiz Speare, José Octavio; Alberto Barrón Vargas.jpg","{""width"": 220, ""height"": 320}","{""width"": 220, ""height"": 320}","{""width"": 220, ""height"": 320}","{""left"": 0, ""top"": 0, ""right"": 0, ""bottom"": 0}",,3.375,,,,,REVISION_ENCUADRE,No existe un crop seguro para las marcas protegidas.,
Ebook/medicina/portadas/ebook-8bacb70c2a10b291.webp,,EBOOK,Bioquímica para Medicina,"Medicina/originales/Bioquímica para Medicina - Araque Marín, Pedronel.jpg","{""width"": 220, ""height"": 320}","{""width"": 220, ""height"": 320}","{""width"": 220, ""height"": 320}","{""left"": 0, ""top"": 0, ""right"": 0, ""bottom"": 0}","{""box"": [3.3333333333333286, 0.0, 216.66666666666669, 320.0], ""fraction"": 0.030303, ""shift_x"": 0.0, ""shift_y"": 0.0}",3.375,"{""width"": 720, ""height"": 1080}",86,54766,37d3bf68f548251c0206fad7b927a3ddf72d5697e1ca494c4b989fb8c396e90f,METADATOS_PENDIENTES,Falta la editorial.; Falta un idioma válido.,
Ebook/medicina/portadas/ebook-1013c1955d12bfac.webp,,EBOOK,Biotecnología aplicada a la medicina,"Medicina/originales/Biotecnología aplicada a la medicina - Tresguerres, Jesús Ángel; Martínez Fernández, Vicente; Navas Serrano, Víctor.jpg","{""width"": 220, ""height"": 320}","{""width"": 220, ""height"": 320}","{""width"": 220, ""height"": 320}","{""left"": 0, ""top"": 0, ""right"": 0, ""bottom"": 0}","{""box"": [3.3333333333333286, 0.0, 216.66666666666669, 320.0], ""fraction"": 0.030303, ""shift_x"": 0.0, ""shift_y"": 0.0}",3.375,"{""width"": 720, ""height"": 1080}",86,57686,0fbeab76ed9dbfcc7073b10821059f68587b0bfb63ee346de8083197f5027cf3,METADATOS_PENDIENTES,Falta la editorial.; Falta un idioma válido.,"{""source_box"": [3.3333333333333286, 0.0, 216.66666666666669, 320.0], ""coordinate_space"": ""exif_oriented_source_pixels"", ""source_sha256"": ""fb3c7622ffc74a1a77e2ef81114493a1bdf6425cbde88537b387120453d14ccd"", ""reason"": ""El recorte centrado retira 3,3333 px por lado de textura continua de fondo beige, sin sujeto, objeto, trazo ornamental ni marco identificable en esas franjas. La ampliación confirma que el título, autores y logotipo quedan íntegros y separados del límite; solo cambia una porción diminuta del fondo repetitivo.""}"
Ebook/medicina/portadas/ebook-2ac65a32c913b4fc.webp,,EBOOK,Cómo estudiar anatomía,Medicina/originales/Cómo estudiar anatomía - Emilio Martínez Marrero.jpg,"{""width"": 220, ""height"": 320}","{""width"": 220, ""height"": 320}","{""width"": 220, ""height"": 320}","{""left"": 0, ""top"": 0, ""right"": 0, ""bottom"": 0}",,3.375,,,,,REVISION_ENCUADRE,No existe un crop seguro para las marcas protegidas.,
Ebook/medicina/portadas/ebook-732305bbd6f1cb11.webp,,EBOOK,Diccionario etimológico de medicina,"Medicina/originales/Diccionario etimológico de medicina - Segura Munguía, Santiago.jpg","{""width"": 220, ""height"": 320}","{""width"": 220, ""height"": 320}","{""width"": 220, ""height"": 320}","{""left"": 0, ""top"": 0, ""right"": 0, ""bottom"": 0}","{""box"": [3.3333333333333286, 0.0, 216.66666666666669, 320.0], ""fraction"": 0.030303, ""shift_x"": 0.0, ""shift_y"": 0.0}",3.375,"{""width"": 720, ""height"": 1080}",86,27634,92bef533d43eb388375fddd1cf9f62d73790a6a868f0266248d6b51c478e0028,METADATOS_PENDIENTES,Falta la editorial.; Falta un idioma válido.,
Ebook/medicina/portadas/ebook-3adc3af0416192dc.webp,,EBOOK,El ABC de la medicina interna,"Medicina/originales/El ABC de la medicina interna - Moreno Sánchez, Francisco; Jáuregui Camargo, Laura; Halabe Cherem, José.jpg","{""width"": 220, ""height"": 320}","{""width"": 220, ""height"": 320}","{""width"": 220, ""height"": 320}","{""left"": 0, ""top"": 0, ""right"": 0, ""bottom"": 0}","{""box"": [4.983333333333329, 0.0, 218.31666666666666, 320.0], ""fraction"": 0.030303, ""shift_x"": 0.0075, ""shift_y"": 0.0}",3.375,"{""width"": 720, ""height"": 1080}",86,52832,4a54fe4ac78f0bafcd6242d0abe47afcd318d9f5960cd988bb30d6d7a3324373,METADATOS_PENDIENTES,Falta la editorial.; Falta un idioma válido.,
Ebook/medicina/portadas/ebook-02ab3e1a2d1bf720.webp,,EBOOK,El lenguaje de la medicina,"Medicina/originales/El lenguaje de la medicina - Sarmiento González, Ramón; Vilches Vivancos, Fernando.jpg","{""width"": 220, ""height"": 320}","{""width"": 220, ""height"": 320}","{""width"": 220, ""height"": 320}","{""left"": 0, ""top"": 0, ""right"": 0, ""bottom"": 0}","{""box"": [3.3333333333333286, 0.0, 216.66666666666669, 320.0], ""fraction"": 0.030303, ""shift_x"": 0.0, ""shift_y"": 0.0}",3.375,"{""width"": 720, ""height"": 1080}",86,29722,9a62dd0758d882aa7b62af635d16b5b66189068317834dd36bbd19f33101852b,METADATOS_PENDIENTES,Falta la editorial.; Falta un idioma válido.,
Ebook/medicina/portadas/ebook-a9d3e8cac852073e.webp,,EBOOK,Electrocardiografía en medicina prehospitalaria,"Medicina/originales/Electrocardiografía en medicina prehospitalaria - Illescas Fernández, Gerardo José.jpg","{""width"": 220, ""height"": 320}","{""width"": 220, ""height"": 320}","{""width"": 220, ""height"": 320}","{""left"": 0, ""top"": 0, ""right"": 0, ""bottom"": 0}","{""box"": [4.983333333333329, 0.0, 218.31666666666666, 320.0], ""fraction"": 0.030303, ""shift_x"": 0.0075, ""shift_y"": 0.0}",3.375,"{""width"": 720, ""height"": 1080}",86,59526,9c429e51343b4261dc89222c80f9d6451db99df25a268c95218f4dd26fd47125,METADATOS_PENDIENTES,Falta la editorial.; Falta un idioma válido.,
Ebook/medicina/portadas/ebook-83015172611403ff.webp,,EBOOK,Fundamentos de la medicina forense,"Medicina/originales/Fundamentos de la medicina forense - Pérez Pérez, Rosa M..jpg","{""width"": 220, ""height"": 320}","{""width"": 220, ""height"": 320}","{""width"": 220, ""height"": 320}","{""left"": 0, ""top"": 0, ""right"": 0, ""bottom"": 0}","{""box"": [3.3333333333333286, 0.0, 216.66666666666669, 320.0], ""fraction"": 0.030303, ""shift_x"": 0.0, ""shift_y"": 0.0}",3.375,"{""width"": 720, ""height"": 1080}",86,25930,293ad579ad84f5a71ffeb025e134e9d3e2f65f6b2b4d36760081eb3b26466cb4,METADATOS_PENDIENTES,Falta la editorial.; Falta un idioma válido.,
Ebook/medicina/portadas/ebook-c62fc0afaeebeef1.webp,,EBOOK,Hacia la medicina del futuro,"Medicina/originales/Hacia la medicina del futuro - Alcazar Montenegro, Heberto.jpg","{""width"": 220, ""height"": 320}","{""width"": 220, ""height"": 320}","{""width"": 220, ""height"": 320}","{""left"": 0, ""top"": 0, ""right"": 0, ""bottom"": 0}","{""box"": [3.3333333333333286, 0.0, 216.66666666666669, 320.0], ""fraction"": 0.030303, ""shift_x"": 0.0, ""shift_y"": 0.0}",3.375,"{""width"": 720, ""height"": 1080}",86,30068,b44e6508e3340edfc5a9f4616fd1ee9ab262527b87a392e8d854a702491a492f,METADATOS_PENDIENTES,Falta la editorial.; Falta un idioma válido.,
Ebook/medicina/portadas/ebook-8538d91358940113.webp,,EBOOK,Historia y filosofía de la medicina,"Medicina/originales/Historia y filosofía de la medicina - León Hernández, Saúl; Lara Padilla, Eleazar; Camarena Olmedo, Javier.jpg","{""width"": 220, ""height"": 320}","{""width"": 220, ""height"": 320}","{""width"": 220, ""height"": 320}","{""left"": 0, ""top"": 0, ""right"": 0, ""bottom"": 0}","{""box"": [3.3333333333333286, 0.0, 216.66666666666669, 320.0], ""fraction"": 0.030303, ""shift_x"": 0.0, ""shift_y"": 0.0}",3.375,"{""width"": 720, ""height"": 1080}",86,46624,f9472c6d9b883c33bfb1399027ef01c07401e10c41f3157387f8f66ee104f359,METADATOS_PENDIENTES,Falta la editorial.; Falta un idioma válido.,
Ebook/medicina/portadas/ebook-8cc0d0f6ab2cc224.webp,,EBOOK,Introducción a la Medicina,"Medicina/originales/Introducción a la Medicina - Barona, Josep Lluís.jpg","{""width"": 220, ""height"": 320}","{""width"": 220, ""height"": 320}","{""width"": 220, ""height"": 320}","{""left"": 0, ""top"": 0, ""right"": 0, ""bottom"": 0}","{""box"": [3.3333333333333286, 0.0, 216.66666666666669, 320.0], ""fraction"": 0.030303, ""shift_x"": 0.0, ""shift_y"": 0.0}",3.375,"{""width"": 720, ""height"": 1080}",86,29140,09f84dc38bd6390ff4e54197cd4faf6b346add3cd1e3c820f8a1797ca9016aa7,METADATOS_PENDIENTES,Falta la editorial.; Falta un idioma válido.,
Ebook/medicina/portadas/ebook-fd0821640112f205.webp,,EBOOK,La física en la medicina (3a. ed.),"Medicina/originales/La física en la medicina (3a. ed.) - Piña Barba, María Cristina.jpg","{""width"": 220, ""height"": 320}","{""width"": 220, ""height"": 320}","{""width"": 220, ""height"": 320}","{""left"": 0, ""top"": 0, ""right"": 0, ""bottom"": 0}","{""box"": [0, 0.0, 213.33333333333334, 320.0], ""fraction"": 0.030303, ""shift_x"": -0.015152, ""shift_y"": 0.0}",3.375,"{""width"": 720, ""height"": 1080}",86,30834,9bf6533fec2a4f607b0a9da4c7d36463e53ec6d9b36d4b987b4503f016e0216f,METADATOS_PENDIENTES,Falta la editorial.; Falta un idioma válido.,
Ebook/medicina/portadas/ebook-35f5ee7cd1dbd914.webp,,EBOOK,La mujer en el ejercicio de la medicina,"Medicina/originales/La mujer en el ejercicio de la medicina - Carrillo Esper, Raúl; Dubón Peniche, María del Carmen; Elizondo Argueta, Sandra; Carrillo Córdova, Dulce María.jpg","{""width"": 220, ""height"": 320}","{""width"": 220, ""height"": 320}","{""width"": 220, ""height"": 320}","{""left"": 0, ""top"": 0, ""right"": 0, ""bottom"": 0}","{""box"": [2.783333333333328, 0.0, 216.11666666666667, 320.0], ""fraction"": 0.030303, ""shift_x"": -0.0025, ""shift_y"": 0.0}",3.375,"{""width"": 720, ""height"": 1080}",86,48950,638adbd975199d569b1aa8fd300caef428601aeeac6be6e87e32d6db2a531fa7,METADATOS_PENDIENTES,Falta la editorial.; Falta un idioma válido.,
Ebook/medicina/portadas/ebook-c2dfe127dab4c883.webp,,EBOOK,Láser en medicina,"Medicina/originales/Láser en medicina - Martí López, Luis; Altamirano Aguilar, Jorge H..jpg","{""width"": 220, ""height"": 320}","{""width"": 220, ""height"": 320}","{""width"": 220, ""height"": 320}","{""left"": 0, ""top"": 0, ""right"": 0, ""bottom"": 0}","{""box"": [6.666666666666657, 0.0, 220.0, 320.0], ""fraction"": 0.030303, ""shift_x"": 0.015152, ""shift_y"": 0.0}",3.375,"{""width"": 720, ""height"": 1080}",86,33602,40eeed0d457ac47b4585476bd5bfa98dca4110fcc9f6c5d5e9bb14a8b5cc861e,METADATOS_PENDIENTES,Falta la editorial.; Falta un idioma válido.,
Ebook/medicina/portadas/ebook-73116342027ce015.webp,,EBOOK,Manual de medicina paliativa,"Medicina/originales/Manual de medicina paliativa - Centeno Cortés, Carlos; Gómez Sancho, Marcos; Nabal Vicuña, María; Pascual López, Antonio.jpg","{""width"": 220, ""height"": 320}","{""width"": 220, ""height"": 320}","{""width"": 220, ""height"": 320}","{""left"": 0, ""top"": 0, ""right"": 0, ""bottom"": 0}",,3.375,,,,,REVISION_ENCUADRE,No existe un crop seguro para las marcas protegidas.,
Ebook/medicina/portadas/ebook-a53be3387773971a.webp,,EBOOK,Medicina de bolsillo (5a. ed.),"Medicina/originales/Medicina de bolsillo (5a. ed.) - Sabatine, Marc S..jpg","{""width"": 220, ""height"": 320}","{""width"": 220, ""height"": 320}","{""width"": 220, ""height"": 320}","{""left"": 0, ""top"": 0, ""right"": 0, ""bottom"": 0}","{""box"": [3.3333333333333286, 0.0, 216.66666666666669, 320.0], ""fraction"": 0.030303, ""shift_x"": 0.0, ""shift_y"": 0.0}",3.375,"{""width"": 720, ""height"": 1080}",86,26174,4ab919a3a5c55a0f2f1673c024cadcec0c1b361a5c50a07421c2f9efcec9c821,METADATOS_PENDIENTES,Falta la editorial.; Falta un idioma válido.,
Ebook/medicina/portadas/ebook-b46ee22af9f4c586.webp,,EBOOK,Medicina familiar,"Medicina/originales/Medicina familiar - Dávila Torres, Javier; Garza Sagástegui, María Gabriela.jpg","{""width"": 220, ""height"": 320}","{""width"": 220, ""height"": 320}","{""width"": 220, ""height"": 320}","{""left"": 0, ""top"": 0, ""right"": 0, ""bottom"": 0}",,3.375,,,,,REVISION_ENCUADRE,No existe un crop seguro para las marcas protegidas.,
Ebook/medicina/portadas/ebook-26949727c7f52ee9.webp,,EBOOK,Medicina humanitaria,"Medicina/originales/Medicina humanitaria - Estébanez Estébanez, Pilar.jpg","{""width"": 220, ""height"": 320}","{""width"": 220, ""height"": 320}","{""width"": 220, ""height"": 320}","{""left"": 0, ""top"": 0, ""right"": 0, ""bottom"": 0}","{""box"": [3.3333333333333286, 0.0, 216.66666666666669, 320.0], ""fraction"": 0.030303, ""shift_x"": 0.0, ""shift_y"": 0.0}",3.375,"{""width"": 720, ""height"": 1080}",86,38036,fe522c3f43409494867e6b30fd6d71477a3a910e3a01404dfe8b7bf575fbadff,METADATOS_PENDIENTES,Falta la editorial.; Falta un idioma válido.,
Ebook/medicina/portadas/ebook-7eb366f26ec5faeb.webp,,EBOOK,Medicina intensiva,"Medicina/originales/Medicina intensiva - Lovesio, Carlos.jpg","{""width"": 220, ""height"": 320}","{""width"": 220, ""height"": 320}","{""width"": 220, ""height"": 320}","{""left"": 0, ""top"": 0, ""right"": 0, ""bottom"": 0}","{""box"": [3.3333333333333286, 0.0, 216.66666666666669, 320.0], ""fraction"": 0.030303, ""shift_x"": 0.0, ""shift_y"": 0.0}",3.375,"{""width"": 720, ""height"": 1080}",86,34334,f57236bb6f98e2c255ffd70ba9d209eb7f5a7e74f71b1763bee62020d79584d7,METADATOS_PENDIENTES,Falta la editorial.; Falta un idioma válido.,
Ebook/medicina/portadas/ebook-fb9ab4ccfe851ce8.webp,,EBOOK,Medicina Legal (2a. ed.),"Medicina/originales/Medicina Legal (2a. ed.) - Carrillo Olmedo, Pedro Manuel.jpg","{""width"": 220, ""height"": 320}","{""width"": 220, ""height"": 320}","{""width"": 220, ""height"": 320}","{""left"": 0, ""top"": 0, ""right"": 0, ""bottom"": 0}","{""box"": [3.3333333333333286, 0.0, 216.66666666666669, 320.0], ""fraction"": 0.030303, ""shift_x"": 0.0, ""shift_y"": 0.0}",3.375,"{""width"": 720, ""height"": 1080}",86,26544,ab0b39e4a6614d92b3e0de166f59e4005928b1e31c1ff0f930690b0d5fcfe19f,METADATOS_PENDIENTES,Falta la editorial.; Falta un idioma válido.,
Ebook/medicina/portadas/ebook-78b763f3e9a280ce.webp,,EBOOK,Medicina oral,"Medicina/originales/Medicina oral - Ghom, Anil.jpg","{""width"": 220, ""height"": 320}","{""width"": 220, ""height"": 320}","{""width"": 220, ""height"": 320}","{""left"": 0, ""top"": 0, ""right"": 0, ""bottom"": 0}",,3.375,,,,,REVISION_ENCUADRE,No existe un crop seguro para las marcas protegidas.,
Ebook/medicina/portadas/ebook-24ff9f953ed9a282.webp,,EBOOK,Síndromes en medicina interna,"Medicina/originales/Síndromes en medicina interna - Sanguinetti, Carlos A..jpg","{""width"": 220, ""height"": 320}","{""width"": 220, ""height"": 320}","{""width"": 220, ""height"": 320}","{""left"": 0, ""top"": 0, ""right"": 0, ""bottom"": 0}","{""box"": [0, 0.0, 213.33333333333334, 320.0], ""fraction"": 0.030303, ""shift_x"": -0.015152, ""shift_y"": 0.0}",3.375,"{""width"": 720, ""height"": 1080}",86,47364,4dc172de7701f0a77091202651d8f6d9bd5b12961d7d58a495e60c0e489a45e6,METADATOS_PENDIENTES,Falta la editorial.; Falta un idioma válido.,
Audiolibros/Literatura/portadas/audiobook-8a40bb278ab30a3b.webp,,AUDIOBOOK,Cómo comportarse en la multitud: una novela,"Literatura/originales/Cómo comportarse en la multitud una novela - Bordas, Camille.jpg","{""width"": 220, ""height"": 320}","{""width"": 220, ""height"": 320}","{""width"": 220, ""height"": 320}","{""left"": 0, ""top"": 0, ""right"": 0, ""bottom"": 0}","{""box"": [3.3333333333333286, 0.0, 216.66666666666669, 320.0], ""fraction"": 0.030303, ""shift_x"": 0.0, ""shift_y"": 0.0}",3.375,"{""width"": 720, ""height"": 1080}",86,34474,b796105c841a842b761e0081af46ddd1b5878d04ee760e4cfecbeef9d3285a41,METADATOS_PENDIENTES,"Falta la editorial.; Falta un idioma válido.; AUDIOBOOK requiere duración positiva, narradores y páginas null.",
Audiolibros/Literatura/portadas/audiobook-91b68a3cdb70cf6c.webp,,AUDIOBOOK,Cómo se hace una novela,"Literatura/originales/Cómo se hace una novela - Unamuno, Miguel de.jpg","{""width"": 220, ""height"": 320}","{""width"": 220, ""height"": 320}","{""width"": 220, ""height"": 320}","{""left"": 0, ""top"": 0, ""right"": 0, ""bottom"": 0}","{""box"": [3.3333333333333286, 0.0, 216.66666666666669, 320.0], ""fraction"": 0.030303, ""shift_x"": 0.0, ""shift_y"": 0.0}",3.375,"{""width"": 720, ""height"": 1080}",86,22684,853ef54ef26976fa03ce9b1975c75a766b57c9dbce538db0746048fc39015f20,METADATOS_PENDIENTES,"Falta la editorial.; Falta un idioma válido.; AUDIOBOOK requiere duración positiva, narradores y páginas null.",
Audiolibros/Literatura/portadas/audiobook-3ce2558363ac8234.webp,,AUDIOBOOK,Discurso y conflicto en la novela,"Literatura/originales/Discurso y conflicto en la novela - Parrilla Sotomayor, Eduardo Enrique.jpg","{""width"": 220, ""height"": 320}","{""width"": 220, ""height"": 320}","{""width"": 220, ""height"": 320}","{""left"": 0, ""top"": 0, ""right"": 0, ""bottom"": 0}","{""box"": [3.3333333333333286, 0.0, 216.66666666666669, 320.0], ""fraction"": 0.030303, ""shift_x"": 0.0, ""shift_y"": 0.0}",3.375,"{""width"": 720, ""height"": 1080}",86,36356,0ed92a8415bdf765ec3cc239734a52e882ded225926c0c3109effa706cffc540,METADATOS_PENDIENTES,"Falta la editorial.; Falta un idioma válido.; AUDIOBOOK requiere duración positiva, narradores y páginas null.",
Audiolibros/Literatura/portadas/audiobook-4058fa136c5702ee.webp,,AUDIOBOOK,El retorno de los desplazados: novela,"Literatura/originales/El retorno de los desplazados novela - Gordillo Barahona, Beatriz.jpg","{""width"": 220, ""height"": 320}","{""width"": 220, ""height"": 320}","{""width"": 220, ""height"": 320}","{""left"": 0, ""top"": 0, ""right"": 0, ""bottom"": 0}","{""box"": [6.666666666666657, 0.0, 220.0, 320.0], ""fraction"": 0.030303, ""shift_x"": 0.015152, ""shift_y"": 0.0}",3.375,"{""width"": 720, ""height"": 1080}",86,65520,f71e1ed0b2219c91e79b8baea873462bca6e31f0fa6230d913890d29b8be3fb0,METADATOS_PENDIENTES,"Falta la editorial.; Falta un idioma válido.; AUDIOBOOK requiere duración positiva, narradores y páginas null.",
Audiolibros/Literatura/portadas/audiobook-db3c3462fbd853c8.webp,,AUDIOBOOK,El sicario en la novela colombiana,"Literatura/originales/El sicario en la novela colombiana - Osorio, Óscar.jpg","{""width"": 220, ""height"": 320}","{""width"": 220, ""height"": 320}","{""width"": 220, ""height"": 320}","{""left"": 0, ""top"": 0, ""right"": 0, ""bottom"": 0}",,3.375,,,,,REVISION_ENCUADRE,No existe un crop seguro para las marcas protegidas.,
Audiolibros/Literatura/portadas/audiobook-227ccd7c091f9040.webp,,AUDIOBOOK,Está temblando. Novela,"Literatura/originales/Está temblando. Novela - Pérez de Arce, Hermógenes.jpg","{""width"": 220, ""height"": 320}","{""width"": 220, ""height"": 320}","{""width"": 220, ""height"": 320}","{""left"": 0, ""top"": 0, ""right"": 0, ""bottom"": 0}","{""box"": [3.3333333333333286, 0.0, 216.66666666666669, 320.0], ""fraction"": 0.030303, ""shift_x"": 0.0, ""shift_y"": 0.0}",3.375,"{""width"": 720, ""height"": 1080}",86,28604,69f79ed9bb60133dbcfd7f43833183034d68679d08222eb79c323f89f9e69527,METADATOS_PENDIENTES,"Falta la editorial.; Falta un idioma válido.; AUDIOBOOK requiere duración positiva, narradores y páginas null.",
Audiolibros/Literatura/portadas/audiobook-449aad127ebe524b.webp,,AUDIOBOOK,Hölderlin: una novela,"Literatura/originales/Hölderlin una novela - Härtling, Peter.jpg","{""width"": 220, ""height"": 320}","{""width"": 220, ""height"": 320}","{""width"": 220, ""height"": 315}","{""left"": 0, ""top"": 5, ""right"": 0, ""bottom"": 0}",,3.428571,,,,,REVISION_ENCUADRE,No existe un crop seguro para las marcas protegidas.,
Audiolibros/Literatura/portadas/audiobook-0bd92d33a9a59ef5.webp,,AUDIOBOOK,Itinerario de trenes: novela,"Literatura/originales/Itinerario de trenes novela - Marchán, Jaime.jpg","{""width"": 220, ""height"": 320}","{""width"": 220, ""height"": 320}","{""width"": 220, ""height"": 320}","{""left"": 0, ""top"": 0, ""right"": 0, ""bottom"": 0}",,3.375,,,,,REVISION_ENCUADRE,No existe un crop seguro para las marcas protegidas.,
Audiolibros/Literatura/portadas/audiobook-e4434d784c8c07c4.webp,,AUDIOBOOK,La baldomera: una novela incorrecta,"Literatura/originales/La baldomera una novela incorrecta - Ocampo, Juana.jpg","{""width"": 220, ""height"": 320}","{""width"": 220, ""height"": 320}","{""width"": 220, ""height"": 320}","{""left"": 0, ""top"": 0, ""right"": 0, ""bottom"": 0}",,3.375,,,,,REVISION_ENCUADRE,No existe un crop seguro para las marcas protegidas.,
Audiolibros/Literatura/portadas/audiobook-2de821b1482db906.webp,,AUDIOBOOK,La confesión: novela,Literatura/originales/La confesión novela - Hailji.jpg,"{""width"": 220, ""height"": 320}","{""width"": 220, ""height"": 320}","{""width"": 220, ""height"": 320}","{""left"": 0, ""top"": 0, ""right"": 0, ""bottom"": 0}","{""box"": [3.3333333333333286, 0.0, 216.66666666666669, 320.0], ""fraction"": 0.030303, ""shift_x"": 0.0, ""shift_y"": 0.0}",3.375,"{""width"": 720, ""height"": 1080}",86,31186,ee028ef97b6ff9fffa5f328f553fd6f0c90993277f806a1588345c24727efe9d,METADATOS_PENDIENTES,"Falta la editorial.; Falta un idioma válido.; AUDIOBOOK requiere duración positiva, narradores y páginas null.",
Audiolibros/Literatura/portadas/audiobook-a6e805108ba65b9e.webp,,AUDIOBOOK,La derrota: novela de estudiantes,"Literatura/originales/La derrota novela de estudiantes - Sánchez Gómez, Gregorio.jpg","{""width"": 220, ""height"": 320}","{""width"": 220, ""height"": 320}","{""width"": 220, ""height"": 320}","{""left"": 0, ""top"": 0, ""right"": 0, ""bottom"": 0}",,3.375,,,,,REVISION_ENCUADRE,No existe un crop seguro para las marcas protegidas.,
Audiolibros/Literatura/portadas/audiobook-09427200ea116b43.webp,,AUDIOBOOK,La novela colombiana posmoderna,"Literatura/originales/La novela colombiana posmoderna - Ponce de León, Gina.jpg","{""width"": 220, ""height"": 320}","{""width"": 220, ""height"": 320}","{""width"": 220, ""height"": 320}","{""left"": 0, ""top"": 0, ""right"": 0, ""bottom"": 0}",,3.375,,,,,REVISION_ENCUADRE,No existe un crop seguro para las marcas protegidas.,
Audiolibros/Literatura/portadas/audiobook-431b30a4699cde27.webp,,AUDIOBOOK,La novela inglesa: una introducción,"Literatura/originales/La novela inglesa una introducción - Eagleton, Terry.jpg","{""width"": 220, ""height"": 320}","{""width"": 220, ""height"": 320}","{""width"": 220, ""height"": 320}","{""left"": 0, ""top"": 0, ""right"": 0, ""bottom"": 0}",,3.375,,,,,REVISION_ENCUADRE,No existe un crop seguro para las marcas protegidas.,
Audiolibros/Literatura/portadas/audiobook-d660454291ad5fa3.webp,,AUDIOBOOK,La novela rosa,"Literatura/originales/La novela rosa - González Lejárraga, Antonio.jpg","{""width"": 220, ""height"": 320}","{""width"": 220, ""height"": 320}","{""width"": 220, ""height"": 320}","{""left"": 0, ""top"": 0, ""right"": 0, ""bottom"": 0}","{""box"": [3.3333333333333286, 0.0, 216.66666666666669, 320.0], ""fraction"": 0.030303, ""shift_x"": 0.0, ""shift_y"": 0.0}",3.375,"{""width"": 720, ""height"": 1080}",86,65304,b8d36d2f4bac055b4489efe5e66525cd780ae65e161e6a937a373bab4ffba713,METADATOS_PENDIENTES,"Falta la editorial.; Falta un idioma válido.; AUDIOBOOK requiere duración positiva, narradores y páginas null.",
Audiolibros/Literatura/portadas/audiobook-c237571839034131.webp,,AUDIOBOOK,La vuelta al mundo de un novelista,"Literatura/originales/La vuelta al mundo de un novelista - Blasco Ibáñez, Vicente.jpg","{""width"": 220, ""height"": 320}","{""width"": 220, ""height"": 320}","{""width"": 220, ""height"": 320}","{""left"": 0, ""top"": 0, ""right"": 0, ""bottom"": 0}",,3.375,,,,,REVISION_ENCUADRE,No existe un crop seguro para las marcas protegidas.,
Audiolibros/Literatura/portadas/audiobook-98a1a860b5649584.webp,,AUDIOBOOK,Lady Susan y otras novelas,"Literatura/originales/Lady Susan y otras novelas - Austen, Jane.jpg","{""width"": 220, ""height"": 320}","{""width"": 220, ""height"": 320}","{""width"": 220, ""height"": 320}","{""left"": 0, ""top"": 0, ""right"": 0, ""bottom"": 0}","{""box"": [3.3333333333333286, 0.0, 216.66666666666669, 320.0], ""fraction"": 0.030303, ""shift_x"": 0.0, ""shift_y"": 0.0}",3.375,"{""width"": 720, ""height"": 1080}",86,36340,b1c667819ae20ab71068bba4a716c57ae1ac74ef0df858e2b604422674949a00,METADATOS_PENDIENTES,"Falta la editorial.; Falta un idioma válido.; AUDIOBOOK requiere duración positiva, narradores y páginas null.",
Audiolibros/Literatura/portadas/audiobook-2b8c1c97bbc86318.webp,,AUDIOBOOK,Las novelas de Torquemada,"Literatura/originales/Las novelas de Torquemada - Pérez Galdós, Benito.jpg","{""width"": 220, ""height"": 320}","{""width"": 220, ""height"": 320}","{""width"": 220, ""height"": 320}","{""left"": 0, ""top"": 0, ""right"": 0, ""bottom"": 0}","{""box"": [2.783333333333328, 0.0, 216.11666666666667, 320.0], ""fraction"": 0.030303, ""shift_x"": -0.0025, ""shift_y"": 0.0}",3.375,"{""width"": 720, ""height"": 1080}",86,34768,30f48d3d61d39feb53176c61c8792a062bf311d537e47f8f0a186f9e5624d1b7,METADATOS_PENDIENTES,"Falta la editorial.; Falta un idioma válido.; AUDIOBOOK requiere duración positiva, narradores y páginas null.",
Audiolibros/Literatura/portadas/audiobook-d4d96850c4ea25cb.webp,,AUDIOBOOK,Novela negra con argentinos,"Literatura/originales/Novela negra con argentinos - Valenzuela, Luisa.jpg","{""width"": 220, ""height"": 320}","{""width"": 220, ""height"": 320}","{""width"": 220, ""height"": 320}","{""left"": 0, ""top"": 0, ""right"": 0, ""bottom"": 0}","{""box"": [3.8833333333333275, 0.0, 217.21666666666667, 320.0], ""fraction"": 0.030303, ""shift_x"": 0.0025, ""shift_y"": 0.0}",3.375,"{""width"": 720, ""height"": 1080}",86,42666,2c8e064eb148d08034ce544276191146ebdcbf8bb96c31539dc0ce3d97b67b6a,METADATOS_PENDIENTES,"Falta la editorial.; Falta un idioma válido.; AUDIOBOOK requiere duración positiva, narradores y páginas null.",
Audiolibros/Literatura/portadas/audiobook-b917d2622c19f5b7.webp,,AUDIOBOOK,Novelas amorosas y ejemplares,"Literatura/originales/Novelas amorosas y ejemplares - Zayas y Sotomayor, María de.jpg","{""width"": 220, ""height"": 320}","{""width"": 220, ""height"": 320}","{""width"": 220, ""height"": 320}","{""left"": 0, ""top"": 0, ""right"": 0, ""bottom"": 0}","{""box"": [3.3333333333333286, 0.0, 216.66666666666669, 320.0], ""fraction"": 0.030303, ""shift_x"": 0.0, ""shift_y"": 0.0}",3.375,"{""width"": 720, ""height"": 1080}",86,50386,870e7e1508c423e9823e960ca84f0ca65bb81bb90305a22ca8024f98949ffa42,METADATOS_PENDIENTES,"Falta la editorial.; Falta un idioma válido.; AUDIOBOOK requiere duración positiva, narradores y páginas null.",
Audiolibros/Literatura/portadas/audiobook-932d8abbec8fd30b.webp,,AUDIOBOOK,Novelas ejemplares,"Literatura/originales/Novelas ejemplares - Cervantes Saavedra, Miguel de.jpg","{""width"": 220, ""height"": 320}","{""width"": 220, ""height"": 320}","{""width"": 220, ""height"": 320}","{""left"": 0, ""top"": 0, ""right"": 0, ""bottom"": 0}",,3.375,,,,,REVISION_ENCUADRE,No existe un crop seguro para las marcas protegidas.,
Audiolibros/Literatura/portadas/audiobook-fe452d135f4f3f47.webp,,AUDIOBOOK,Novelas históricas,"Literatura/originales/Novelas históricas - Solares, Ignacio.jpg","{""width"": 220, ""height"": 320}","{""width"": 220, ""height"": 320}","{""width"": 220, ""height"": 320}","{""left"": 0, ""top"": 0, ""right"": 0, ""bottom"": 0}",,3.375,,,,,REVISION_ENCUADRE,No existe un crop seguro para las marcas protegidas.,
Audiolibros/Literatura/portadas/audiobook-799509193b1247da.webp,,AUDIOBOOK,OKTUBRE: la novela,"Literatura/originales/OKTUBRE la novela - Bello, Carolina.jpg","{""width"": 220, ""height"": 320}","{""width"": 220, ""height"": 320}","{""width"": 220, ""height"": 320}","{""left"": 0, ""top"": 0, ""right"": 0, ""bottom"": 0}",,3.375,,,,,REVISION_ENCUADRE,No existe un crop seguro para las marcas protegidas.,
Audiolibros/Literatura/portadas/audiobook-bd1a86d2e363042a.webp,,AUDIOBOOK,Sin defensa posible: novela,"Literatura/originales/Sin defensa posible novela - Ramírez C., Clinton.jpg","{""width"": 220, ""height"": 320}","{""width"": 220, ""height"": 320}","{""width"": 220, ""height"": 320}","{""left"": 0, ""top"": 0, ""right"": 0, ""bottom"": 0}",,3.375,,,,,REVISION_ENCUADRE,No existe un crop seguro para las marcas protegidas.,
Audiolibros/Literatura/portadas/audiobook-252f33c267db4281.webp,,AUDIOBOOK,Succión: una novela,"Literatura/originales/Succión una novela - Poblete Pardo, Nicolás.jpg","{""width"": 220, ""height"": 320}","{""width"": 220, ""height"": 320}","{""width"": 220, ""height"": 320}","{""left"": 0, ""top"": 0, ""right"": 0, ""bottom"": 0}",,3.375,,,,,REVISION_ENCUADRE,No existe un crop seguro para las marcas protegidas.,
Audiolibros/Literatura/portadas/audiobook-524d4e31cdfd7fd8.webp,,AUDIOBOOK,Valentín: novela histórica,"Literatura/originales/Valentín novela histórica - Hernández Beltrán, Rosalío.jpg","{""width"": 220, ""height"": 320}","{""width"": 220, ""height"": 320}","{""width"": 220, ""height"": 319}","{""left"": 0, ""top"": 1, ""right"": 0, ""bottom"": 0}","{""box"": [3.6666666666666714, 0.0, 216.33333333333331, 319.0], ""fraction"": 0.033333, ""shift_x"": 0.0, ""shift_y"": 0.0}",3.38558,"{""width"": 720, ""height"": 1080}",86,64858,3fff7a27405cc6fb53eb40139c2d0939bba821031084c791c1043019f0ca1e92,METADATOS_PENDIENTES,"Falta la editorial.; Falta un idioma válido.; AUDIOBOOK requiere duración positiva, narradores y páginas null.",
Audiolibros/Filosofia/portadas/audiobook-c7c794efb03c3148.webp,,AUDIOBOOK,Escritos sobre ética,"Filosofía/originales/Escritos sobre ética - García, Camilo.jpg","{""width"": 220, ""height"": 320}","{""width"": 220, ""height"": 320}","{""width"": 218, ""height"": 320}","{""left"": 1, ""top"": 0, ""right"": 1, ""bottom"": 0}","{""box"": [2.3333333333333286, 0.0, 215.66666666666669, 320.0], ""fraction"": 0.021407, ""shift_x"": 0.0, ""shift_y"": 0.0}",3.375,"{""width"": 720, ""height"": 1080}",86,31518,ac9f914c84ec3ac51b928f5b173aace75ff2d0ec9fb1472f8469aec15b39e111,METADATOS_PENDIENTES,"Falta la editorial.; Falta un idioma válido.; AUDIOBOOK requiere duración positiva, narradores y páginas null.",
Audiolibros/Filosofia/portadas/audiobook-8d57509cb330c828.webp,,AUDIOBOOK,Introducción a la ética,"Filosofía/originales/Introducción a la ética - Torres Hernández, Zacarías.jpg","{""width"": 220, ""height"": 320}","{""width"": 220, ""height"": 320}","{""width"": 220, ""height"": 320}","{""left"": 0, ""top"": 0, ""right"": 0, ""bottom"": 0}",,3.375,,,,,REVISION_ENCUADRE,No existe un crop seguro para las marcas protegidas.,
Audiolibros/Filosofia/portadas/audiobook-43dc30b23ed17e4e.webp,,AUDIOBOOK,La responsividad ética,"Filosofía/originales/La responsividad ética - Patiño González, Susana Magdalena.jpg","{""width"": 220, ""height"": 320}","{""width"": 220, ""height"": 320}","{""width"": 220, ""height"": 320}","{""left"": 0, ""top"": 0, ""right"": 0, ""bottom"": 0}","{""box"": [3.3333333333333286, 0.0, 216.66666666666669, 320.0], ""fraction"": 0.030303, ""shift_x"": 0.0, ""shift_y"": 0.0}",3.375,"{""width"": 720, ""height"": 1080}",86,13262,e9bdb93ec6a2c4e180af4694910de9ea29b833779965abf21b25e9a347c826b8,METADATOS_PENDIENTES,"Falta la editorial.; Falta un idioma válido.; AUDIOBOOK requiere duración positiva, narradores y páginas null.",
Audiolibros/Filosofia/portadas/audiobook-cb931d8fc1228bbb.webp,,AUDIOBOOK,La ética amable,"Filosofía/originales/La ética amable - Bosch, Magdalena.jpg","{""width"": 220, ""height"": 320}","{""width"": 220, ""height"": 320}","{""width"": 220, ""height"": 320}","{""left"": 0, ""top"": 0, ""right"": 0, ""bottom"": 0}",,3.375,,,,,REVISION_ENCUADRE,No existe un crop seguro para las marcas protegidas.,
Audiolibros/Filosofia/portadas/audiobook-7e935bc7aebafda5.webp,,AUDIOBOOK,La ética de la redistribución,"Filosofía/originales/La ética de la redistribución - Jouvenel, Bertrand de.jpg","{""width"": 220, ""height"": 320}","{""width"": 220, ""height"": 320}","{""width"": 220, ""height"": 320}","{""left"": 0, ""top"": 0, ""right"": 0, ""bottom"": 0}",,3.375,,,,,REVISION_ENCUADRE,No existe un crop seguro para las marcas protegidas.,
Audiolibros/Filosofia/portadas/audiobook-724a798ecab60e86.webp,,AUDIOBOOK,La ética en la era de la tecnociencia,"Filosofía/originales/La ética en la era de la tecnociencia - Pulgar Castro, Rodrigo.jpg","{""width"": 220, ""height"": 320}","{""width"": 220, ""height"": 320}","{""width"": 220, ""height"": 320}","{""left"": 0, ""top"": 0, ""right"": 0, ""bottom"": 0}","{""box"": [0.0, 0.0, 213.33333333333334, 320.0], ""fraction"": 0.030303, ""shift_x"": -0.015152, ""shift_y"": 0.0}",3.375,"{""width"": 720, ""height"": 1080}",86,51404,935a58d015ec74ab44909050759c0b489ccfa0707ab0431d1d26897e2832ef92,METADATOS_PENDIENTES,"Falta la editorial.; Falta un idioma válido.; AUDIOBOOK requiere duración positiva, narradores y páginas null.","{""source_box"": [0.0, 0.0, 213.33333333333334, 320.0], ""coordinate_space"": ""exif_oriented_source_pixels"", ""source_sha256"": ""97a3ac2b5be821243834594b37f561ced940c61bcf909a398e9143063bdae2e9"", ""reason"": ""Se retiran los 6,6667 px derechos, que contienen únicamente blanco y textura turquesa continua de fondo. La balanza, ambos platillos, el título y los logotipos quedan bien insetados; el patrón de puntos del lateral izquierdo se conserva completo al no recortar ese lado.""}"
Audiolibros/Filosofia/portadas/audiobook-2d0a07a10e6b0b80.webp,,AUDIOBOOK,La ética explorada,"Filosofía/originales/La ética explorada - González, Ana Marta.jpg","{""width"": 220, ""height"": 320}","{""width"": 220, ""height"": 320}","{""width"": 220, ""height"": 320}","{""left"": 0, ""top"": 0, ""right"": 0, ""bottom"": 0}","{""box"": [3.3333333333333286, 0.0, 216.66666666666669, 320.0], ""fraction"": 0.030303, ""shift_x"": 0.0, ""shift_y"": 0.0}",3.375,"{""width"": 720, ""height"": 1080}",86,27178,d53a94099b7328438f40a47dc72cd7d6c7fc36bdbc219d0ddcfb01f77d0354f3,METADATOS_PENDIENTES,"Falta la editorial.; Falta un idioma válido.; AUDIOBOOK requiere duración positiva, narradores y páginas null.",
Audiolibros/Filosofia/portadas/audiobook-08e10bf92024e5d3.webp,,AUDIOBOOK,Lecciones de ética,"Filosofía/originales/Lecciones de ética - Polo Barrena, Leonardo.jpg","{""width"": 220, ""height"": 320}","{""width"": 220, ""height"": 320}","{""width"": 220, ""height"": 320}","{""left"": 0, ""top"": 0, ""right"": 0, ""bottom"": 0}",,3.375,,,,,REVISION_ENCUADRE,No existe un crop seguro para las marcas protegidas.,
Audiolibros/Filosofia/portadas/audiobook-a4ee522ec5b545ce.webp,,AUDIOBOOK,Metafísica de la pereza,"Filosofía/originales/Metafísica de la pereza - Valls Boix, Juan Evaristo.jpg","{""width"": 220, ""height"": 320}","{""width"": 220, ""height"": 320}","{""width"": 220, ""height"": 320}","{""left"": 0, ""top"": 0, ""right"": 0, ""bottom"": 0}",,3.375,,,,,REVISION_ENCUADRE,No existe un crop seguro para las marcas protegidas.,
Audiolibros/Filosofia/portadas/audiobook-2e27906c918a7d2d.webp,,AUDIOBOOK,Metafísica de la web,"Filosofía/originales/Metafísica de la web - Ferraris, Maurizio.jpg","{""width"": 220, ""height"": 320}","{""width"": 220, ""height"": 320}","{""width"": 220, ""height"": 320}","{""left"": 0, ""top"": 0, ""right"": 0, ""bottom"": 0}","{""box"": [3.3333333333333286, 0.0, 216.66666666666669, 320.0], ""fraction"": 0.030303, ""shift_x"": 0.0, ""shift_y"": 0.0}",3.375,"{""width"": 720, ""height"": 1080}",86,31918,433fd5eb0390779e870394653668a1cd7e55ae3d70fd8379870f77b41416ada0,METADATOS_PENDIENTES,"Falta la editorial.; Falta un idioma válido.; AUDIOBOOK requiere duración positiva, narradores y páginas null.",
Audiolibros/Filosofia/portadas/audiobook-f1fae131a4859d4d.webp,,AUDIOBOOK,¿Hay que desconstruir la metafísica?,"Filosofía/originales/¿Hay que desconstruir la metafísica - Aubenque, Pierre.jpg","{""width"": 220, ""height"": 320}","{""width"": 220, ""height"": 320}","{""width"": 220, ""height"": 320}","{""left"": 0, ""top"": 0, ""right"": 0, ""bottom"": 0}","{""box"": [0, 0.0, 213.33333333333334, 320.0], ""fraction"": 0.030303, ""shift_x"": -0.015152, ""shift_y"": 0.0}",3.375,"{""width"": 720, ""height"": 1080}",86,54904,25cff4a036eb2cc53c9b3c3e2e6887afe7ada9a3b87eb35d724f7c84911b5a0b,METADATOS_PENDIENTES,"Falta la editorial.; Falta un idioma válido.; AUDIOBOOK requiere duración positiva, narradores y páginas null.",
Audiolibros/Filosofia/portadas/audiobook-1b8619eae91a6a97.webp,,AUDIOBOOK,¿Qué es eso llamado metafísica?,"Filosofía/originales/¿Qué es eso llamado metafísica - Garrett, Brian.jpg","{""width"": 220, ""height"": 320}","{""width"": 220, ""height"": 320}","{""width"": 220, ""height"": 320}","{""left"": 0, ""top"": 0, ""right"": 0, ""bottom"": 0}","{""box"": [3.3333333333333286, 0.0, 216.66666666666669, 320.0], ""fraction"": 0.030303, ""shift_x"": 0.0, ""shift_y"": 0.0}",3.375,"{""width"": 720, ""height"": 1080}",86,62508,92907d30e20f57fc374f8d1655afaf1bfc5597dbde277d75e1cf74e87c8ff6e4,METADATOS_PENDIENTES,"Falta la editorial.; Falta un idioma válido.; AUDIOBOOK requiere duración positiva, narradores y páginas null.","{""source_box"": [3.3333333333333286, 0.0, 216.66666666666669, 320.0], ""coordinate_space"": ""exif_oriented_source_pixels"", ""source_sha256"": ""9763260428c234c5e8bba72e8a5c7870a2d3d37cdfde4d6c5dcdf427a63843c5"", ""reason"": ""El recorte centrado retira 3,3333 px por lado de una textura continua de bandas/lavados de color, sin figuras, marco, ornamentos ni detalle independiente en las franjas retiradas. Se conserva la composición cromática completa, el autor, todas las líneas del título y Alianza Editorial; no se corta tipografía ni un objeto representado.""}"
Audiolibros/Filosofia/portadas/audiobook-be2bfb0ceb9b4bb6.webp,,AUDIOBOOK,Ética (3a. ed.),"Filosofía/originales/Ética (3a. ed.) - Chávez Calderón, Pedro.jpg","{""width"": 220, ""height"": 320}","{""width"": 220, ""height"": 320}","{""width"": 220, ""height"": 320}","{""left"": 0, ""top"": 0, ""right"": 0, ""bottom"": 0}",,3.375,,,,,REVISION_ENCUADRE,No existe un crop seguro para las marcas protegidas.,
Audiolibros/Filosofia/portadas/audiobook-1ec4175129c2f6f9.webp,,AUDIOBOOK,Ética básica (3a. ed.),"Filosofía/originales/Ética básica (3a. ed.) - Etxeberria Mauleón, Xabier.jpg","{""width"": 220, ""height"": 320}","{""width"": 220, ""height"": 320}","{""width"": 220, ""height"": 320}","{""left"": 0, ""top"": 0, ""right"": 0, ""bottom"": 0}","{""box"": [3.3333333333333286, 0.0, 216.66666666666669, 320.0], ""fraction"": 0.030303, ""shift_x"": 0.0, ""shift_y"": 0.0}",3.375,"{""width"": 720, ""height"": 1080}",86,18084,16d2c0d9c6d8cf00beb1c4e4b1626d12cd64cb0426a909063bf7bb2c42d7bb0c,METADATOS_PENDIENTES,"Falta la editorial.; Falta un idioma válido.; AUDIOBOOK requiere duración positiva, narradores y páginas null.",
Audiolibros/Filosofia/portadas/audiobook-6486cef649c3414d.webp,,AUDIOBOOK,Ética con los clásicos,"Filosofía/originales/Ética con los clásicos - Martínez Huerta, Miguel.jpg","{""width"": 220, ""height"": 320}","{""width"": 220, ""height"": 320}","{""width"": 220, ""height"": 320}","{""left"": 0, ""top"": 0, ""right"": 0, ""bottom"": 0}",,3.375,,,,,REVISION_ENCUADRE,No existe un crop seguro para las marcas protegidas.,
Audiolibros/Filosofia/portadas/audiobook-c922336fdf5b1257.webp,,AUDIOBOOK,Ética de la comunicación,"Filosofía/originales/Ética de la comunicación - Prado Flores, Rogelio del.jpg","{""width"": 220, ""height"": 320}","{""width"": 220, ""height"": 320}","{""width"": 220, ""height"": 320}","{""left"": 0, ""top"": 0, ""right"": 0, ""bottom"": 0}","{""box"": [3.3333333333333286, 0.0, 216.66666666666669, 320.0], ""fraction"": 0.030303, ""shift_x"": 0.0, ""shift_y"": 0.0}",3.375,"{""width"": 720, ""height"": 1080}",86,60670,2a2079e80066310aa08819b4beeb118f90212695ee16e5d1672ddb39ffefacf6,METADATOS_PENDIENTES,"Falta la editorial.; Falta un idioma válido.; AUDIOBOOK requiere duración positiva, narradores y páginas null.",
Audiolibros/Filosofia/portadas/audiobook-7c148898de839f87.webp,,AUDIOBOOK,Ética de la sexualidad,"Filosofía/originales/Ética de la sexualidad - Bonete, Enrique.jpg","{""width"": 220, ""height"": 320}","{""width"": 220, ""height"": 320}","{""width"": 220, ""height"": 320}","{""left"": 0, ""top"": 0, ""right"": 0, ""bottom"": 0}","{""box"": [3.3333333333333286, 0.0, 216.66666666666669, 320.0], ""fraction"": 0.030303, ""shift_x"": 0.0, ""shift_y"": 0.0}",3.375,"{""width"": 720, ""height"": 1080}",86,43190,64cdab670767f49b8a3e41bb8f440da876146e797d5d00d1b204ed3db3e5cf61,METADATOS_PENDIENTES,"Falta la editorial.; Falta un idioma válido.; AUDIOBOOK requiere duración positiva, narradores y páginas null.",
Audiolibros/Filosofia/portadas/audiobook-7af4d1003a034ea7.webp,,AUDIOBOOK,Ética de las nanotecnologías,"Filosofía/originales/Ética de las nanotecnologías - Ruiz Trujillo, Pere.jpg","{""width"": 220, ""height"": 320}","{""width"": 220, ""height"": 320}","{""width"": 216, ""height"": 320}","{""left"": 0, ""top"": 0, ""right"": 4, ""bottom"": 0}","{""box"": [1.3333333333333286, 0.0, 214.66666666666669, 320.0], ""fraction"": 0.012346, ""shift_x"": 0.0, ""shift_y"": 0.0}",3.375,"{""width"": 720, ""height"": 1080}",86,16916,dffd36793130674623b991a4c79b648f3f33b632a3f5f78c48e49b1552c93d64,METADATOS_PENDIENTES,"Falta la editorial.; Falta un idioma válido.; AUDIOBOOK requiere duración positiva, narradores y páginas null.",
Audiolibros/Filosofia/portadas/audiobook-b95491074946ed12.webp,,AUDIOBOOK,Ética extramuros (2a. ed.),"Filosofía/originales/Ética extramuros (2a. ed.) - Riechmann, Jorge.jpg","{""width"": 220, ""height"": 320}","{""width"": 220, ""height"": 320}","{""width"": 220, ""height"": 320}","{""left"": 0, ""top"": 0, ""right"": 0, ""bottom"": 0}",,3.375,,,,,REVISION_ENCUADRE,No existe un crop seguro para las marcas protegidas.,
Audiolibros/Filosofia/portadas/audiobook-54322882e821818c.webp,,AUDIOBOOK,Ética general (6a. ed.),"Filosofía/originales/Ética general (6a. ed.) - Rodríguez Luño, Ángel.jpg","{""width"": 220, ""height"": 320}","{""width"": 220, ""height"": 320}","{""width"": 220, ""height"": 320}","{""left"": 0, ""top"": 0, ""right"": 0, ""bottom"": 0}","{""box"": [3.3333333333333286, 0.0, 216.66666666666669, 320.0], ""fraction"": 0.030303, ""shift_x"": 0.0, ""shift_y"": 0.0}",3.375,"{""width"": 720, ""height"": 1080}",86,16402,bcbed14ca4b3c51812734437a2169991d3f5ea7b49040152cce3071624e1ec20,METADATOS_PENDIENTES,"Falta la editorial.; Falta un idioma válido.; AUDIOBOOK requiere duración positiva, narradores y páginas null.",
Audiolibros/Filosofia/portadas/audiobook-519a7c53764713c8.webp,,AUDIOBOOK,Ética integral,"Filosofía/originales/Ética integral - Blanco Blanco, Luis Antonio.jpg","{""width"": 220, ""height"": 320}","{""width"": 220, ""height"": 320}","{""width"": 220, ""height"": 320}","{""left"": 0, ""top"": 0, ""right"": 0, ""bottom"": 0}",,3.375,,,,,REVISION_ENCUADRE,No existe un crop seguro para las marcas protegidas.,
Audiolibros/Filosofia/portadas/audiobook-c1b41020fd3c464c.webp,,AUDIOBOOK,Ética y cultura,"Filosofía/originales/Ética y cultura - Ricoeur, Paul.jpg","{""width"": 220, ""height"": 320}","{""width"": 220, ""height"": 320}","{""width"": 220, ""height"": 320}","{""left"": 0, ""top"": 0, ""right"": 0, ""bottom"": 0}","{""box"": [0, 0.0, 213.33333333333334, 320.0], ""fraction"": 0.030303, ""shift_x"": -0.015152, ""shift_y"": 0.0}",3.375,"{""width"": 720, ""height"": 1080}",86,42642,bd4320bb20ca202d7bf958baf709824676c6b3bc5624bc42e7ceebd4c5b38f46,METADATOS_PENDIENTES,"Falta la editorial.; Falta un idioma válido.; AUDIOBOOK requiere duración positiva, narradores y páginas null.",
Audiolibros/Filosofia/portadas/audiobook-d6813d23c882b658.webp,,AUDIOBOOK,Ética y libertad,Filosofía/originales/Ética y libertad - Roman Garate.jpg,"{""width"": 220, ""height"": 320}","{""width"": 220, ""height"": 320}","{""width"": 220, ""height"": 320}","{""left"": 0, ""top"": 0, ""right"": 0, ""bottom"": 0}","{""box"": [3.3333333333333286, 0.0, 216.66666666666669, 320.0], ""fraction"": 0.030303, ""shift_x"": 0.0, ""shift_y"": 0.0}",3.375,"{""width"": 720, ""height"": 1080}",86,28032,f32d987659b8185fbb0f9fa741dad4b1278d797c71c2672e519ca300fcda33fa,METADATOS_PENDIENTES,"Falta la editorial.; Falta un idioma válido.; AUDIOBOOK requiere duración positiva, narradores y páginas null.",
Audiolibros/Filosofia/portadas/audiobook-e13bdd919ce475f6.webp,,AUDIOBOOK,Ética y política,"Filosofía/originales/Ética y política - Sánchez Vázquez, Adolfo.jpg","{""width"": 220, ""height"": 320}","{""width"": 220, ""height"": 320}","{""width"": 220, ""height"": 320}","{""left"": 0, ""top"": 0, ""right"": 0, ""bottom"": 0}","{""box"": [3.8833333333333275, 0.0, 217.21666666666667, 320.0], ""fraction"": 0.030303, ""shift_x"": 0.0025, ""shift_y"": 0.0}",3.375,"{""width"": 720, ""height"": 1080}",86,47944,a04a3956529a2dcd43d2bd6d9efe6bed98f64ce38ee8ec803c6db9a7ba7e4aaa,METADATOS_PENDIENTES,"Falta la editorial.; Falta un idioma válido.; AUDIOBOOK requiere duración positiva, narradores y páginas null.",
Audiolibros/Filosofia/portadas/audiobook-e9c64ba5698c0cc9.webp,,AUDIOBOOK,Ética y psicoanálisis,"Filosofía/originales/Ética y psicoanálisis - Fromm, Erich.jpg","{""width"": 220, ""height"": 320}","{""width"": 220, ""height"": 320}","{""width"": 220, ""height"": 320}","{""left"": 0, ""top"": 0, ""right"": 0, ""bottom"": 0}","{""box"": [3.3333333333333286, 0.0, 216.66666666666669, 320.0], ""fraction"": 0.030303, ""shift_x"": 0.0, ""shift_y"": 0.0}",3.375,"{""width"": 720, ""height"": 1080}",86,54514,22d3b509841304196b22e9cec9429db7417f3a153cbfcc7bf4bca2d1d6e8d144,METADATOS_PENDIENTES,"Falta la editorial.; Falta un idioma válido.; AUDIOBOOK requiere duración positiva, narradores y páginas null.",
Audiolibros/psicologia/portadas/audiobook-55c9e35ac75d34cf.webp,,AUDIOBOOK,24 ideas para una psicoterapia breve (2a. ed.),Psicología/originales/24 ideas para una psicoterapia breve (2a. ed.) - Mark Beyebach.jpg,"{""width"": 220, ""height"": 320}","{""width"": 220, ""height"": 320}","{""width"": 220, ""height"": 320}","{""left"": 0, ""top"": 0, ""right"": 0, ""bottom"": 0}","{""box"": [3.3333333333333286, 0.0, 216.66666666666669, 320.0], ""fraction"": 0.030303, ""shift_x"": 0.0, ""shift_y"": 0.0}",3.375,"{""width"": 720, ""height"": 1080}",86,21846,6611a0c58763e2c68be9f2757ba31debe1affdf9a1addb6fd6d2e4ca7595eab6,METADATOS_PENDIENTES,"Falta la editorial.; Falta un idioma válido.; AUDIOBOOK requiere duración positiva, narradores y páginas null.",
Audiolibros/psicologia/portadas/audiobook-e047127117b73527.webp,,AUDIOBOOK,Confieso que he sentido: historias secretas de psicoterapia,"Psicología/originales/Confieso que he sentido historias secretas de psicoterapia - León, Sebastián.jpg","{""width"": 220, ""height"": 320}","{""width"": 220, ""height"": 320}","{""width"": 220, ""height"": 320}","{""left"": 0, ""top"": 0, ""right"": 0, ""bottom"": 0}",,3.375,,,,,REVISION_ENCUADRE,No existe un crop seguro para las marcas protegidas.,
Audiolibros/psicologia/portadas/audiobook-4a795b65bdfd9ca1.webp,,AUDIOBOOK,Constructivismo y psicoterapia (3a. ed.),"Psicología/originales/Constructivismo y psicoterapia (3a. ed.) - Feixas Viaplana, Guillem; Villegas Besora, Manuel.jpg","{""width"": 220, ""height"": 320}","{""width"": 220, ""height"": 320}","{""width"": 220, ""height"": 320}","{""left"": 0, ""top"": 0, ""right"": 0, ""bottom"": 0}","{""box"": [3.3333333333333286, 0.0, 216.66666666666669, 320.0], ""fraction"": 0.030303, ""shift_x"": 0.0, ""shift_y"": 0.0}",3.375,"{""width"": 720, ""height"": 1080}",86,23158,00cff5b9af71ae90cd33245f26af053c5934933f3ff3021ba701ce8eb0eb21e3,METADATOS_PENDIENTES,"Falta la editorial.; Falta un idioma válido.; AUDIOBOOK requiere duración positiva, narradores y páginas null.",
Audiolibros/psicologia/portadas/audiobook-6e39f5b1f9e5f84f.webp,,AUDIOBOOK,Crítica de la psicoterapia integrativa,Psicología/originales/Crítica de la psicoterapia integrativa - Guillermo Cepeda Armijos.jpg,"{""width"": 220, ""height"": 320}","{""width"": 220, ""height"": 320}","{""width"": 220, ""height"": 320}","{""left"": 0, ""top"": 0, ""right"": 0, ""bottom"": 0}","{""box"": [6.666666666666657, 0.0, 220.0, 320.0], ""fraction"": 0.030303, ""shift_x"": 0.015152, ""shift_y"": 0.0}",3.375,"{""width"": 720, ""height"": 1080}",86,45638,2748cac3f39219d3c6577f751145c923c7bf7109613ff4dd95b71aeb2d924ae3,METADATOS_PENDIENTES,"Falta la editorial.; Falta un idioma válido.; AUDIOBOOK requiere duración positiva, narradores y páginas null.",
Audiolibros/psicologia/portadas/audiobook-b2d3df9243256b1b.webp,,AUDIOBOOK,Escritos de psicoterapia cognitiva,"Psicología/originales/Escritos de psicoterapia cognitiva - Keegan, Eduardo.jpg","{""width"": 220, ""height"": 320}","{""width"": 220, ""height"": 320}","{""width"": 220, ""height"": 320}","{""left"": 0, ""top"": 0, ""right"": 0, ""bottom"": 0}","{""box"": [3.3333333333333286, 0.0, 216.66666666666669, 320.0], ""fraction"": 0.030303, ""shift_x"": 0.0, ""shift_y"": 0.0}",3.375,"{""width"": 720, ""height"": 1080}",86,50250,ebd90f80a420e2269c9462804bf94faa5d08eca218fdf18e478290d36502ee82,METADATOS_PENDIENTES,"Falta la editorial.; Falta un idioma válido.; AUDIOBOOK requiere duración positiva, narradores y páginas null.",
Audiolibros/psicologia/portadas/audiobook-37f13fad292b679a.webp,,AUDIOBOOK,Historia de la psicología,"Psicología/originales/Historia de la psicología - Santamaría, Carlos.jpg","{""width"": 220, ""height"": 320}","{""width"": 220, ""height"": 320}","{""width"": 220, ""height"": 320}","{""left"": 0, ""top"": 0, ""right"": 0, ""bottom"": 0}","{""box"": [6.666666666666657, 0.0, 220.0, 320.0], ""fraction"": 0.030303, ""shift_x"": 0.015152, ""shift_y"": 0.0}",3.375,"{""width"": 720, ""height"": 1080}",86,34240,2d968ef9c5ceb108af325ccce5f0fb8de301e8e93a6ee03b88a99807790e52fa,METADATOS_PENDIENTES,"Falta la editorial.; Falta un idioma válido.; AUDIOBOOK requiere duración positiva, narradores y páginas null.",
Audiolibros/psicologia/portadas/audiobook-515007baa9e819ef.webp,,AUDIOBOOK,Historia de la psicología en Colombia,"Psicología/originales/Historia de la psicología en Colombia - Ardila, Rubén.jpg","{""width"": 220, ""height"": 320}","{""width"": 220, ""height"": 320}","{""width"": 220, ""height"": 320}","{""left"": 0, ""top"": 0, ""right"": 0, ""bottom"": 0}","{""box"": [6.666666666666657, 0.0, 220.0, 320.0], ""fraction"": 0.030303, ""shift_x"": 0.015152, ""shift_y"": 0.0}",3.375,"{""width"": 720, ""height"": 1080}",86,43776,0514e5a68d103a6528a185c88c412cadc3b373b414e23cc0a3c7ee11f5e4dcb5,METADATOS_PENDIENTES,"Falta la editorial.; Falta un idioma válido.; AUDIOBOOK requiere duración positiva, narradores y páginas null.",
Audiolibros/psicologia/portadas/audiobook-cd417836b30b75f2.webp,,AUDIOBOOK,Infancia: psicoterapia gestáltica,"Psicología/originales/Infancia psicoterapia gestáltica - Valle Bevilacqua, Liliana del.jpg","{""width"": 220, ""height"": 320}","{""width"": 220, ""height"": 320}","{""width"": 220, ""height"": 320}","{""left"": 0, ""top"": 0, ""right"": 0, ""bottom"": 0}",,3.375,,,,,REVISION_ENCUADRE,No existe un crop seguro para las marcas protegidas.,
Audiolibros/psicologia/portadas/audiobook-c66b08fc14cb351c.webp,,AUDIOBOOK,Lecciones de psicología cognitiva,"Psicología/originales/Lecciones de psicología cognitiva - Fernández, Humberto.jpg","{""width"": 220, ""height"": 320}","{""width"": 220, ""height"": 320}","{""width"": 220, ""height"": 320}","{""left"": 0, ""top"": 0, ""right"": 0, ""bottom"": 0}","{""box"": [6.666666666666657, 0.0, 220.0, 320.0], ""fraction"": 0.030303, ""shift_x"": 0.015152, ""shift_y"": 0.0}",3.375,"{""width"": 720, ""height"": 1080}",86,26896,0efaea0199010648f6b292dcb88c800cb235e36a624128b1967ac56cf588982c,METADATOS_PENDIENTES,"Falta la editorial.; Falta un idioma válido.; AUDIOBOOK requiere duración positiva, narradores y páginas null.",
Audiolibros/psicologia/portadas/audiobook-5a61a34c290181ac.webp,,AUDIOBOOK,Manual práctico de psicoterapia Gestalt (7a. ed.),"Psicología/originales/Manual práctico de psicoterapia Gestalt (7a. ed.) - Martín, Ángeles.jpg","{""width"": 220, ""height"": 320}","{""width"": 220, ""height"": 320}","{""width"": 220, ""height"": 320}","{""left"": 0, ""top"": 0, ""right"": 0, ""bottom"": 0}",,3.375,,,,,REVISION_ENCUADRE,No existe un crop seguro para las marcas protegidas.,
Audiolibros/psicologia/portadas/audiobook-688c3a28f1d3c7da.webp,,AUDIOBOOK,Principios de una psicoterapia de la psicosis,"Psicología/originales/Principios de una psicoterapia de la psicosis - Álvarez, José María.jpg","{""width"": 220, ""height"": 320}","{""width"": 220, ""height"": 320}","{""width"": 220, ""height"": 320}","{""left"": 0, ""top"": 0, ""right"": 0, ""bottom"": 0}","{""box"": [3.3333333333333286, 0.0, 216.66666666666669, 320.0], ""fraction"": 0.030303, ""shift_x"": 0.0, ""shift_y"": 0.0}",3.375,"{""width"": 720, ""height"": 1080}",86,31786,ea23342e2f9fb086c3ba8e178c995f00d9bf704b27151f0efcd99b4d05f69afb,METADATOS_PENDIENTES,"Falta la editorial.; Falta un idioma válido.; AUDIOBOOK requiere duración positiva, narradores y páginas null.",
Audiolibros/psicologia/portadas/audiobook-3db31c6682e01c21.webp,,AUDIOBOOK,Psicología aplicada a la publicidad,"Psicología/originales/Psicología aplicada a la publicidad - Thomas Currás, Helena; García Dauder, Silvia.jpg","{""width"": 220, ""height"": 320}","{""width"": 220, ""height"": 320}","{""width"": 220, ""height"": 320}","{""left"": 0, ""top"": 0, ""right"": 0, ""bottom"": 0}",,3.375,,,,,REVISION_ENCUADRE,No existe un crop seguro para las marcas protegidas.,
Audiolibros/psicologia/portadas/audiobook-ea776125fbb2cee8.webp,,AUDIOBOOK,Psicología básica,"Psicología/originales/Psicología básica - Eysenck, Michael W..jpg","{""width"": 220, ""height"": 320}","{""width"": 220, ""height"": 320}","{""width"": 220, ""height"": 320}","{""left"": 0, ""top"": 0, ""right"": 0, ""bottom"": 0}",,3.375,,,,,REVISION_ENCUADRE,No existe un crop seguro para las marcas protegidas.,
Audiolibros/psicologia/portadas/audiobook-75d305b10d871ee4.webp,,AUDIOBOOK,Psicología de la música,"Psicología/originales/Psicología de la música - Schön, Daniele; Akiva-Kabiri, Lilach; Vecchi, Tomaso.jpg","{""width"": 220, ""height"": 320}","{""width"": 220, ""height"": 320}","{""width"": 220, ""height"": 320}","{""left"": 0, ""top"": 0, ""right"": 0, ""bottom"": 0}","{""box"": [3.3333333333333286, 0.0, 216.66666666666669, 320.0], ""fraction"": 0.030303, ""shift_x"": 0.0, ""shift_y"": 0.0}",3.375,"{""width"": 720, ""height"": 1080}",86,22178,31d3bd8f7f5e178fe04c2d79f1a913e21742c518dc06d6b36b48d7e60e6ad43d,METADATOS_PENDIENTES,"Falta la editorial.; Falta un idioma válido.; AUDIOBOOK requiere duración positiva, narradores y páginas null.",
Audiolibros/psicologia/portadas/audiobook-97d13cdec3b121c1.webp,,AUDIOBOOK,Psicología de la personalidad (7a. ed.),"Psicología/originales/Psicología de la personalidad (7a. ed.) - Larsen, Randy; Buss, David M..jpg","{""width"": 220, ""height"": 320}","{""width"": 220, ""height"": 320}","{""width"": 220, ""height"": 320}","{""left"": 0, ""top"": 0, ""right"": 0, ""bottom"": 0}",,3.375,,,,,REVISION_ENCUADRE,No existe un crop seguro para las marcas protegidas.,
Audiolibros/psicologia/portadas/audiobook-392b2831c54b8b36.webp,,AUDIOBOOK,Psicología del crecimiento interior,"Psicología/originales/Psicología del crecimiento interior - Ramírez Villafáñez, Amado.jpg","{""width"": 220, ""height"": 320}","{""width"": 220, ""height"": 320}","{""width"": 220, ""height"": 320}","{""left"": 0, ""top"": 0, ""right"": 0, ""bottom"": 0}","{""box"": [3.3333333333333286, 0.0, 216.66666666666669, 320.0], ""fraction"": 0.030303, ""shift_x"": 0.0, ""shift_y"": 0.0}",3.375,"{""width"": 720, ""height"": 1080}",86,42090,d2c57fec75585ee01fb249eceb45c077f1708f6fb0aafce68d9115025e24c2d7,METADATOS_PENDIENTES,"Falta la editorial.; Falta un idioma válido.; AUDIOBOOK requiere duración positiva, narradores y páginas null.",
Audiolibros/psicologia/portadas/audiobook-bc5d121d338cba2f.webp,,AUDIOBOOK,Psicología del delincuente,"Psicología/originales/Psicología del delincuente - Pollitz, Paul.jpg","{""width"": 220, ""height"": 320}","{""width"": 220, ""height"": 320}","{""width"": 220, ""height"": 320}","{""left"": 0, ""top"": 0, ""right"": 0, ""bottom"": 0}","{""box"": [6.666666666666657, 0.0, 220.0, 320.0], ""fraction"": 0.030303, ""shift_x"": 0.015152, ""shift_y"": 0.0}",3.375,"{""width"": 720, ""height"": 1080}",86,43742,7ef8d42c7ece6a651188d6a97dbaaa1ffb6fb0df6445bff261e3de6c7fbb7c02,METADATOS_PENDIENTES,"Falta la editorial.; Falta un idioma válido.; AUDIOBOOK requiere duración positiva, narradores y páginas null.","{""source_box"": [6.666666666666657, 0.0, 220.0, 320.0], ""coordinate_space"": ""exif_oriented_source_pixels"", ""source_sha256"": ""c240d094587db48e9408a6d9d5ab43f23b6fca2dea11fb5350ea41cd7eea0f82"", ""reason"": ""Se retiran solo 6,6667 px de la franja crema izquierda. La ampliación por columnas sitúa los trazos del apellido vertical a partir de x=7 y los conserva completos; la pintura, el bloque azul, el título y los logotipos quedan íntegros. No se recorta el lado derecho a sangre.""}"
Audiolibros/psicologia/portadas/audiobook-a753af2f12da514a.webp,,AUDIOBOOK,Psicología del desarrollo de la niñez,"Psicología/originales/Psicología del desarrollo de la niñez - Faas, Ana Eugenia.jpg","{""width"": 220, ""height"": 320}","{""width"": 220, ""height"": 320}","{""width"": 220, ""height"": 319}","{""left"": 0, ""top"": 1, ""right"": 0, ""bottom"": 0}",,3.38558,,,,,REVISION_ENCUADRE,No existe un crop seguro para las marcas protegidas.,
Audiolibros/psicologia/portadas/audiobook-2958ef439959c6b6.webp,,AUDIOBOOK,Psicología del Poder,"Psicología/originales/Psicología del Poder - Población, Pablo.jpg","{""width"": 220, ""height"": 320}","{""width"": 220, ""height"": 320}","{""width"": 220, ""height"": 320}","{""left"": 0, ""top"": 0, ""right"": 0, ""bottom"": 0}","{""box"": [3.3333333333333286, 0.0, 216.66666666666669, 320.0], ""fraction"": 0.030303, ""shift_x"": 0.0, ""shift_y"": 0.0}",3.375,"{""width"": 720, ""height"": 1080}",86,30322,0577aa4a63da2d7232e5bf150a9ceb62b07086d6459b0d3321c5225fe8da5990,METADATOS_PENDIENTES,"Falta la editorial.; Falta un idioma válido.; AUDIOBOOK requiere duración positiva, narradores y páginas null.",
Audiolibros/psicologia/portadas/audiobook-0e764b84c6567f0a.webp,,AUDIOBOOK,Psicología y cultura de los adolescentes,"Psicología/originales/Psicología y cultura de los adolescentes - Yuni, José Alberto; Urbano, Claudio Ariel.jpg","{""width"": 220, ""height"": 320}","{""width"": 220, ""height"": 320}","{""width"": 220, ""height"": 320}","{""left"": 0, ""top"": 0, ""right"": 0, ""bottom"": 0}",,3.375,,,,,REVISION_ENCUADRE,No existe un crop seguro para las marcas protegidas.,
Audiolibros/psicologia/portadas/audiobook-87dc5625316c2b97.webp,,AUDIOBOOK,Psicología y economía,"Psicología/originales/Psicología y economía - Bonavía Martín, Tomás; Quintanilla Pardo, Ismael.jpg","{""width"": 220, ""height"": 320}","{""width"": 220, ""height"": 320}","{""width"": 220, ""height"": 320}","{""left"": 0, ""top"": 0, ""right"": 0, ""bottom"": 0}",,3.375,,,,,REVISION_ENCUADRE,No existe un crop seguro para las marcas protegidas.,
Audiolibros/psicologia/portadas/audiobook-a7bbf2b70d4c026e.webp,,AUDIOBOOK,Psicoterapia (2a. ed.),Psicología/originales/Psicoterapia (2a. ed.) - Lucio Balarezo.jpg,"{""width"": 220, ""height"": 320}","{""width"": 220, ""height"": 320}","{""width"": 220, ""height"": 320}","{""left"": 0, ""top"": 0, ""right"": 0, ""bottom"": 0}",,3.375,,,,,REVISION_ENCUADRE,No existe un crop seguro para las marcas protegidas.,
Audiolibros/psicologia/portadas/audiobook-fc7e8871dd33f964.webp,,AUDIOBOOK,"Psicoterapia, asesoramiento y consejería (2a. ed.)","Psicología/originales/Psicoterapia, asesoramiento y consejería (2a. ed.) - Lucio Balarezo Chiriboga.jpg","{""width"": 220, ""height"": 320}","{""width"": 220, ""height"": 320}","{""width"": 220, ""height"": 320}","{""left"": 0, ""top"": 0, ""right"": 0, ""bottom"": 0}","{""box"": [3.3333333333333286, 0.0, 216.66666666666669, 320.0], ""fraction"": 0.030303, ""shift_x"": 0.0, ""shift_y"": 0.0}",3.375,"{""width"": 720, ""height"": 1080}",86,43514,1de08b400baa0b8625ee764dc25dca4c40d2592f93ebd920f36139587c388067,METADATOS_PENDIENTES,"Falta la editorial.; Falta un idioma válido.; AUDIOBOOK requiere duración positiva, narradores y páginas null.",
Audiolibros/psicologia/portadas/audiobook-b3f705160d54dbfe.webp,,AUDIOBOOK,Temas de psicología práctica,"Psicología/originales/Temas de psicología práctica - Sarráis Oteo, Fernando.jpg","{""width"": 220, ""height"": 320}","{""width"": 220, ""height"": 320}","{""width"": 220, ""height"": 320}","{""left"": 0, ""top"": 0, ""right"": 0, ""bottom"": 0}","{""box"": [6.666666666666657, 0.0, 220.0, 320.0], ""fraction"": 0.030303, ""shift_x"": 0.015152, ""shift_y"": 0.0}",3.375,"{""width"": 720, ""height"": 1080}",86,21622,dc3388e7233ff27baf5e24eff4482b6ab4df4c7b23d4aea6a470ce57e02c6072,METADATOS_PENDIENTES,"Falta la editorial.; Falta un idioma válido.; AUDIOBOOK requiere duración positiva, narradores y páginas null.",
Audiolibros/psicologia/portadas/audiobook-fcd4ee9a90e733d4.webp,,AUDIOBOOK,Teoría y técnica de la psicoterapia psicoanalítica,"Psicología/originales/Teoría y técnica de la psicoterapia psicoanalítica - González Núñez, José de Jesús; Rodríguez Cortés, María del Pilar.jpg","{""width"": 220, ""height"": 320}","{""width"": 220, ""height"": 320}","{""width"": 220, ""height"": 320}","{""left"": 0, ""top"": 0, ""right"": 0, ""bottom"": 0}","{""box"": [1.6833333333333287, 0.0, 215.01666666666668, 320.0], ""fraction"": 0.030303, ""shift_x"": -0.0075, ""shift_y"": 0.0}",3.375,"{""width"": 720, ""height"": 1080}",86,41546,b4d903c8565afba817059546be3d42449a3f1dce609264dbcdfad6339d25bd86,METADATOS_PENDIENTES,"Falta la editorial.; Falta un idioma válido.; AUDIOBOOK requiere duración positiva, narradores y páginas null.",
Audiolibros/historia/portadas/audiobook-5ffda6c39b6efed0.webp,,AUDIOBOOK,Cleopatra: una vida,"Historia/originales/Cleopatra una vida - Schiff, Stacy.jpg","{""width"": 220, ""height"": 320}","{""width"": 220, ""height"": 320}","{""width"": 220, ""height"": 320}","{""left"": 0, ""top"": 0, ""right"": 0, ""bottom"": 0}","{""box"": [0, 0.0, 213.33333333333334, 320.0], ""fraction"": 0.030303, ""shift_x"": -0.015152, ""shift_y"": 0.0}",3.375,"{""width"": 720, ""height"": 1080}",86,37516,353e0c91e77eb0452fb71f904e216d019a77f89288f1497582b7dda363bfe668,METADATOS_PENDIENTES,"Falta la editorial.; Falta un idioma válido.; AUDIOBOOK requiere duración positiva, narradores y páginas null.",
Audiolibros/historia/portadas/audiobook-471cf2a4520676e2.webp,,AUDIOBOOK,Historia mínima de Bolivia,"Historia/originales/Historia mínima de Bolivia - Klein, Herbert.jpg","{""width"": 220, ""height"": 320}","{""width"": 220, ""height"": 320}","{""width"": 220, ""height"": 320}","{""left"": 0, ""top"": 0, ""right"": 0, ""bottom"": 0}",,3.375,,,,,REVISION_ENCUADRE,No existe un crop seguro para las marcas protegidas.,
Audiolibros/historia/portadas/audiobook-c010fe1dc07ad8d9.webp,,AUDIOBOOK,Historia mínima de Brasil,"Historia/originales/Historia mínima de Brasil - Fausto, Boris.jpg","{""width"": 220, ""height"": 320}","{""width"": 220, ""height"": 320}","{""width"": 220, ""height"": 320}","{""left"": 0, ""top"": 0, ""right"": 0, ""bottom"": 0}","{""box"": [3.8833333333333275, 0.0, 217.21666666666667, 320.0], ""fraction"": 0.030303, ""shift_x"": 0.0025, ""shift_y"": 0.0}",3.375,"{""width"": 720, ""height"": 1080}",86,24586,a4799f49d6444b83413f95a22adb5c68d1ac8923afbc1ce506265db213e6ac14,METADATOS_PENDIENTES,"Falta la editorial.; Falta un idioma válido.; AUDIOBOOK requiere duración positiva, narradores y páginas null.",
Audiolibros/historia/portadas/audiobook-c5aaef0d8aa67d63.webp,,AUDIOBOOK,Historia mínima de Centroamérica,"Historia/originales/Historia mínima de Centroamérica - Pastor, Rodolfo.jpg","{""width"": 220, ""height"": 320}","{""width"": 220, ""height"": 320}","{""width"": 220, ""height"": 320}","{""left"": 0, ""top"": 0, ""right"": 0, ""bottom"": 0}","{""box"": [3.3333333333333286, 0.0, 216.66666666666669, 320.0], ""fraction"": 0.030303, ""shift_x"": 0.0, ""shift_y"": 0.0}",3.375,"{""width"": 720, ""height"": 1080}",86,37330,e9e58003fe2e5b9546a5f9f9be9e6aa897ee1d211b9f737fb8ddfd4bd8d30c26,METADATOS_PENDIENTES,"Falta la editorial.; Falta un idioma válido.; AUDIOBOOK requiere duración positiva, narradores y páginas null.",
Audiolibros/historia/portadas/audiobook-93b9e1556ed1909c.webp,,AUDIOBOOK,Historia mínima de Chile,"Historia/originales/Historia mínima de Chile - Sagredo Baeza, Rafael.jpg","{""width"": 220, ""height"": 320}","{""width"": 220, ""height"": 320}","{""width"": 220, ""height"": 320}","{""left"": 0, ""top"": 0, ""right"": 0, ""bottom"": 0}","{""box"": [3.3333333333333286, 0.0, 216.66666666666669, 320.0], ""fraction"": 0.030303, ""shift_x"": 0.0, ""shift_y"": 0.0}",3.375,"{""width"": 720, ""height"": 1080}",86,37588,1d927443fb51cef8c0d2025358808adfa8679ecd2d48ef2818a1d7c0e5c4b8e1,METADATOS_PENDIENTES,"Falta la editorial.; Falta un idioma válido.; AUDIOBOOK requiere duración positiva, narradores y páginas null.",
Audiolibros/historia/portadas/audiobook-8353ef125b47830b.webp,,AUDIOBOOK,Historia mínima de Cuba,"Historia/originales/Historia mínima de Cuba - Zanetti Lecuona, Oscar.jpg","{""width"": 220, ""height"": 320}","{""width"": 220, ""height"": 320}","{""width"": 220, ""height"": 320}","{""left"": 0, ""top"": 0, ""right"": 0, ""bottom"": 0}","{""box"": [3.3333333333333286, 0.0, 216.66666666666669, 320.0], ""fraction"": 0.030303, ""shift_x"": 0.0, ""shift_y"": 0.0}",3.375,"{""width"": 720, ""height"": 1080}",86,28082,32b4139c5145118f9bee8fbb6b0c4679c2ba1169a667e4ef17ea09b74a88a936,METADATOS_PENDIENTES,"Falta la editorial.; Falta un idioma válido.; AUDIOBOOK requiere duración positiva, narradores y páginas null.",
Audiolibros/historia/portadas/audiobook-5ce7895763a94ba2.webp,,AUDIOBOOK,Historia mínima de Filipinas,"Historia/originales/Historia mínima de Filipinas - Machuca Chávez, Paulina.jpg","{""width"": 220, ""height"": 320}","{""width"": 220, ""height"": 320}","{""width"": 220, ""height"": 320}","{""left"": 0, ""top"": 0, ""right"": 0, ""bottom"": 0}","{""box"": [0, 0.0, 213.33333333333334, 320.0], ""fraction"": 0.030303, ""shift_x"": -0.015152, ""shift_y"": 0.0}",3.375,"{""width"": 720, ""height"": 1080}",86,25342,b983d1e8997c85d4c01a4f8596af87b0f8e5c1f44ad852977e95d1295e1ae5f3,METADATOS_PENDIENTES,"Falta la editorial.; Falta un idioma válido.; AUDIOBOOK requiere duración positiva, narradores y páginas null.",
Audiolibros/historia/portadas/audiobook-3e4cdaec6f0f53ba.webp,,AUDIOBOOK,Historia mínima de Israel,"Historia/originales/Historia mínima de Israel - Sznajder, Mario.jpg","{""width"": 220, ""height"": 320}","{""width"": 220, ""height"": 320}","{""width"": 220, ""height"": 320}","{""left"": 0, ""top"": 0, ""right"": 0, ""bottom"": 0}","{""box"": [3.3333333333333286, 0.0, 216.66666666666669, 320.0], ""fraction"": 0.030303, ""shift_x"": 0.0, ""shift_y"": 0.0}",3.375,"{""width"": 720, ""height"": 1080}",86,20872,af92c3c98a60df22c4a42b82923e20935fa5a409f6b8369ee125e12dd6126fad,METADATOS_PENDIENTES,"Falta la editorial.; Falta un idioma válido.; AUDIOBOOK requiere duración positiva, narradores y páginas null.",
Audiolibros/historia/portadas/audiobook-4fe7602af2ff65e0.webp,,AUDIOBOOK,Historia mínima de la deuda externa de Latinoamérica,"Historia/originales/Historia mínima de la deuda externa de Latinoamérica - Marichal Salinas, Carlos.jpg","{""width"": 220, ""height"": 320}","{""width"": 220, ""height"": 320}","{""width"": 220, ""height"": 320}","{""left"": 0, ""top"": 0, ""right"": 0, ""bottom"": 0}","{""box"": [3.3333333333333286, 0.0, 216.66666666666669, 320.0], ""fraction"": 0.030303, ""shift_x"": 0.0, ""shift_y"": 0.0}",3.375,"{""width"": 720, ""height"": 1080}",86,32496,54fbe7390903e77cfe48795cb233e8de5ff6d5a0e4fada3bc643b0cd5f183989,METADATOS_PENDIENTES,"Falta la editorial.; Falta un idioma válido.; AUDIOBOOK requiere duración positiva, narradores y páginas null.",
Audiolibros/historia/portadas/audiobook-c43379ed1e172b68.webp,,AUDIOBOOK,Historia mínima de la eugenesia en América Latina,"Historia/originales/Historia mínima de la eugenesia en América Latina - Reggiani, Andrés Horacio.jpg","{""width"": 220, ""height"": 320}","{""width"": 220, ""height"": 320}","{""width"": 220, ""height"": 320}","{""left"": 0, ""top"": 0, ""right"": 0, ""bottom"": 0}","{""box"": [3.3333333333333286, 0.0, 216.66666666666669, 320.0], ""fraction"": 0.030303, ""shift_x"": 0.0, ""shift_y"": 0.0}",3.375,"{""width"": 720, ""height"": 1080}",86,28854,7f29f1be1dbab154ca9f794d40a66e2588a49cbbb30a9d397da70ad31db9227e,METADATOS_PENDIENTES,"Falta la editorial.; Falta un idioma válido.; AUDIOBOOK requiere duración positiva, narradores y páginas null.",
Audiolibros/historia/portadas/audiobook-8a8026589089416b.webp,,AUDIOBOOK,Historia mínima de la globalización temprana,"Historia/originales/Historia mínima de la globalización temprana - Hausberger, Bernd.jpg","{""width"": 220, ""height"": 320}","{""width"": 220, ""height"": 320}","{""width"": 220, ""height"": 320}","{""left"": 0, ""top"": 0, ""right"": 0, ""bottom"": 0}","{""box"": [3.3333333333333286, 0.0, 216.66666666666669, 320.0], ""fraction"": 0.030303, ""shift_x"": 0.0, ""shift_y"": 0.0}",3.375,"{""width"": 720, ""height"": 1080}",86,61448,9b1865917a87c87f644b851fd6fea709a21643d9927c9b22ffeeb05896def73d,METADATOS_PENDIENTES,"Falta la editorial.; Falta un idioma válido.; AUDIOBOOK requiere duración positiva, narradores y páginas null.","{""source_box"": [3.3333333333333286, 0.0, 216.66666666666669, 320.0], ""coordinate_space"": ""exif_oriented_source_pixels"", ""source_sha256"": ""cc472d9e1541c9c71e7802e25b5f0d63407f19f0bbc7e55119ec35d621120b52"", ""reason"": ""El recorte centrado elimina 3,3333 px de campos planos verde/amarillo a cada lado. El cuadro central está ampliamente insetado, igual que el título, autor y sello superior; no se cruzan marcos, trazos ni imagen en las franjas retiradas.""}"
Audiolibros/historia/portadas/audiobook-176d5792f8d5303e.webp,,AUDIOBOOK,Historia mínima de la Inquisición,"Historia/originales/Historia mínima de la Inquisición - Torres Puga, Gabriel.jpg","{""width"": 220, ""height"": 320}","{""width"": 220, ""height"": 320}","{""width"": 220, ""height"": 320}","{""left"": 0, ""top"": 0, ""right"": 0, ""bottom"": 0}","{""box"": [3.3333333333333286, 0.0, 216.66666666666669, 320.0], ""fraction"": 0.030303, ""shift_x"": 0.0, ""shift_y"": 0.0}",3.375,"{""width"": 720, ""height"": 1080}",86,31004,252735602ded6168a5c17f26063d31f5eb512867a2824371cdcfcfd1bffad0ae,METADATOS_PENDIENTES,"Falta la editorial.; Falta un idioma válido.; AUDIOBOOK requiere duración positiva, narradores y páginas null.",
Audiolibros/historia/portadas/audiobook-f3621ba9427d736d.webp,,AUDIOBOOK,Historia mínima de la Revolución cubana,"Historia/originales/Historia mínima de la Revolución cubana - Rojas, Rafael.jpg","{""width"": 220, ""height"": 320}","{""width"": 220, ""height"": 320}","{""width"": 220, ""height"": 320}","{""left"": 0, ""top"": 0, ""right"": 0, ""bottom"": 0}","{""box"": [3.3333333333333286, 0.0, 216.66666666666669, 320.0], ""fraction"": 0.030303, ""shift_x"": 0.0, ""shift_y"": 0.0}",3.375,"{""width"": 720, ""height"": 1080}",86,43970,6198efed4b8a07b37dc7aa4af418cb3afd0d3f0e3220965a2d88bdd1136c320e,METADATOS_PENDIENTES,"Falta la editorial.; Falta un idioma válido.; AUDIOBOOK requiere duración positiva, narradores y páginas null.",
Audiolibros/historia/portadas/audiobook-2882f30b93bec4e1.webp,,AUDIOBOOK,Historia mínima de la transición democrática en México,"Historia/originales/Historia mínima de la transición democrática en México - Woldenberg, José.jpg","{""width"": 220, ""height"": 320}","{""width"": 220, ""height"": 320}","{""width"": 220, ""height"": 320}","{""left"": 0, ""top"": 0, ""right"": 0, ""bottom"": 0}","{""box"": [3.3333333333333286, 0.0, 216.66666666666669, 320.0], ""fraction"": 0.030303, ""shift_x"": 0.0, ""shift_y"": 0.0}",3.375,"{""width"": 720, ""height"": 1080}",86,33512,07bf4e5269f82cdd458e103943681f206cb5f164f6931c4a763075876cc87b25,METADATOS_PENDIENTES,"Falta la editorial.; Falta un idioma válido.; AUDIOBOOK requiere duración positiva, narradores y páginas null.",
Audiolibros/historia/portadas/audiobook-8bfa074835747bda.webp,,AUDIOBOOK,Historia mínima de las constituciones en México,"Historia/originales/Historia mínima de las constituciones en México - Serrano Migallón, Fernando.jpg","{""width"": 220, ""height"": 320}","{""width"": 220, ""height"": 320}","{""width"": 220, ""height"": 320}","{""left"": 0, ""top"": 0, ""right"": 0, ""bottom"": 0}","{""box"": [3.3333333333333286, 0.0, 216.66666666666669, 320.0], ""fraction"": 0.030303, ""shift_x"": 0.0, ""shift_y"": 0.0}",3.375,"{""width"": 720, ""height"": 1080}",86,36464,67ab06f448931e53e55238dbd862953cd9ab625a07115b7c8c8ab5e4f059fb44,METADATOS_PENDIENTES,"Falta la editorial.; Falta un idioma válido.; AUDIOBOOK requiere duración positiva, narradores y páginas null.",
Audiolibros/historia/portadas/audiobook-68e899b54c542016.webp,,AUDIOBOOK,Historia mínima de las izquierdas en México,"Historia/originales/Historia mínima de las izquierdas en México - Rodríguez Kuri, Ariel.jpg","{""width"": 220, ""height"": 320}","{""width"": 220, ""height"": 320}","{""width"": 220, ""height"": 320}","{""left"": 0, ""top"": 0, ""right"": 0, ""bottom"": 0}","{""box"": [3.3333333333333286, 0.0, 216.66666666666669, 320.0], ""fraction"": 0.030303, ""shift_x"": 0.0, ""shift_y"": 0.0}",3.375,"{""width"": 720, ""height"": 1080}",86,29970,da4d8fcb7da8aafc4bcdc80f4ef8a01eb82224f7447f97a00b9ca01996081525,METADATOS_PENDIENTES,"Falta la editorial.; Falta un idioma válido.; AUDIOBOOK requiere duración positiva, narradores y páginas null.",
Audiolibros/historia/portadas/audiobook-cf1f2cbe3ef1e9db.webp,,AUDIOBOOK,Historia mínima de los judíos en la antigüedad,"Historia/originales/Historia mínima de los judíos en la antigüedad - Roitman, Adolfo D..jpg","{""width"": 220, ""height"": 320}","{""width"": 220, ""height"": 320}","{""width"": 220, ""height"": 320}","{""left"": 0, ""top"": 0, ""right"": 0, ""bottom"": 0}","{""box"": [3.3333333333333286, 0.0, 216.66666666666669, 320.0], ""fraction"": 0.030303, ""shift_x"": 0.0, ""shift_y"": 0.0}",3.375,"{""width"": 720, ""height"": 1080}",86,31594,21854e1958e2886d811c7d4329fea8bb9447ceb4cdc815f91406039b57395176,METADATOS_PENDIENTES,"Falta la editorial.; Falta un idioma válido.; AUDIOBOOK requiere duración positiva, narradores y páginas null.",
Audiolibros/historia/portadas/audiobook-659960efe616ad92.webp,,AUDIOBOOK,Historia mínima de Perú,"Historia/originales/Historia mínima de Perú - Contreras, Carlos; Zuloaga, Marina.jpg","{""width"": 220, ""height"": 320}","{""width"": 220, ""height"": 320}","{""width"": 220, ""height"": 320}","{""left"": 0, ""top"": 0, ""right"": 0, ""bottom"": 0}","{""box"": [3.3333333333333286, 0.0, 216.66666666666669, 320.0], ""fraction"": 0.030303, ""shift_x"": 0.0, ""shift_y"": 0.0}",3.375,"{""width"": 720, ""height"": 1080}",86,62268,b8c006b332efed8ebc7c494a932f6541c147819b8a21f951b541b2d4128d9088,METADATOS_PENDIENTES,"Falta la editorial.; Falta un idioma válido.; AUDIOBOOK requiere duración positiva, narradores y páginas null.","{""source_box"": [3.3333333333333286, 0.0, 216.66666666666669, 320.0], ""coordinate_space"": ""exif_oriented_source_pixels"", ""source_sha256"": ""0a7b2033fb078a797cb987986e913b8707f1e15e9e5b4d3386b7dc878d6f2d54"", ""reason"": ""Se eliminan 3,3333 px por cada lado de los campos planos ocre/marrón. La revisión ampliada por columnas confirma que el textil y sus reglas están insetados aproximadamente entre x=5 y x=215; el crop [3,3333,216,6667] conserva todos los motivos y reglas, además de textos y sello.""}"
Audiolibros/historia/portadas/audiobook-3df916b31d9a1795.webp,,AUDIOBOOK,Historia mínima de Rusia,"Historia/originales/Historia mínima de Rusia - Matos Franco, Rainer María.jpg","{""width"": 220, ""height"": 320}","{""width"": 220, ""height"": 320}","{""width"": 220, ""height"": 320}","{""left"": 0, ""top"": 0, ""right"": 0, ""bottom"": 0}","{""box"": [3.3333333333333286, 0.0, 216.66666666666669, 320.0], ""fraction"": 0.030303, ""shift_x"": 0.0, ""shift_y"": 0.0}",3.375,"{""width"": 720, ""height"": 1080}",86,16774,c48bb14e87e9c86a7a3c1c490c527b14ed822e7625fc33cfc68c21ae0dad3094,METADATOS_PENDIENTES,"Falta la editorial.; Falta un idioma válido.; AUDIOBOOK requiere duración positiva, narradores y páginas null.",
Audiolibros/historia/portadas/audiobook-b86df2c25680b773.webp,,AUDIOBOOK,Historia mínima de Uruguay,"Historia/originales/Historia mínima de Uruguay - Caetano, Gerardo.jpg","{""width"": 220, ""height"": 320}","{""width"": 220, ""height"": 320}","{""width"": 220, ""height"": 320}","{""left"": 0, ""top"": 0, ""right"": 0, ""bottom"": 0}","{""box"": [3.3333333333333286, 0.0, 216.66666666666669, 320.0], ""fraction"": 0.030303, ""shift_x"": 0.0, ""shift_y"": 0.0}",3.375,"{""width"": 720, ""height"": 1080}",86,10596,b87a9677da5494c936b8ddc8b4589172de5bcbf29d35ecc4ada78428e63c4fbb,METADATOS_PENDIENTES,"Falta la editorial.; Falta un idioma válido.; AUDIOBOOK requiere duración positiva, narradores y páginas null.",
Audiolibros/historia/portadas/audiobook-7411ad44a2e96d63.webp,,AUDIOBOOK,Historia mínima del PRI,"Historia/originales/Historia mínima del PRI - Hernández Rodríguez, Rogelio.jpg","{""width"": 220, ""height"": 320}","{""width"": 220, ""height"": 320}","{""width"": 220, ""height"": 320}","{""left"": 0, ""top"": 0, ""right"": 0, ""bottom"": 0}","{""box"": [3.3333333333333286, 0.0, 216.66666666666669, 320.0], ""fraction"": 0.030303, ""shift_x"": 0.0, ""shift_y"": 0.0}",3.375,"{""width"": 720, ""height"": 1080}",86,46598,97fdee242717125ed84c3e23ead263d95a1bcc1664ec2302b3c8ea84dbb6a04b,METADATOS_PENDIENTES,"Falta la editorial.; Falta un idioma válido.; AUDIOBOOK requiere duración positiva, narradores y páginas null.",
Audiolibros/historia/portadas/audiobook-0387aad921ca05d3.webp,,AUDIOBOOK,Historia mínima del Tequila,"Historia/originales/Historia mínima del Tequila - Muria, José M..jpg","{""width"": 220, ""height"": 320}","{""width"": 220, ""height"": 320}","{""width"": 220, ""height"": 320}","{""left"": 0, ""top"": 0, ""right"": 0, ""bottom"": 0}","{""box"": [3.3333333333333286, 0.0, 216.66666666666669, 320.0], ""fraction"": 0.030303, ""shift_x"": 0.0, ""shift_y"": 0.0}",3.375,"{""width"": 720, ""height"": 1080}",86,24734,acc75ef16ee0928e54736170dddbaef0a5f5b546b963957d5ef853d19fb2d981,METADATOS_PENDIENTES,"Falta la editorial.; Falta un idioma válido.; AUDIOBOOK requiere duración positiva, narradores y páginas null.",
Audiolibros/historia/portadas/audiobook-d29c2b72f2da902e.webp,,AUDIOBOOK,Los hombres del faraón: el ejército a finales del Reino Nuevo en el Antiguo Egipto,"Historia/originales/Los hombres del faraón el ejército a finales del Reino Nuevo en el Antiguo Egipto - Alonso García, José.jpg","{""width"": 220, ""height"": 320}","{""width"": 220, ""height"": 320}","{""width"": 220, ""height"": 320}","{""left"": 0, ""top"": 0, ""right"": 0, ""bottom"": 0}","{""box"": [0, 0.0, 213.33333333333334, 320.0], ""fraction"": 0.030303, ""shift_x"": -0.015152, ""shift_y"": 0.0}",3.375,"{""width"": 720, ""height"": 1080}",86,33104,488c35a2b7c5d635a471d90afb3dfccb116b36a6f7acdf709dae5c89ab35dd86,METADATOS_PENDIENTES,"Falta la editorial.; Falta un idioma válido.; AUDIOBOOK requiere duración positiva, narradores y páginas null.",
Audiolibros/historia/portadas/audiobook-628e39aa018228ce.webp,,AUDIOBOOK,Momias: la derrota de la muerte en el Antiguo Egipto,"Historia/originales/Momias la derrota de la muerte en el Antiguo Egipto - Parra, José Miguel.jpg","{""width"": 220, ""height"": 320}","{""width"": 220, ""height"": 320}","{""width"": 220, ""height"": 320}","{""left"": 0, ""top"": 0, ""right"": 0, ""bottom"": 0}",,3.375,,,,,REVISION_ENCUADRE,No existe un crop seguro para las marcas protegidas.,
Audiolibros/historia/portadas/audiobook-be5cb4237d0c750c.webp,,AUDIOBOOK,"Pirámides, templos y estrellas: astronomía y arqueología en el Egipto antiguo","Historia/originales/Pirámides, templos y estrellas astronomía y arqueología en el Egipto antiguo - Belmonte Avilés, Juan Antonio.jpg","{""width"": 220, ""height"": 320}","{""width"": 220, ""height"": 320}","{""width"": 220, ""height"": 320}","{""left"": 0, ""top"": 0, ""right"": 0, ""bottom"": 0}","{""box"": [6.083333333333329, 0.0, 219.41666666666669, 320.0], ""fraction"": 0.030303, ""shift_x"": 0.0125, ""shift_y"": 0.0}",3.375,"{""width"": 720, ""height"": 1080}",86,49100,00a4ab0116ed4e2cdd690e38a02d33de851b7306ede43b77dedc9b09a1915d0f,METADATOS_PENDIENTES,"Falta la editorial.; Falta un idioma válido.; AUDIOBOOK requiere duración positiva, narradores y páginas null.",
Audiolibros/ciencias-sociales/portadas/audiobook-00d683e13d8fa691.webp,,AUDIOBOOK,Antropología,Ciencias Sociales/originales/Antropología - Juan Oliver Sánchez Fernández.jpg,"{""width"": 220, ""height"": 320}","{""width"": 220, ""height"": 320}","{""width"": 220, ""height"": 320}","{""left"": 0, ""top"": 0, ""right"": 0, ""bottom"": 0}",,3.375,,,,,REVISION_ENCUADRE,No existe un crop seguro para las marcas protegidas.,
Audiolibros/ciencias-sociales/portadas/audiobook-1d8bfe84a7efd553.webp,,AUDIOBOOK,Antropología,"Ciencias Sociales/originales/Antropología - Lahera Almeida, Nubis.jpg","{""width"": 220, ""height"": 320}","{""width"": 220, ""height"": 320}","{""width"": 220, ""height"": 320}","{""left"": 0, ""top"": 0, ""right"": 0, ""bottom"": 0}",,3.375,,,,,REVISION_ENCUADRE,No existe un crop seguro para las marcas protegidas.,
Audiolibros/ciencias-sociales/portadas/audiobook-046571228ee95a8b.webp,,AUDIOBOOK,Antropología ambiental: fundamentos,"Ciencias Sociales/originales/Antropología ambiental fundamentos - Jaquenod De Zsögön, Silvia.jpg","{""width"": 220, ""height"": 320}","{""width"": 220, ""height"": 320}","{""width"": 220, ""height"": 320}","{""left"": 0, ""top"": 0, ""right"": 0, ""bottom"": 0}",,3.375,,,,,REVISION_ENCUADRE,No existe un crop seguro para las marcas protegidas.,
Audiolibros/ciencias-sociales/portadas/audiobook-04c452c27b67c61d.webp,,AUDIOBOOK,Antropología de la ciudad,"Ciencias Sociales/originales/Antropología de la ciudad - Duch, Lluís.jpg","{""width"": 220, ""height"": 320}","{""width"": 220, ""height"": 320}","{""width"": 220, ""height"": 320}","{""left"": 0, ""top"": 0, ""right"": 0, ""bottom"": 0}",,3.375,,,,,REVISION_ENCUADRE,No existe un crop seguro para las marcas protegidas.,
Audiolibros/ciencias-sociales/portadas/audiobook-3d0d136ef42177f4.webp,,AUDIOBOOK,Antropología de la religión,"Ciencias Sociales/originales/Antropología de la religión - Duch, Lluís.jpg","{""width"": 220, ""height"": 320}","{""width"": 220, ""height"": 320}","{""width"": 220, ""height"": 320}","{""left"": 0, ""top"": 0, ""right"": 0, ""bottom"": 0}","{""box"": [3.8833333333333275, 0.0, 217.21666666666667, 320.0], ""fraction"": 0.030303, ""shift_x"": 0.0025, ""shift_y"": 0.0}",3.375,"{""width"": 720, ""height"": 1080}",86,31106,681c86f7012239f5e8226ce8c4364f27d7f002687e94ee89a314667fb074c82b,METADATOS_PENDIENTES,"Falta la editorial.; Falta un idioma válido.; AUDIOBOOK requiere duración positiva, narradores y páginas null.",
Audiolibros/ciencias-sociales/portadas/audiobook-73771c507c8407af.webp,,AUDIOBOOK,Antropología de la sexualidad (2a. ed.),"Ciencias Sociales/originales/Antropología de la sexualidad (2a. ed.) - Choza, Jacinto.jpg","{""width"": 220, ""height"": 320}","{""width"": 220, ""height"": 320}","{""width"": 220, ""height"": 320}","{""left"": 0, ""top"": 0, ""right"": 0, ""bottom"": 0}","{""box"": [3.3333333333333286, 0.0, 216.66666666666669, 320.0], ""fraction"": 0.030303, ""shift_x"": 0.0, ""shift_y"": 0.0}",3.375,"{""width"": 720, ""height"": 1080}",86,12854,d2eccebff0721ebe3f3a5ccdcb0d290abe08a36910c9fbb48c204aba11b92dc4,METADATOS_PENDIENTES,"Falta la editorial.; Falta un idioma válido.; AUDIOBOOK requiere duración positiva, narradores y páginas null.",
Audiolibros/ciencias-sociales/portadas/audiobook-bab1813a0052f264.webp,,AUDIOBOOK,Antropología del dolor,"Ciencias Sociales/originales/Antropología del dolor - Breton, David Le.jpg","{""width"": 220, ""height"": 320}","{""width"": 220, ""height"": 320}","{""width"": 220, ""height"": 320}","{""left"": 0, ""top"": 0, ""right"": 0, ""bottom"": 0}",,3.375,,,,,REVISION_ENCUADRE,No existe un crop seguro para las marcas protegidas.,
Audiolibros/ciencias-sociales/portadas/audiobook-6ca82e872a23f412.webp,,AUDIOBOOK,Antropología en perspectiva ambiental,"Ciencias Sociales/originales/Antropología en perspectiva ambiental - Cárdenas Támara, Felipe.jpg","{""width"": 220, ""height"": 320}","{""width"": 220, ""height"": 320}","{""width"": 220, ""height"": 320}","{""left"": 0, ""top"": 0, ""right"": 0, ""bottom"": 0}",,3.375,,,,,REVISION_ENCUADRE,No existe un crop seguro para las marcas protegidas.,
Audiolibros/ciencias-sociales/portadas/audiobook-7f4d556e0ebc44b3.webp,,AUDIOBOOK,"Cultura, antropología y otras tonterías","Ciencias Sociales/originales/Cultura, antropología y otras tonterías - Ángel Díaz de Rada.jpg","{""width"": 220, ""height"": 320}","{""width"": 220, ""height"": 320}","{""width"": 220, ""height"": 320}","{""left"": 0, ""top"": 0, ""right"": 0, ""bottom"": 0}","{""box"": [3.3333333333333286, 0.0, 216.66666666666669, 320.0], ""fraction"": 0.030303, ""shift_x"": 0.0, ""shift_y"": 0.0}",3.375,"{""width"": 720, ""height"": 1080}",86,13062,6426eb226d4cdc174e1e6cb306d6aa459651855f04a9b001269a556e8e6815b8,METADATOS_PENDIENTES,"Falta la editorial.; Falta un idioma válido.; AUDIOBOOK requiere duración positiva, narradores y páginas null.",
Audiolibros/ciencias-sociales/portadas/audiobook-f14fc023b95afe6b.webp,,AUDIOBOOK,Diccionario básico de antropología,"Ciencias Sociales/originales/Diccionario básico de antropología - Campo A., A. Lorena.jpg","{""width"": 220, ""height"": 320}","{""width"": 220, ""height"": 320}","{""width"": 220, ""height"": 320}","{""left"": 0, ""top"": 0, ""right"": 0, ""bottom"": 0}","{""box"": [6.666666666666657, 0.0, 220.0, 320.0], ""fraction"": 0.030303, ""shift_x"": 0.015152, ""shift_y"": 0.0}",3.375,"{""width"": 720, ""height"": 1080}",86,37344,7c38a4a76226a50e9eb87bf9ae9f67f216ca18c47ac40b7345f1bb408b41e9c8,METADATOS_PENDIENTES,"Falta la editorial.; Falta un idioma válido.; AUDIOBOOK requiere duración positiva, narradores y páginas null.",
Audiolibros/ciencias-sociales/portadas/audiobook-e442876860219c72.webp,,AUDIOBOOK,La antropología y el derecho,"Ciencias Sociales/originales/La antropología y el derecho - Manouvrier, Léonce.jpg","{""width"": 220, ""height"": 320}","{""width"": 220, ""height"": 320}","{""width"": 220, ""height"": 320}","{""left"": 0, ""top"": 0, ""right"": 0, ""bottom"": 0}",,3.375,,,,,REVISION_ENCUADRE,No existe un crop seguro para las marcas protegidas.,
Audiolibros/ciencias-sociales/portadas/audiobook-066ff6da2eef4a7c.webp,,AUDIOBOOK,Manual de Sociología de la Familia,"Ciencias Sociales/originales/Manual de Sociología de la Familia - Donati, Pierpaolo.jpg","{""width"": 220, ""height"": 320}","{""width"": 220, ""height"": 320}","{""width"": 220, ""height"": 320}","{""left"": 0, ""top"": 0, ""right"": 0, ""bottom"": 0}","{""box"": [3.3333333333333286, 0.0, 216.66666666666669, 320.0], ""fraction"": 0.030303, ""shift_x"": 0.0, ""shift_y"": 0.0}",3.375,"{""width"": 720, ""height"": 1080}",86,7310,b801a08072fc861ef156ce2b7983a0822021a0af8290e663f750c302578705db,METADATOS_PENDIENTES,"Falta la editorial.; Falta un idioma válido.; AUDIOBOOK requiere duración positiva, narradores y páginas null.",
Audiolibros/ciencias-sociales/portadas/audiobook-37860ea43ea9c32a.webp,,AUDIOBOOK,Paisajes de antropología urbana,"Ciencias Sociales/originales/Paisajes de antropología urbana - Cátedra, María.jpg","{""width"": 220, ""height"": 320}","{""width"": 220, ""height"": 320}","{""width"": 220, ""height"": 320}","{""left"": 0, ""top"": 0, ""right"": 0, ""bottom"": 0}","{""box"": [3.3333333333333286, 0.0, 216.66666666666669, 320.0], ""fraction"": 0.030303, ""shift_x"": 0.0, ""shift_y"": 0.0}",3.375,"{""width"": 720, ""height"": 1080}",86,15246,6a218fbec916705c6501141990370a1e7686ac227a3ae366447bd9e4efb9fc60,METADATOS_PENDIENTES,"Falta la editorial.; Falta un idioma válido.; AUDIOBOOK requiere duración positiva, narradores y páginas null.",
Audiolibros/ciencias-sociales/portadas/audiobook-630f169ce3e6f75f.webp,,AUDIOBOOK,Pragmatismo y sociología,"Ciencias Sociales/originales/Pragmatismo y sociología - Durkheim, Émile.jpg","{""width"": 220, ""height"": 320}","{""width"": 220, ""height"": 320}","{""width"": 220, ""height"": 320}","{""left"": 0, ""top"": 0, ""right"": 0, ""bottom"": 0}",,3.375,,,,,REVISION_ENCUADRE,No existe un crop seguro para las marcas protegidas.,
Audiolibros/ciencias-sociales/portadas/audiobook-a2f011f88740b6a6.webp,,AUDIOBOOK,Sociología,"Ciencias Sociales/originales/Sociología - Cruz Diloné, Efraín.jpg","{""width"": 220, ""height"": 320}","{""width"": 220, ""height"": 320}","{""width"": 220, ""height"": 320}","{""left"": 0, ""top"": 0, ""right"": 0, ""bottom"": 0}",,3.375,,,,,REVISION_ENCUADRE,No existe un crop seguro para las marcas protegidas.,
Audiolibros/ciencias-sociales/portadas/audiobook-3c4d815f63109b21.webp,,AUDIOBOOK,Sociología,Ciencias Sociales/originales/Sociología - Luis Pérez Cruz.jpg,"{""width"": 220, ""height"": 320}","{""width"": 220, ""height"": 320}","{""width"": 220, ""height"": 320}","{""left"": 0, ""top"": 0, ""right"": 0, ""bottom"": 0}",,3.375,,,,,REVISION_ENCUADRE,No existe un crop seguro para las marcas protegidas.,
Audiolibros/ciencias-sociales/portadas/audiobook-37ca9eeef690d721.webp,,AUDIOBOOK,Sociología (3a. ed.),"Ciencias Sociales/originales/Sociología (3a. ed.) - Paradeda, Daniel; Pintos Andrade, Esteban W.; Ríos, Alejandra.jpg","{""width"": 220, ""height"": 320}","{""width"": 220, ""height"": 320}","{""width"": 220, ""height"": 320}","{""left"": 0, ""top"": 0, ""right"": 0, ""bottom"": 0}",,3.375,,,,,REVISION_ENCUADRE,No existe un crop seguro para las marcas protegidas.,
Audiolibros/ciencias-sociales/portadas/audiobook-da60551f03495d38.webp,,AUDIOBOOK,Sociología criminal,"Ciencias Sociales/originales/Sociología criminal - Ferri, Enrico.jpg","{""width"": 220, ""height"": 320}","{""width"": 220, ""height"": 320}","{""width"": 220, ""height"": 320}","{""left"": 0, ""top"": 0, ""right"": 0, ""bottom"": 0}","{""box"": [2.783333333333328, 0.0, 216.11666666666667, 320.0], ""fraction"": 0.030303, ""shift_x"": -0.0025, ""shift_y"": 0.0}",3.375,"{""width"": 720, ""height"": 1080}",86,39226,0fde21aafefbb915f3311adb73cbc6e078861d70a05e50cfd2671e30ecaa0577,METADATOS_PENDIENTES,"Falta la editorial.; Falta un idioma válido.; AUDIOBOOK requiere duración positiva, narradores y páginas null.",
Audiolibros/ciencias-sociales/portadas/audiobook-034c5578c65f08bc.webp,,AUDIOBOOK,Sociología de la educación,"Ciencias Sociales/originales/Sociología de la educación - Rodríguez González, Raysa.jpg","{""width"": 220, ""height"": 320}","{""width"": 220, ""height"": 320}","{""width"": 220, ""height"": 320}","{""left"": 0, ""top"": 0, ""right"": 0, ""bottom"": 0}",,3.375,,,,,REVISION_ENCUADRE,No existe un crop seguro para las marcas protegidas.,
Audiolibros/ciencias-sociales/portadas/audiobook-418a2221723ba5e3.webp,,AUDIOBOOK,Sociología del derecho,"Ciencias Sociales/originales/Sociología del derecho - Aubert, Vilhelm.jpg","{""width"": 220, ""height"": 320}","{""width"": 220, ""height"": 320}","{""width"": 220, ""height"": 320}","{""left"": 0, ""top"": 0, ""right"": 0, ""bottom"": 0}",,3.375,,,,,REVISION_ENCUADRE,No existe un crop seguro para las marcas protegidas.,
Audiolibros/ciencias-sociales/portadas/audiobook-f3d7ec00b1a4d1db.webp,,AUDIOBOOK,Sociología del Derecho,"Ciencias Sociales/originales/Sociología del Derecho - Lévy-Bruhl, Henri.jpg","{""width"": 220, ""height"": 320}","{""width"": 220, ""height"": 320}","{""width"": 220, ""height"": 320}","{""left"": 0, ""top"": 0, ""right"": 0, ""bottom"": 0}",,3.375,,,,,REVISION_ENCUADRE,No existe un crop seguro para las marcas protegidas.,
Audiolibros/ciencias-sociales/portadas/audiobook-e57807da5473045b.webp,,AUDIOBOOK,Sociología del derecho,"Ciencias Sociales/originales/Sociología del derecho - Rehbinder, Manfred.jpg","{""width"": 220, ""height"": 320}","{""width"": 220, ""height"": 320}","{""width"": 220, ""height"": 320}","{""left"": 0, ""top"": 0, ""right"": 0, ""bottom"": 0}",,3.375,,,,,REVISION_ENCUADRE,No existe un crop seguro para las marcas protegidas.,
Audiolibros/ciencias-sociales/portadas/audiobook-6e184162cc357663.webp,,AUDIOBOOK,Sociología del Renacimiento,"Ciencias Sociales/originales/Sociología del Renacimiento - Martín, Alfred von.jpg","{""width"": 220, ""height"": 320}","{""width"": 220, ""height"": 320}","{""width"": 220, ""height"": 320}","{""left"": 0, ""top"": 0, ""right"": 0, ""bottom"": 0}","{""box"": [3.8833333333333275, 0.0, 217.21666666666667, 320.0], ""fraction"": 0.030303, ""shift_x"": 0.0025, ""shift_y"": 0.0}",3.375,"{""width"": 720, ""height"": 1080}",86,104018,79c8593fef38e7465d63cfdb3bb99f8ea99d4bf7abea53c7db0e06f761156788,METADATOS_PENDIENTES,"Falta la editorial.; Falta un idioma válido.; AUDIOBOOK requiere duración positiva, narradores y páginas null.",
Audiolibros/ciencias-sociales/portadas/audiobook-73794c8ae65d8a98.webp,,AUDIOBOOK,Sociología jurídica,"Ciencias Sociales/originales/Sociología jurídica - Nardi-Greco, Carlo.jpg","{""width"": 220, ""height"": 320}","{""width"": 220, ""height"": 320}","{""width"": 220, ""height"": 320}","{""left"": 0, ""top"": 0, ""right"": 0, ""bottom"": 0}",,3.375,,,,,REVISION_ENCUADRE,No existe un crop seguro para las marcas protegidas.,
Audiolibros/ciencias-sociales/portadas/audiobook-3e4d69b0972fe857.webp,,AUDIOBOOK,Sociología: los conceptos esenciales,"Ciencias Sociales/originales/Sociología los conceptos esenciales - Izquierdo Escribano, Antonio.jpg","{""width"": 220, ""height"": 320}","{""width"": 220, ""height"": 320}","{""width"": 220, ""height"": 320}","{""left"": 0, ""top"": 0, ""right"": 0, ""bottom"": 0}",,3.375,,,,,REVISION_ENCUADRE,No existe un crop seguro para las marcas protegidas.,
Audiolibros/ciencias/portadas/audiobook-e8a8d5d56c6bbdae.webp,,AUDIOBOOK,Apuntes de ecología microbiana,"Ciencias/originales/Apuntes de ecología microbiana - Gutiérrez Castrejón, Teodoro.jpg","{""width"": 220, ""height"": 320}","{""width"": 220, ""height"": 320}","{""width"": 220, ""height"": 320}","{""left"": 0, ""top"": 0, ""right"": 0, ""bottom"": 0}","{""box"": [3.3333333333333286, 0.0, 216.66666666666669, 320.0], ""fraction"": 0.030303, ""shift_x"": 0.0, ""shift_y"": 0.0}",3.375,"{""width"": 720, ""height"": 1080}",86,23188,bd1bcd21e34fece00274580fa871a586afdd1b0834b834efb0c5df79f82161ed,METADATOS_PENDIENTES,"Falta la editorial.; Falta un idioma válido.; AUDIOBOOK requiere duración positiva, narradores y páginas null.",
Audiolibros/ciencias/portadas/audiobook-2942eaf8ce9d29dc.webp,,AUDIOBOOK,Astronomía a ras del suelo,"Ciencias/originales/Astronomía a ras del suelo - Zandanel, Armando Eugenio.jpg","{""width"": 220, ""height"": 320}","{""width"": 220, ""height"": 320}","{""width"": 220, ""height"": 320}","{""left"": 0, ""top"": 0, ""right"": 0, ""bottom"": 0}",,3.375,,,,,REVISION_ENCUADRE,No existe un crop seguro para las marcas protegidas.,
Audiolibros/ciencias/portadas/audiobook-2a754808d8c97445.webp,,AUDIOBOOK,Astronomía: de la tierra al cosmos,"Ciencias/originales/Astronomía de la tierra al cosmos - Zandanel, Armando Eugenio.jpg","{""width"": 220, ""height"": 320}","{""width"": 220, ""height"": 320}","{""width"": 220, ""height"": 320}","{""left"": 0, ""top"": 0, ""right"": 0, ""bottom"": 0}","{""box"": [0, 0.0, 213.33333333333334, 320.0], ""fraction"": 0.030303, ""shift_x"": -0.015152, ""shift_y"": 0.0}",3.375,"{""width"": 720, ""height"": 1080}",86,53662,9b4680698e44ef0fabdf73b568b8db7d4323a1537e5633313b975d24eb81a1b8,METADATOS_PENDIENTES,"Falta la editorial.; Falta un idioma válido.; AUDIOBOOK requiere duración positiva, narradores y páginas null.",
Audiolibros/ciencias/portadas/audiobook-f8ceb3a2ee2a1163.webp,,AUDIOBOOK,Botánica aplicada,"Ciencias/originales/Botánica aplicada - Molina Abril, José Antonio.jpg","{""width"": 220, ""height"": 320}","{""width"": 220, ""height"": 320}","{""width"": 220, ""height"": 320}","{""left"": 0, ""top"": 0, ""right"": 0, ""bottom"": 0}","{""box"": [3.3333333333333286, 0.0, 216.66666666666669, 320.0], ""fraction"": 0.030303, ""shift_x"": 0.0, ""shift_y"": 0.0}",3.375,"{""width"": 720, ""height"": 1080}",86,31216,f6b7c7b69ea9cac1b3ca7e7636b11e8035c3e913689dc54afca7846bfcac1841,METADATOS_PENDIENTES,"Falta la editorial.; Falta un idioma válido.; AUDIOBOOK requiere duración positiva, narradores y páginas null.",
Audiolibros/ciencias/portadas/audiobook-a3e0fdfaa77c4435.webp,,AUDIOBOOK,Clima y tiempo en Ontiyent,"Ciencias/originales/Clima y tiempo en Ontiyent - Guerra Ángel, Pablo.jpg","{""width"": 220, ""height"": 320}","{""width"": 220, ""height"": 320}","{""width"": 220, ""height"": 320}","{""left"": 0, ""top"": 0, ""right"": 0, ""bottom"": 22}",,,,,,,REVISION_ENCUADRE,El margen exterior supera 5 % por lado.,
Audiolibros/ciencias/portadas/audiobook-ea66d96a5be19bc6.webp,,AUDIOBOOK,Colapso: cuando el clima lo cambia todo,"Ciencias/originales/Colapso cuando el clima lo cambia todo - Baquedano, Manuel.jpg","{""width"": 220, ""height"": 320}","{""width"": 220, ""height"": 320}","{""width"": 220, ""height"": 320}","{""left"": 0, ""top"": 0, ""right"": 0, ""bottom"": 0}","{""box"": [2.0, 0.0, 215.33333333333334, 320.0], ""fraction"": 0.030303, ""shift_x"": -0.006061, ""shift_y"": 0.0}",3.375,"{""width"": 720, ""height"": 1080}",86,36348,81a4e74c8cc76366e75375b74df4344670c11161110c8c6f112aead272b9c613,METADATOS_PENDIENTES,"Falta la editorial.; Falta un idioma válido.; AUDIOBOOK requiere duración positiva, narradores y páginas null.","{""source_box"": [2.0, 0.0, 215.33333333333334, 320.0], ""coordinate_space"": ""exif_oriented_source_pixels"", ""source_sha256"": ""e6e7c30cbfcd4122d926f5078fa4d041d6ae9b970bbc8f9e714208f6bbd27483"", ""reason"": ""Aprobado con 2 px de recorte izquierdo y 4⅔ px del derecho, solo en el fondo verde difuso. La ampliación de 10× de los extremos del título verifica que la C roja y la O final permanecen completas; también se conservan autor, subtítulo, emblema y editorial. El recorte centrado se descarta por su proximidad a la C; la variante asimétrica deja íntegros los trazos y cambia únicamente fondo sin elementos identificables en las franjas retiradas.""}"
Audiolibros/ciencias/portadas/audiobook-a369ae7600f41d10.webp,,AUDIOBOOK,Conocer la meteorología: diccionario ilustrado del tiempo y del clima,"Ciencias/originales/Conocer la meteorología diccionario ilustrado del tiempo y del clima - Viñas, José Miguel.jpg","{""width"": 220, ""height"": 320}","{""width"": 220, ""height"": 320}","{""width"": 220, ""height"": 320}","{""left"": 0, ""top"": 0, ""right"": 0, ""bottom"": 0}",,3.375,,,,,REVISION_ENCUADRE,No existe un crop seguro para las marcas protegidas.,
Audiolibros/ciencias/portadas/audiobook-7d1e7c148c91bc64.webp,,AUDIOBOOK,Ecología de comunidades (2a. ed.),"Ciencias/originales/Ecología de comunidades (2a. ed.) - Jaksic A., Fabian M.; Marone B., Luis.jpg","{""width"": 220, ""height"": 320}","{""width"": 220, ""height"": 320}","{""width"": 220, ""height"": 320}","{""left"": 0, ""top"": 0, ""right"": 0, ""bottom"": 0}",,3.375,,,,,REVISION_ENCUADRE,No existe un crop seguro para las marcas protegidas.,
Audiolibros/ciencias/portadas/audiobook-b734e320648e8926.webp,,AUDIOBOOK,Ecología del Paisaje,"Ciencias/originales/Ecología del Paisaje - Farina, Almo.jpg","{""width"": 220, ""height"": 320}","{""width"": 220, ""height"": 320}","{""width"": 220, ""height"": 319}","{""left"": 0, ""top"": 0, ""right"": 0, ""bottom"": 1}","{""box"": [3.6666666666666714, 0.0, 216.33333333333331, 319.0], ""fraction"": 0.033333, ""shift_x"": 0.0, ""shift_y"": 0.0}",3.38558,"{""width"": 720, ""height"": 1080}",86,9534,14670e5cb00496d5fbd72ae39c837e0a1ea889734da030eb3b4eb5fcbcee16d1,METADATOS_PENDIENTES,"Falta la editorial.; Falta un idioma válido.; AUDIOBOOK requiere duración positiva, narradores y páginas null.",
Audiolibros/ciencias/portadas/audiobook-77cc4b444981c84c.webp,,AUDIOBOOK,Geología de Marte: un planeta fósil,"Ciencias/originales/Geología de Marte un planeta fósil - Pardo Igúzquiza, Eulogio; Durán Valsero, Juan José.jpg","{""width"": 220, ""height"": 320}","{""width"": 220, ""height"": 320}","{""width"": 220, ""height"": 320}","{""left"": 0, ""top"": 0, ""right"": 0, ""bottom"": 0}",,3.375,,,,,REVISION_ENCUADRE,No existe un crop seguro para las marcas protegidas.,
Audiolibros/ciencias/portadas/audiobook-9ce9ae3a37f15e8d.webp,,AUDIOBOOK,Glosario botánico ilustrado,"Ciencias/originales/Glosario botánico ilustrado - Esteras Pérez, Francisco Javier; Sanchis Duato, Enrique.jpg","{""width"": 220, ""height"": 320}","{""width"": 220, ""height"": 320}","{""width"": 220, ""height"": 320}","{""left"": 0, ""top"": 0, ""right"": 0, ""bottom"": 0}","{""box"": [3.3333333333333286, 0.0, 216.66666666666669, 320.0], ""fraction"": 0.030303, ""shift_x"": 0.0, ""shift_y"": 0.0}",3.375,"{""width"": 720, ""height"": 1080}",86,45186,79bf819e201440b36c5b782ed1babe1202a1533b852183e4c0eb501d4c5ccfd2,METADATOS_PENDIENTES,"Falta la editorial.; Falta un idioma válido.; AUDIOBOOK requiere duración positiva, narradores y páginas null.",
Audiolibros/ciencias/portadas/audiobook-d9339dc7e243aacb.webp,,AUDIOBOOK,Historia de la geología: una introducción,"Ciencias/originales/Historia de la geología una introducción - Alsina Calvés, José.jpg","{""width"": 220, ""height"": 320}","{""width"": 220, ""height"": 320}","{""width"": 220, ""height"": 320}","{""left"": 0, ""top"": 0, ""right"": 0, ""bottom"": 0}",,3.375,,,,,REVISION_ENCUADRE,No existe un crop seguro para las marcas protegidas.,
Audiolibros/ciencias/portadas/audiobook-d70de722bbb4e09a.webp,,AUDIOBOOK,Iniciación a la botánica,Ciencias/originales/Iniciación a la botánica - J. L. Fuentes Yagüe.jpg,"{""width"": 220, ""height"": 320}","{""width"": 220, ""height"": 320}","{""width"": 220, ""height"": 320}","{""left"": 0, ""top"": 0, ""right"": 0, ""bottom"": 0}",,3.375,,,,,REVISION_ENCUADRE,No existe un crop seguro para las marcas protegidas.,
Audiolibros/ciencias/portadas/audiobook-b57cdac6c1c6043b.webp,,AUDIOBOOK,Introducción a la geología (2a. ed.),"Ciencias/originales/Introducción a la geología (2a. ed.) - Iriondo, Martín Horacio.jpg","{""width"": 220, ""height"": 320}","{""width"": 220, ""height"": 320}","{""width"": 220, ""height"": 320}","{""left"": 0, ""top"": 0, ""right"": 0, ""bottom"": 0}","{""box"": [1.6833333333333287, 0.0, 215.01666666666668, 320.0], ""fraction"": 0.030303, ""shift_x"": -0.0075, ""shift_y"": 0.0}",3.375,"{""width"": 720, ""height"": 1080}",86,45644,7f1bd2431a36932e6b1cd5b3e99cffad8fd2e2df19a8a9fea7f59abeb5262b50,METADATOS_PENDIENTES,"Falta la editorial.; Falta un idioma válido.; AUDIOBOOK requiere duración positiva, narradores y páginas null.",
Audiolibros/ciencias/portadas/audiobook-f4e93bafe1053b4c.webp,,AUDIOBOOK,La astronomía es fácil,"Ciencias/originales/La astronomía es fácil - Lopesino, Jordi.jpg","{""width"": 220, ""height"": 320}","{""width"": 220, ""height"": 320}","{""width"": 220, ""height"": 320}","{""left"": 0, ""top"": 0, ""right"": 0, ""bottom"": 0}","{""box"": [3.3333333333333286, 0.0, 216.66666666666669, 320.0], ""fraction"": 0.030303, ""shift_x"": 0.0, ""shift_y"": 0.0}",3.375,"{""width"": 720, ""height"": 1080}",86,36082,948278f0422dfa4fccff4f421b95227ac428b7d109a95fe0bab46091de74f692,METADATOS_PENDIENTES,"Falta la editorial.; Falta un idioma válido.; AUDIOBOOK requiere duración positiva, narradores y páginas null.",
Audiolibros/ciencias/portadas/audiobook-e0722ee9f7d634f9.webp,,AUDIOBOOK,Lagos asesinos: todo lo que debes saber sobre uno de los fenómenos naturales más enigmáticos del planeta,"Ciencias/originales/Lagos asesinos todo lo que debes saber sobre uno de los fenómenos naturales más enigmáticos del planeta - Sánchez España, Javier.jpg","{""width"": 220, ""height"": 320}","{""width"": 220, ""height"": 320}","{""width"": 220, ""height"": 320}","{""left"": 0, ""top"": 0, ""right"": 0, ""bottom"": 0}",,3.375,,,,,REVISION_ENCUADRE,No existe un crop seguro para las marcas protegidas.,
Audiolibros/ciencias/portadas/audiobook-4326fbe1e2e70fb8.webp,,AUDIOBOOK,Los terremotos perdidos,"Ciencias/originales/Los terremotos perdidos - Pérez López, Raúl; Rodríguez Pascua, Miguel Ángel.jpg","{""width"": 220, ""height"": 320}","{""width"": 220, ""height"": 320}","{""width"": 220, ""height"": 320}","{""left"": 0, ""top"": 0, ""right"": 0, ""bottom"": 0}",,3.375,,,,,REVISION_ENCUADRE,No existe un crop seguro para las marcas protegidas.,
Audiolibros/ciencias/portadas/audiobook-3da2192e0502d2e5.webp,,AUDIOBOOK,Los volcanes,"Ciencias/originales/Los volcanes - Martí Molist, Joan.jpg","{""width"": 220, ""height"": 320}","{""width"": 220, ""height"": 320}","{""width"": 220, ""height"": 320}","{""left"": 0, ""top"": 0, ""right"": 0, ""bottom"": 0}",,3.375,,,,,REVISION_ENCUADRE,No existe un crop seguro para las marcas protegidas.,
Audiolibros/ciencias/portadas/audiobook-09f707889516a345.webp,,AUDIOBOOK,Magnetismo en Geología y la prospección magnética terrestre,"Ciencias/originales/Magnetismo en Geología y la prospección magnética terrestre - Lasfargues, Pierre.jpg","{""width"": 220, ""height"": 320}","{""width"": 220, ""height"": 320}","{""width"": 220, ""height"": 320}","{""left"": 0, ""top"": 0, ""right"": 0, ""bottom"": 0}","{""box"": [3.3333333333333286, 0.0, 216.66666666666669, 320.0], ""fraction"": 0.030303, ""shift_x"": 0.0, ""shift_y"": 0.0}",3.375,"{""width"": 720, ""height"": 1080}",86,73908,59ffc760b61c60fd4d604dd9c008656f01af3e491ad02f125b77797bf88ad49a,METADATOS_PENDIENTES,"Falta la editorial.; Falta un idioma válido.; AUDIOBOOK requiere duración positiva, narradores y páginas null.",
Audiolibros/ciencias/portadas/audiobook-6a94e01622f5eda9.webp,,AUDIOBOOK,Manual de zoología,"Ciencias/originales/Manual de zoología - Muñoz del Viejo, Antonio; Pérez Bote, José Luis; Rubio, Eduardo da Silva.jpg","{""width"": 220, ""height"": 320}","{""width"": 220, ""height"": 320}","{""width"": 220, ""height"": 320}","{""left"": 0, ""top"": 0, ""right"": 0, ""bottom"": 0}","{""box"": [6.666666666666657, 0.0, 220.0, 320.0], ""fraction"": 0.030303, ""shift_x"": 0.015152, ""shift_y"": 0.0}",3.375,"{""width"": 720, ""height"": 1080}",86,22738,141504459915d7ffd32c7be49a63d07723078812c04370d497f3abc9669eaabf,METADATOS_PENDIENTES,"Falta la editorial.; Falta un idioma válido.; AUDIOBOOK requiere duración positiva, narradores y páginas null.",
Audiolibros/ciencias/portadas/audiobook-ee0f123d9af92ad9.webp,,AUDIOBOOK,Principios de ecología,Ciencias/originales/Principios de ecología - José Luis Fontana.jpg,"{""width"": 220, ""height"": 320}","{""width"": 220, ""height"": 320}","{""width"": 220, ""height"": 320}","{""left"": 0, ""top"": 0, ""right"": 0, ""bottom"": 0}",,3.375,,,,,REVISION_ENCUADRE,No existe un crop seguro para las marcas protegidas.,
Audiolibros/ciencias/portadas/audiobook-87050fdd18aa560e.webp,,AUDIOBOOK,Principios Geología y exploración minera,"Ciencias/originales/Principios Geología y exploración minera - Oyarzún Muñoz, Jorge.jpg","{""width"": 220, ""height"": 320}","{""width"": 220, ""height"": 320}","{""width"": 220, ""height"": 320}","{""left"": 0, ""top"": 0, ""right"": 0, ""bottom"": 0}",,3.375,,,,,REVISION_ENCUADRE,No existe un crop seguro para las marcas protegidas.,
Audiolibros/ciencias/portadas/audiobook-039c1c89bac478a4.webp,,AUDIOBOOK,Una historia breve de la astronomía,"Ciencias/originales/Una historia breve de la astronomía - Medina Doctor, José.jpg","{""width"": 220, ""height"": 320}","{""width"": 220, ""height"": 320}","{""width"": 220, ""height"": 320}","{""left"": 0, ""top"": 0, ""right"": 0, ""bottom"": 0}",,3.375,,,,,REVISION_ENCUADRE,No existe un crop seguro para las marcas protegidas.,
Audiolibros/ciencias/portadas/audiobook-31affe5f0f92eedc.webp,,AUDIOBOOK,¿Estamos cambiando el clima?,"Ciencias/originales/¿Estamos cambiando el clima - Viñas, José Miguel.jpg","{""width"": 220, ""height"": 320}","{""width"": 220, ""height"": 320}","{""width"": 220, ""height"": 320}","{""left"": 0, ""top"": 0, ""right"": 0, ""bottom"": 0}",,3.375,,,,,REVISION_ENCUADRE,No existe un crop seguro para las marcas protegidas.,
Audiolibros/ciencias/portadas/audiobook-795a9239f88302bc.webp,,AUDIOBOOK,¿Para qué sirve la geología?: el idioma de las piedras,"Ciencias/originales/¿Para qué sirve la geología el idioma de las piedras - Regueiro López Barros, Manuel María; Regueiro de Margelina, Macarena.jpg","{""width"": 220, ""height"": 320}","{""width"": 220, ""height"": 320}","{""width"": 220, ""height"": 320}","{""left"": 0, ""top"": 0, ""right"": 0, ""bottom"": 0}",,3.375,,,,,REVISION_ENCUADRE,No existe un crop seguro para las marcas protegidas.,
Audiolibros/tecnologia-e-informatica/portadas/audiobook-815903ceb1052d80.webp,,AUDIOBOOK,Arduino práctico. Edición 2022,"Tecnología e Informática/originales/Arduino práctico. Edición 2022 - Lozano Equisoain, Daniel.jpg","{""width"": 220, ""height"": 320}","{""width"": 220, ""height"": 320}","{""width"": 220, ""height"": 320}","{""left"": 0, ""top"": 0, ""right"": 0, ""bottom"": 0}","{""box"": [6.666666666666657, 0.0, 220.0, 320.0], ""fraction"": 0.030303, ""shift_x"": 0.015152, ""shift_y"": 0.0}",3.375,"{""width"": 720, ""height"": 1080}",86,38740,9739b5421e24fbc92197fad6f440fc0bc0f9194cae7f88541b7fafd9d0837e51,METADATOS_PENDIENTES,"Falta la editorial.; Falta un idioma válido.; AUDIOBOOK requiere duración positiva, narradores y páginas null.",
Audiolibros/tecnologia-e-informatica/portadas/audiobook-ba644eefb6ae94c4.webp,,AUDIOBOOK,Arduino: curso completo (2a. ed.),"Tecnología e Informática/originales/Arduino curso completo (2a. ed.) - Schmidt, Daniel.jpg","{""width"": 220, ""height"": 320}","{""width"": 220, ""height"": 320}","{""width"": 220, ""height"": 320}","{""left"": 0, ""top"": 0, ""right"": 0, ""bottom"": 0}",,3.375,,,,,REVISION_ENCUADRE,No existe un crop seguro para las marcas protegidas.,
Audiolibros/tecnologia-e-informatica/portadas/audiobook-605521205568c8d0.webp,,AUDIOBOOK,Bases de datos,"Tecnología e Informática/originales/Bases de datos - Ahijado Sánchez, Antonio.jpg","{""width"": 220, ""height"": 320}","{""width"": 220, ""height"": 320}","{""width"": 220, ""height"": 320}","{""left"": 0, ""top"": 0, ""right"": 0, ""bottom"": 0}",,3.375,,,,,REVISION_ENCUADRE,No existe un crop seguro para las marcas protegidas.,
Audiolibros/tecnologia-e-informatica/portadas/audiobook-00ba28dbbd8adb65.webp,,AUDIOBOOK,Bases de datos avanzadas,"Tecnología e Informática/originales/Bases de datos avanzadas - Aramburu Cabo, María José; Sanz Blasco, Ismael.jpg","{""width"": 220, ""height"": 320}","{""width"": 220, ""height"": 320}","{""width"": 220, ""height"": 320}","{""left"": 0, ""top"": 0, ""right"": 0, ""bottom"": 0}","{""box"": [3.3333333333333286, 0.0, 216.66666666666669, 320.0], ""fraction"": 0.030303, ""shift_x"": 0.0, ""shift_y"": 0.0}",3.375,"{""width"": 720, ""height"": 1080}",86,16890,497e835cc88783362d9fccc932c2179423fbd14a1a974b22680bf5e8e6217a8f,METADATOS_PENDIENTES,"Falta la editorial.; Falta un idioma válido.; AUDIOBOOK requiere duración positiva, narradores y páginas null.",
Audiolibros/tecnologia-e-informatica/portadas/audiobook-a9cb169047111fa3.webp,,AUDIOBOOK,Bases de datos distribuidas,Tecnología e Informática/originales/Bases de datos distribuidas - Maidel de la Rosa Téllez.jpg,"{""width"": 220, ""height"": 320}","{""width"": 220, ""height"": 320}","{""width"": 220, ""height"": 320}","{""left"": 0, ""top"": 0, ""right"": 0, ""bottom"": 0}",,3.375,,,,,REVISION_ENCUADRE,No existe un crop seguro para las marcas protegidas.,
Audiolibros/tecnologia-e-informatica/portadas/audiobook-e2784e3bc854c0de.webp,,AUDIOBOOK,Diseño de base de datos,"Tecnología e Informática/originales/Diseño de base de datos - Merchán Manzano, Oswaldo.jpg","{""width"": 220, ""height"": 320}","{""width"": 220, ""height"": 320}","{""width"": 220, ""height"": 320}","{""left"": 0, ""top"": 0, ""right"": 0, ""bottom"": 0}",,3.375,,,,,REVISION_ENCUADRE,No existe un crop seguro para las marcas protegidas.,
Audiolibros/tecnologia-e-informatica/portadas/audiobook-3a1c22b02c0a373c.webp,,AUDIOBOOK,El manual de Arduino,"Tecnología e Informática/originales/El manual de Arduino - Aliverti, Paolo.jpg","{""width"": 220, ""height"": 320}","{""width"": 220, ""height"": 320}","{""width"": 220, ""height"": 320}","{""left"": 0, ""top"": 0, ""right"": 0, ""bottom"": 0}","{""box"": [3.3333333333333286, 0.0, 216.66666666666669, 320.0], ""fraction"": 0.030303, ""shift_x"": 0.0, ""shift_y"": 0.0}",3.375,"{""width"": 720, ""height"": 1080}",86,37972,ffa793621bb83e48384547d3f591843c2ec78f42121b17454c0857408c307552,METADATOS_PENDIENTES,"Falta la editorial.; Falta un idioma válido.; AUDIOBOOK requiere duración positiva, narradores y páginas null.",
Audiolibros/tecnologia-e-informatica/portadas/audiobook-42b57ca3d9730e7e.webp,,AUDIOBOOK,Iniciación a JavaScript,Tecnología e Informática/originales/Iniciación a JavaScript - Jorge Mohedano.jpg,"{""width"": 220, ""height"": 320}","{""width"": 220, ""height"": 320}","{""width"": 220, ""height"": 320}","{""left"": 0, ""top"": 0, ""right"": 0, ""bottom"": 0}","{""box"": [0.0, 0.0, 213.33333333333334, 320.0], ""fraction"": 0.030303, ""shift_x"": -0.015152, ""shift_y"": 0.0}",3.375,"{""width"": 720, ""height"": 1080}",86,23840,7f01ee48ea8d43983720b06224cc3de5ada596e97429cc9b69e05f4c92ac832c,METADATOS_PENDIENTES,"Falta la editorial.; Falta un idioma válido.; AUDIOBOOK requiere duración positiva, narradores y páginas null.","{""source_box"": [0.0, 0.0, 213.33333333333334, 320.0], ""coordinate_space"": ""exif_oriented_source_pixels"", ""source_sha256"": ""3cf29a368566d17c1e2fe609da5c40f6ff8872c467104e3373a7224b5812863d"", ""reason"": ""Aprobado retirando únicamente 6⅔ px del margen blanco derecho. La revisión ampliada y la previsualización conservan la T final de JavaScript, la esquina redondeada y el filete de la caja azul, Mentor, educación.es y todas las marcas izquierdas. El borde izquierdo queda intacto.""}"
Audiolibros/tecnologia-e-informatica/portadas/audiobook-28ed8585d496008a.webp,,AUDIOBOOK,Inteligencia artificial,"Tecnología e Informática/originales/Inteligencia artificial - López de Mántaras Badia, Ramón; Meseguer González, Pedro.jpg","{""width"": 220, ""height"": 320}","{""width"": 220, ""height"": 320}","{""width"": 218, ""height"": 320}","{""left"": 1, ""top"": 0, ""right"": 1, ""bottom"": 0}","{""box"": [2.3333333333333286, 0.0, 215.66666666666669, 320.0], ""fraction"": 0.021407, ""shift_x"": 0.0, ""shift_y"": 0.0}",3.375,"{""width"": 720, ""height"": 1080}",86,70206,62323918bca12e3d4c7f05f00500b7cde4eb11ba1d4511ce0ebd88456fbd2a22,METADATOS_PENDIENTES,"Falta la editorial.; Falta un idioma válido.; AUDIOBOOK requiere duración positiva, narradores y páginas null.",
Audiolibros/tecnologia-e-informatica/portadas/audiobook-fc9f5d6ef43cf8f3.webp,,AUDIOBOOK,Java 17: programación avanzada,"Tecnología e Informática/originales/Java 17 programación avanzada - Vegas Gertrudix, José María.jpg","{""width"": 220, ""height"": 320}","{""width"": 220, ""height"": 320}","{""width"": 220, ""height"": 320}","{""left"": 0, ""top"": 0, ""right"": 0, ""bottom"": 0}",,3.375,,,,,REVISION_ENCUADRE,No existe un crop seguro para las marcas protegidas.,
Audiolibros/tecnologia-e-informatica/portadas/audiobook-e99ddb371e9fcf8c.webp,,AUDIOBOOK,Java: curso práctico,"Tecnología e Informática/originales/Java curso práctico - Vegas Gertrudix, José María.jpg","{""width"": 220, ""height"": 320}","{""width"": 220, ""height"": 320}","{""width"": 220, ""height"": 320}","{""left"": 0, ""top"": 0, ""right"": 0, ""bottom"": 0}",,3.375,,,,,REVISION_ENCUADRE,No existe un crop seguro para las marcas protegidas.,
Audiolibros/tecnologia-e-informatica/portadas/audiobook-a75e24c2c033ba67.webp,,AUDIOBOOK,Kali Linux: curso práctico,"Tecnología e Informática/originales/Kali Linux curso práctico - Caballero Quezada, Alonso E..jpg","{""width"": 220, ""height"": 320}","{""width"": 220, ""height"": 320}","{""width"": 220, ""height"": 320}","{""left"": 0, ""top"": 0, ""right"": 0, ""bottom"": 0}",,3.375,,,,,REVISION_ENCUADRE,No existe un crop seguro para las marcas protegidas.,
Audiolibros/tecnologia-e-informatica/portadas/audiobook-950ec20169157df0.webp,,AUDIOBOOK,Las bases de Big Data,"Tecnología e Informática/originales/Las bases de Big Data - Caballero, Rafael; Martín, Enrique.jpg","{""width"": 220, ""height"": 320}","{""width"": 220, ""height"": 320}","{""width"": 220, ""height"": 320}","{""left"": 0, ""top"": 0, ""right"": 0, ""bottom"": 0}",,3.375,,,,,REVISION_ENCUADRE,No existe un crop seguro para las marcas protegidas.,
Audiolibros/tecnologia-e-informatica/portadas/audiobook-299b45cdc5de3292.webp,,AUDIOBOOK,Linux avanzado (2a. ed.),"Tecnología e Informática/originales/Linux avanzado (2a. ed.) - Pérez Rodríguez, María Dolores.jpg","{""width"": 220, ""height"": 320}","{""width"": 220, ""height"": 320}","{""width"": 220, ""height"": 320}","{""left"": 0, ""top"": 0, ""right"": 0, ""bottom"": 0}",,3.375,,,,,REVISION_ENCUADRE,No existe un crop seguro para las marcas protegidas.,
Audiolibros/tecnologia-e-informatica/portadas/audiobook-b031fc1cca8cb329.webp,,AUDIOBOOK,Linux para usuarios,Tecnología e Informática/originales/Linux para usuarios - Francisco Torres Escobar.jpg,"{""width"": 220, ""height"": 320}","{""width"": 220, ""height"": 320}","{""width"": 220, ""height"": 320}","{""left"": 0, ""top"": 0, ""right"": 0, ""bottom"": 0}","{""box"": [3.3333333333333286, 0.0, 216.66666666666669, 320.0], ""fraction"": 0.030303, ""shift_x"": 0.0, ""shift_y"": 0.0}",3.375,"{""width"": 720, ""height"": 1080}",86,12684,2a2f8a7c99a59e843436516b1fbbf6b6f54d4d393ab9cd985cc0a79a20cca5eb,METADATOS_PENDIENTES,"Falta la editorial.; Falta un idioma válido.; AUDIOBOOK requiere duración positiva, narradores y páginas null.",
Audiolibros/tecnologia-e-informatica/portadas/audiobook-2849c7639cd0b136.webp,,AUDIOBOOK,Modelos de Inteligencia Artificial,"Tecnología e Informática/originales/Modelos de Inteligencia Artificial - Rodríguez Muiños, Carlos; Sánchez Lasheras, Fernando.jpg","{""width"": 220, ""height"": 320}","{""width"": 220, ""height"": 320}","{""width"": 220, ""height"": 320}","{""left"": 0, ""top"": 0, ""right"": 0, ""bottom"": 0}",,3.375,,,,,REVISION_ENCUADRE,No existe un crop seguro para las marcas protegidas.,
Audiolibros/tecnologia-e-informatica/portadas/audiobook-396b3945d253f0a9.webp,,AUDIOBOOK,Planificación y administración de redes,"Tecnología e Informática/originales/Planificación y administración de redes - Molina Robles, Francisco José.jpg","{""width"": 220, ""height"": 320}","{""width"": 220, ""height"": 320}","{""width"": 220, ""height"": 320}","{""left"": 0, ""top"": 0, ""right"": 0, ""bottom"": 0}",,3.375,,,,,REVISION_ENCUADRE,No existe un crop seguro para las marcas protegidas.,
Audiolibros/tecnologia-e-informatica/portadas/audiobook-42a319300e0dce3e.webp,,AUDIOBOOK,Programación de inteligencia artificial,"Tecnología e Informática/originales/Programación de inteligencia artificial - Menéndez García, Luis Alfonso; Sánchez Lasheras, Fernando; Rodríguez Muiños, Carlos.jpg","{""width"": 220, ""height"": 320}","{""width"": 220, ""height"": 320}","{""width"": 220, ""height"": 320}","{""left"": 0, ""top"": 0, ""right"": 0, ""bottom"": 0}",,3.375,,,,,REVISION_ENCUADRE,No existe un crop seguro para las marcas protegidas.,
Audiolibros/tecnologia-e-informatica/portadas/audiobook-eae0b77aee05260e.webp,,AUDIOBOOK,Programación web en java,Tecnología e Informática/originales/Programación web en java - José Miguel Ordax Cassá.jpg,"{""width"": 220, ""height"": 320}","{""width"": 220, ""height"": 320}","{""width"": 220, ""height"": 320}","{""left"": 0, ""top"": 0, ""right"": 0, ""bottom"": 0}","{""box"": [0.0, 0.0, 213.33333333333334, 320.0], ""fraction"": 0.030303, ""shift_x"": -0.015152, ""shift_y"": 0.0}",3.375,"{""width"": 720, ""height"": 1080}",86,28112,63a1f77b776fa5abdf5337732d4832c4f83c2e3df2906b5f4de77a9b3c6d9003,METADATOS_PENDIENTES,"Falta la editorial.; Falta un idioma válido.; AUDIOBOOK requiere duración positiva, narradores y páginas null.","{""source_box"": [0.0, 0.0, 213.33333333333334, 320.0], ""coordinate_space"": ""exif_oriented_source_pixels"", ""source_sha256"": ""4685d8b6b508eb53b94029cf32dcf46df5e5aeca4881a900570042b6577705e6"", ""reason"": ""Aprobado retirando únicamente 6⅔ px del blanco del borde derecho. La caja azul redondeada y su filete, Mentor, educación.es y la taza ilustrada quedan completos en la revisión ampliada y previsualización; se conserva el lateral izquierdo con las marcas institucionales.""}"
Audiolibros/tecnologia-e-informatica/portadas/audiobook-2780152d25dbf980.webp,,AUDIOBOOK,Redes de Telecomunicaciones,"Tecnología e Informática/originales/Redes de Telecomunicaciones - Riso, Héctor; Saibene, Omar.jpg","{""width"": 220, ""height"": 320}","{""width"": 220, ""height"": 320}","{""width"": 220, ""height"": 320}","{""left"": 0, ""top"": 0, ""right"": 0, ""bottom"": 0}",,3.375,,,,,REVISION_ENCUADRE,No existe un crop seguro para las marcas protegidas.,
Audiolibros/tecnologia-e-informatica/portadas/audiobook-88143ffe0f91701c.webp,,AUDIOBOOK,Redes locales,"Tecnología e Informática/originales/Redes locales - Molina Robles, Francisco José.jpg","{""width"": 220, ""height"": 320}","{""width"": 220, ""height"": 320}","{""width"": 220, ""height"": 320}","{""left"": 0, ""top"": 0, ""right"": 0, ""bottom"": 0}","{""box"": [3.8833333333333275, 0.0, 217.21666666666667, 320.0], ""fraction"": 0.030303, ""shift_x"": 0.0025, ""shift_y"": 0.0}",3.375,"{""width"": 720, ""height"": 1080}",86,44596,87249962962943adf8c9d1aee60f3dccdccfe2fb434adbd032ff50cfbbe5a3c7,METADATOS_PENDIENTES,"Falta la editorial.; Falta un idioma válido.; AUDIOBOOK requiere duración positiva, narradores y páginas null.",
Audiolibros/tecnologia-e-informatica/portadas/audiobook-343bdb37650f7cb8.webp,,AUDIOBOOK,Retos de programación con juegos. Python y Java,"Tecnología e Informática/originales/Retos de programación con juegos. Python y Java - Nadal Farré, Mariona.jpg","{""width"": 220, ""height"": 320}","{""width"": 220, ""height"": 320}","{""width"": 220, ""height"": 320}","{""left"": 0, ""top"": 0, ""right"": 0, ""bottom"": 0}",,3.375,,,,,REVISION_ENCUADRE,No existe un crop seguro para las marcas protegidas.,
Audiolibros/tecnologia-e-informatica/portadas/audiobook-6d5627bd599950a8.webp,,AUDIOBOOK,Revolución artificial: aplicaciones basadas en inteligencia artificial,Tecnología e Informática/originales/Revolución artificial aplicaciones basadas en inteligencia artificial - Entenova Gnosis.jpg,"{""width"": 220, ""height"": 320}","{""width"": 220, ""height"": 320}","{""width"": 220, ""height"": 320}","{""left"": 0, ""top"": 0, ""right"": 0, ""bottom"": 0}","{""box"": [6.666666666666657, 0.0, 220.0, 320.0], ""fraction"": 0.030303, ""shift_x"": 0.015152, ""shift_y"": 0.0}",3.375,"{""width"": 720, ""height"": 1080}",86,29036,85ebfef3703793e6372f2859ca1795c1e819449ef478c6a13184d8c28e0e47b1,METADATOS_PENDIENTES,"Falta la editorial.; Falta un idioma válido.; AUDIOBOOK requiere duración positiva, narradores y páginas null.",
Audiolibros/tecnologia-e-informatica/portadas/audiobook-2fc247e44f355737.webp,,AUDIOBOOK,Seguridad en aplicaciones Web Java,"Tecnología e Informática/originales/Seguridad en aplicaciones Web Java - Ortega Candel, José Manuel.jpg","{""width"": 220, ""height"": 320}","{""width"": 220, ""height"": 320}","{""width"": 220, ""height"": 320}","{""left"": 0, ""top"": 0, ""right"": 0, ""bottom"": 0}",,3.375,,,,,REVISION_ENCUADRE,No existe un crop seguro para las marcas protegidas.,
Audiolibros/tecnologia-e-informatica/portadas/audiobook-3f9baf06ddcd2732.webp,,AUDIOBOOK,Servicios en red,"Tecnología e Informática/originales/Servicios en red - Polo Ortega, Eduardo; Molina Robles, Francisco José.jpg","{""width"": 220, ""height"": 320}","{""width"": 220, ""height"": 320}","{""width"": 220, ""height"": 320}","{""left"": 0, ""top"": 0, ""right"": 0, ""bottom"": 0}",,3.375,,,,,REVISION_ENCUADRE,No existe un crop seguro para las marcas protegidas.,
Audiolibros/Matematicas/portadas/audiobook-2e70a2bb71e8dfd5.webp,,AUDIOBOOK,Cálculo avanzado: introducción,"Matemáticas/originales/Cálculo avanzado introducción - Caicedo Contreras, José Francisco.jpg","{""width"": 220, ""height"": 320}","{""width"": 220, ""height"": 320}","{""width"": 220, ""height"": 320}","{""left"": 0, ""top"": 0, ""right"": 0, ""bottom"": 0}","{""box"": [3.3333333333333286, 0.0, 216.66666666666669, 320.0], ""fraction"": 0.030303, ""shift_x"": 0.0, ""shift_y"": 0.0}",3.375,"{""width"": 720, ""height"": 1080}",86,23254,18ee9ca1bac55499287696e322d300ea364642386af679347cc0890903499d5b,METADATOS_PENDIENTES,"Falta la editorial.; Falta un idioma válido.; AUDIOBOOK requiere duración positiva, narradores y páginas null.",
Audiolibros/Matematicas/portadas/audiobook-b5682f9b6d05ef15.webp,,AUDIOBOOK,Cálculo de probabilidades,"Matemáticas/originales/Cálculo de probabilidades - Saavedra Gallardo, Eugenio.jpg","{""width"": 220, ""height"": 320}","{""width"": 220, ""height"": 320}","{""width"": 220, ""height"": 320}","{""left"": 0, ""top"": 0, ""right"": 0, ""bottom"": 0}",,3.375,,,,,REVISION_ENCUADRE,No existe un crop seguro para las marcas protegidas.,
Audiolibros/Matematicas/portadas/audiobook-d01c454c59974f32.webp,,AUDIOBOOK,Cálculo integral (4a. ed.),"Matemáticas/originales/Cálculo integral (4a. ed.) - Morales Téllez, Fernando; Colín Uribe, María Patricia; Islas Salomón, Celia Araceli.jpg","{""width"": 220, ""height"": 320}","{""width"": 220, ""height"": 320}","{""width"": 220, ""height"": 320}","{""left"": 0, ""top"": 0, ""right"": 0, ""bottom"": 0}",,3.375,,,,,REVISION_ENCUADRE,No existe un crop seguro para las marcas protegidas.,
Audiolibros/Matematicas/portadas/audiobook-7da19e5c387faf2e.webp,,AUDIOBOOK,Cálculo integral y series,Matemáticas/originales/Cálculo integral y series - José Aguayo.jpg,"{""width"": 220, ""height"": 320}","{""width"": 220, ""height"": 320}","{""width"": 220, ""height"": 320}","{""left"": 0, ""top"": 0, ""right"": 0, ""bottom"": 0}",,3.375,,,,,REVISION_ENCUADRE,No existe un crop seguro para las marcas protegidas.,
Audiolibros/Matematicas/portadas/audiobook-fd3b3c66ce80c32d.webp,,AUDIOBOOK,Cálculo para ingenierías,"Matemáticas/originales/Cálculo para ingenierías - Arboledas Brihuega, David.jpg","{""width"": 220, ""height"": 320}","{""width"": 220, ""height"": 320}","{""width"": 220, ""height"": 320}","{""left"": 0, ""top"": 0, ""right"": 0, ""bottom"": 0}",,3.375,,,,,REVISION_ENCUADRE,No existe un crop seguro para las marcas protegidas.,
Audiolibros/Matematicas/portadas/audiobook-6193d7218a6f349d.webp,,AUDIOBOOK,Estadística aplicada básica (2a. ed.),"Matemáticas/originales/Estadística aplicada básica (2a. ed.) - Moore, David S..jpg","{""width"": 220, ""height"": 320}","{""width"": 220, ""height"": 320}","{""width"": 220, ""height"": 320}","{""left"": 0, ""top"": 0, ""right"": 0, ""bottom"": 0}","{""box"": [3.3333333333333286, 0.0, 216.66666666666669, 320.0], ""fraction"": 0.030303, ""shift_x"": 0.0, ""shift_y"": 0.0}",3.375,"{""width"": 720, ""height"": 1080}",86,17184,f0010914a82a24e3b0addf14aab62fa535e25d5c4c3e8e1441c6044799329a34,METADATOS_PENDIENTES,"Falta la editorial.; Falta un idioma válido.; AUDIOBOOK requiere duración positiva, narradores y páginas null.",
Audiolibros/Matematicas/portadas/audiobook-c732ab4d713d25f6.webp,,AUDIOBOOK,Estadística descriptiva,"Matemáticas/originales/Estadística descriptiva - Monroy Saldívar, Salvador.jpg","{""width"": 220, ""height"": 320}","{""width"": 220, ""height"": 320}","{""width"": 220, ""height"": 320}","{""left"": 0, ""top"": 0, ""right"": 0, ""bottom"": 0}",,3.375,,,,,REVISION_ENCUADRE,No existe un crop seguro para las marcas protegidas.,
Audiolibros/Matematicas/portadas/audiobook-84c02787a4bc623d.webp,,AUDIOBOOK,Estadística Inferencial,"Matemáticas/originales/Estadística Inferencial - Llinás Solano, Humberto.jpg","{""width"": 220, ""height"": 320}","{""width"": 220, ""height"": 320}","{""width"": 220, ""height"": 320}","{""left"": 0, ""top"": 0, ""right"": 0, ""bottom"": 0}","{""box"": [6.666666666666657, 0.0, 220.0, 320.0], ""fraction"": 0.030303, ""shift_x"": 0.015152, ""shift_y"": 0.0}",3.375,"{""width"": 720, ""height"": 1080}",86,25008,6c3078d525c8c0dae271815dda08828ec678e7065d7482f1eec778c3d46434b7,METADATOS_PENDIENTES,"Falta la editorial.; Falta un idioma válido.; AUDIOBOOK requiere duración positiva, narradores y páginas null.",
Audiolibros/Matematicas/portadas/audiobook-3bbf1710730283bc.webp,,AUDIOBOOK,Estadística multivariada,Matemáticas/originales/Estadística multivariada - Nancy Lacourly.jpg,"{""width"": 220, ""height"": 320}","{""width"": 220, ""height"": 320}","{""width"": 220, ""height"": 320}","{""left"": 0, ""top"": 0, ""right"": 0, ""bottom"": 0}",,3.375,,,,,REVISION_ENCUADRE,No existe un crop seguro para las marcas protegidas.,
Audiolibros/Matematicas/portadas/audiobook-3fdc91d85e14cdbc.webp,,AUDIOBOOK,Estadística y muestreo (14a. ed.),"Matemáticas/originales/Estadística y muestreo (14a. ed.) - Martínez Bencardino, Ciro.jpg","{""width"": 220, ""height"": 320}","{""width"": 220, ""height"": 320}","{""width"": 220, ""height"": 320}","{""left"": 0, ""top"": 0, ""right"": 0, ""bottom"": 0}","{""box"": [6.083333333333329, 0.0, 219.41666666666669, 320.0], ""fraction"": 0.030303, ""shift_x"": 0.0125, ""shift_y"": 0.0}",3.375,"{""width"": 720, ""height"": 1080}",86,36856,12ee27948af163e8ff3f65c5d35979eb809dc7acfc1c2530fd8881544f31673c,METADATOS_PENDIENTES,"Falta la editorial.; Falta un idioma válido.; AUDIOBOOK requiere duración positiva, narradores y páginas null.",
Audiolibros/Matematicas/portadas/audiobook-d5e1e8df5d591fa7.webp,,AUDIOBOOK,Fundamentos de estadística,"Matemáticas/originales/Fundamentos de estadística - Peña, Daniel.jpg","{""width"": 220, ""height"": 320}","{""width"": 220, ""height"": 320}","{""width"": 220, ""height"": 320}","{""left"": 0, ""top"": 0, ""right"": 0, ""bottom"": 0}","{""box"": [3.3333333333333286, 0.0, 216.66666666666669, 320.0], ""fraction"": 0.030303, ""shift_x"": 0.0, ""shift_y"": 0.0}",3.375,"{""width"": 720, ""height"": 1080}",86,28116,5fab167f30ea86b18402bc9e39098753756415e1ae4b97c429409640abb0c5bf,METADATOS_PENDIENTES,"Falta la editorial.; Falta un idioma válido.; AUDIOBOOK requiere duración positiva, narradores y páginas null.",
Audiolibros/Matematicas/portadas/audiobook-99428ecb9e6e0ab1.webp,,AUDIOBOOK,Fundamentos de álgebra (2a. ed.),"Matemáticas/originales/Fundamentos de álgebra (2a. ed.) - Zaldívar, Felipe.jpg","{""width"": 220, ""height"": 320}","{""width"": 220, ""height"": 320}","{""width"": 220, ""height"": 320}","{""left"": 0, ""top"": 0, ""right"": 0, ""bottom"": 0}",,3.375,,,,,REVISION_ENCUADRE,No existe un crop seguro para las marcas protegidas.,
Audiolibros/Matematicas/portadas/audiobook-41593a3c01bb3bb5.webp,,AUDIOBOOK,Geometría elemental,"Matemáticas/originales/Geometría elemental - Pogorélov, A. V..jpg","{""width"": 220, ""height"": 320}","{""width"": 220, ""height"": 320}","{""width"": 220, ""height"": 320}","{""left"": 0, ""top"": 0, ""right"": 0, ""bottom"": 0}","{""box"": [3.3333333333333286, 0.0, 216.66666666666669, 320.0], ""fraction"": 0.030303, ""shift_x"": 0.0, ""shift_y"": 0.0}",3.375,"{""width"": 720, ""height"": 1080}",86,16280,21037a93cc95c95ffa868889f8dbb435e431bd4b279f16e74e1b579fdfe002af,METADATOS_PENDIENTES,"Falta la editorial.; Falta un idioma válido.; AUDIOBOOK requiere duración positiva, narradores y páginas null.",
Audiolibros/Matematicas/portadas/audiobook-e802891e2e2bf310.webp,,AUDIOBOOK,Geometría riemanniana,"Matemáticas/originales/Geometría riemanniana - Sánchez Morgado, Héctor; Óscar A. Palmas Velasco.jpg","{""width"": 220, ""height"": 320}","{""width"": 220, ""height"": 320}","{""width"": 220, ""height"": 320}","{""left"": 0, ""top"": 0, ""right"": 0, ""bottom"": 0}","{""box"": [3.3333333333333286, 0.0, 216.66666666666669, 320.0], ""fraction"": 0.030303, ""shift_x"": 0.0, ""shift_y"": 0.0}",3.375,"{""width"": 720, ""height"": 1080}",86,14408,e833b5aaa7867e6ed2969ad810138741469a079a04d638789022d412f25f41d9,METADATOS_PENDIENTES,"Falta la editorial.; Falta un idioma válido.; AUDIOBOOK requiere duración positiva, narradores y páginas null.",
Audiolibros/Matematicas/portadas/audiobook-e7e528202ac4b259.webp,,AUDIOBOOK,Inferencia estadística,Matemáticas/originales/Inferencia estadística - Miguel Ángel Gómez Villegas.jpg,"{""width"": 220, ""height"": 320}","{""width"": 220, ""height"": 320}","{""width"": 220, ""height"": 320}","{""left"": 0, ""top"": 0, ""right"": 0, ""bottom"": 0}","{""box"": [3.3333333333333286, 0.0, 216.66666666666669, 320.0], ""fraction"": 0.030303, ""shift_x"": 0.0, ""shift_y"": 0.0}",3.375,"{""width"": 720, ""height"": 1080}",86,38830,24ac0fa65c3e67c5f81ec9b944ce5652e5e016ca7bd67258d0b1ec58a06c7705,METADATOS_PENDIENTES,"Falta la editorial.; Falta un idioma válido.; AUDIOBOOK requiere duración positiva, narradores y páginas null.",
Audiolibros/Matematicas/portadas/audiobook-a60862a01f17ea62.webp,,AUDIOBOOK,Introducción a la estadística,Matemáticas/originales/Introducción a la estadística - Nancy Lacourly.jpg,"{""width"": 220, ""height"": 320}","{""width"": 220, ""height"": 320}","{""width"": 220, ""height"": 320}","{""left"": 0, ""top"": 0, ""right"": 0, ""bottom"": 0}",,3.375,,,,,REVISION_ENCUADRE,No existe un crop seguro para las marcas protegidas.,
Audiolibros/Matematicas/portadas/audiobook-d623106aa2501ac3.webp,,AUDIOBOOK,Introducción a la geometría,"Matemáticas/originales/Introducción a la geometría - Rojas Álvarez, Carlos Javier.jpg","{""width"": 220, ""height"": 320}","{""width"": 220, ""height"": 320}","{""width"": 220, ""height"": 320}","{""left"": 0, ""top"": 0, ""right"": 0, ""bottom"": 0}",,3.375,,,,,REVISION_ENCUADRE,No existe un crop seguro para las marcas protegidas.,
Audiolibros/Matematicas/portadas/audiobook-b787173964a6ca0d.webp,,AUDIOBOOK,Introducción al álgebra,"Matemáticas/originales/Introducción al álgebra - Lewin, Renato.jpg","{""width"": 220, ""height"": 320}","{""width"": 220, ""height"": 320}","{""width"": 220, ""height"": 320}","{""left"": 0, ""top"": 0, ""right"": 0, ""bottom"": 0}",,3.375,,,,,REVISION_ENCUADRE,No existe un crop seguro para las marcas protegidas.,
Audiolibros/Matematicas/portadas/audiobook-98a184bad47674ce.webp,,AUDIOBOOK,La geometría de las ciudades,"Matemáticas/originales/La geometría de las ciudades - Sorando Muzás, José María.jpg","{""width"": 220, ""height"": 320}","{""width"": 220, ""height"": 320}","{""width"": 220, ""height"": 320}","{""left"": 0, ""top"": 0, ""right"": 0, ""bottom"": 0}","{""box"": [0, 0.0, 213.33333333333334, 320.0], ""fraction"": 0.030303, ""shift_x"": -0.015152, ""shift_y"": 0.0}",3.375,"{""width"": 720, ""height"": 1080}",86,24764,2a66cdd32506ecae70593ce91d9e5eec687402d704095b0e3fadffebc5a9859b,METADATOS_PENDIENTES,"Falta la editorial.; Falta un idioma válido.; AUDIOBOOK requiere duración positiva, narradores y páginas null.",
Audiolibros/Matematicas/portadas/audiobook-a73c8fe399446f23.webp,,AUDIOBOOK,La geometría del universo,"Matemáticas/originales/La geometría del universo - Leon, Manuel de.jpg","{""width"": 220, ""height"": 320}","{""width"": 220, ""height"": 320}","{""width"": 220, ""height"": 320}","{""left"": 0, ""top"": 0, ""right"": 0, ""bottom"": 0}","{""box"": [3.3333333333333286, 0.0, 216.66666666666669, 320.0], ""fraction"": 0.030303, ""shift_x"": 0.0, ""shift_y"": 0.0}",3.375,"{""width"": 720, ""height"": 1080}",86,28072,249cbac036bcaa18d56138b116afb7d00e81353613dc3eb82d799e169975cd28,METADATOS_PENDIENTES,"Falta la editorial.; Falta un idioma válido.; AUDIOBOOK requiere duración positiva, narradores y páginas null.",
Audiolibros/Matematicas/portadas/audiobook-0e52039dfe392e33.webp,,AUDIOBOOK,Las geometrías y otras revoluciones,"Matemáticas/originales/Las geometrías y otras revoluciones - Logares Jiménez, Marina.jpg","{""width"": 220, ""height"": 320}","{""width"": 220, ""height"": 320}","{""width"": 220, ""height"": 320}","{""left"": 0, ""top"": 0, ""right"": 0, ""bottom"": 0}",,3.375,,,,,REVISION_ENCUADRE,No existe un crop seguro para las marcas protegidas.,
Audiolibros/Matematicas/portadas/audiobook-8af061372fbf6a49.webp,,AUDIOBOOK,Una introducción a la geometría fractal,"Matemáticas/originales/Una introducción a la geometría fractal - Sabogal, Sonia; Arenas, Gilberto.jpg","{""width"": 220, ""height"": 320}","{""width"": 220, ""height"": 320}","{""width"": 220, ""height"": 320}","{""left"": 0, ""top"": 0, ""right"": 0, ""bottom"": 0}","{""box"": [3.3333333333333286, 0.0, 216.66666666666669, 320.0], ""fraction"": 0.030303, ""shift_x"": 0.0, ""shift_y"": 0.0}",3.375,"{""width"": 720, ""height"": 1080}",86,25770,890d7fda61bceeac35aa852b3bab709d949e92ce72b9cd51676762749e8f2429,METADATOS_PENDIENTES,"Falta la editorial.; Falta un idioma válido.; AUDIOBOOK requiere duración positiva, narradores y páginas null.",
Audiolibros/Matematicas/portadas/audiobook-881edff891e51e9b.webp,,AUDIOBOOK,Álgebra en todas partes,"Matemáticas/originales/Álgebra en todas partes - Peña, José Antonio.jpg","{""width"": 220, ""height"": 320}","{""width"": 220, ""height"": 320}","{""width"": 220, ""height"": 320}","{""left"": 0, ""top"": 0, ""right"": 0, ""bottom"": 0}",,3.375,,,,,REVISION_ENCUADRE,No existe un crop seguro para las marcas protegidas.,
Audiolibros/Matematicas/portadas/audiobook-60d4829cbd033322.webp,,AUDIOBOOK,Álgebra matricial,"Matemáticas/originales/Álgebra matricial - Gregori Gregori, Valentín; Roig Sala, Bernardino; Estruch Fuster, Vicent.jpg","{""width"": 220, ""height"": 320}","{""width"": 220, ""height"": 320}","{""width"": 220, ""height"": 320}","{""left"": 0, ""top"": 0, ""right"": 0, ""bottom"": 0}",,3.375,,,,,REVISION_ENCUADRE,No existe un crop seguro para las marcas protegidas.,
Audiolibros/Matematicas/portadas/audiobook-1a809abf1d9382e9.webp,,AUDIOBOOK,Álgebra Superior,"Matemáticas/originales/Álgebra Superior - Lara Rodríguez, José Alejandro; Rubio Barrios, Carlos Jacob.jpg","{""width"": 220, ""height"": 320}","{""width"": 220, ""height"": 320}","{""width"": 220, ""height"": 320}","{""left"": 0, ""top"": 0, ""right"": 0, ""bottom"": 0}",,3.375,,,,,REVISION_ENCUADRE,No existe un crop seguro para las marcas protegidas.,
Audiolibros/medicina/portadas/audiobook-ccecc542047c16dd.webp,,AUDIOBOOK,Anatomía y fisiología básicas en el niño,"Medicina/originales/Anatomía y fisiología básicas en el niño - Carbonero Celis, Carmen; Cañizares Márquez, José María.jpg","{""width"": 220, ""height"": 320}","{""width"": 220, ""height"": 320}","{""width"": 220, ""height"": 320}","{""left"": 0, ""top"": 0, ""right"": 0, ""bottom"": 0}","{""box"": [3.3333333333333286, 0.0, 216.66666666666669, 320.0], ""fraction"": 0.030303, ""shift_x"": 0.0, ""shift_y"": 0.0}",3.375,"{""width"": 720, ""height"": 1080}",86,42462,5edf32cd1df23aeec6bbb92fcf305b6a8791ac4cef77e2f93e8732022749b0d4,METADATOS_PENDIENTES,"Falta la editorial.; Falta un idioma válido.; AUDIOBOOK requiere duración positiva, narradores y páginas null.",
Audiolibros/medicina/portadas/audiobook-7716c6d896d5a7b7.webp,,AUDIOBOOK,Anatomía y fisiología del sistema nervioso central,"Medicina/originales/Anatomía y fisiología del sistema nervioso central - Velayos, José Luis; Diéguez, Godofredo.jpg","{""width"": 220, ""height"": 320}","{""width"": 220, ""height"": 320}","{""width"": 220, ""height"": 320}","{""left"": 0, ""top"": 0, ""right"": 0, ""bottom"": 0}","{""box"": [3.3333333333333286, 0.0, 216.66666666666669, 320.0], ""fraction"": 0.030303, ""shift_x"": 0.0, ""shift_y"": 0.0}",3.375,"{""width"": 720, ""height"": 1080}",86,75262,5281d2d3194f810e733601dd314f5c89fb6ad3ebc7ac87ce69ba441774f07039,METADATOS_PENDIENTES,"Falta la editorial.; Falta un idioma válido.; AUDIOBOOK requiere duración positiva, narradores y páginas null.",
Audiolibros/medicina/portadas/audiobook-60f254fb894b8c6a.webp,,AUDIOBOOK,El médico en casa: manual de consulta,"Medicina/originales/El médico en casa manual de consulta - Carrete, Paula; Rubinstein, Esteban; Zárate, Miguel.jpg","{""width"": 220, ""height"": 320}","{""width"": 220, ""height"": 320}","{""width"": 220, ""height"": 320}","{""left"": 0, ""top"": 0, ""right"": 0, ""bottom"": 0}","{""box"": [3.3333333333333286, 0.0, 216.66666666666669, 320.0], ""fraction"": 0.030303, ""shift_x"": 0.0, ""shift_y"": 0.0}",3.375,"{""width"": 720, ""height"": 1080}",86,50768,5683a3d9c13724749b6a7cec9dda87a33d26cc199bd27b221f63768bac721d6f,METADATOS_PENDIENTES,"Falta la editorial.; Falta un idioma válido.; AUDIOBOOK requiere duración positiva, narradores y páginas null.",
Audiolibros/medicina/portadas/audiobook-89531c35e232aeb3.webp,,AUDIOBOOK,Farmacología cardiovascular - Tomo 1,"Medicina/originales/Farmacología cardiovascular - Tomo 1 - Mendoza Goez, Luis.jpg","{""width"": 220, ""height"": 320}","{""width"": 220, ""height"": 320}","{""width"": 220, ""height"": 320}","{""left"": 0, ""top"": 0, ""right"": 0, ""bottom"": 0}",,3.375,,,,,REVISION_ENCUADRE,No existe un crop seguro para las marcas protegidas.,
Audiolibros/medicina/portadas/audiobook-a9950b6c22154a1e.webp,,AUDIOBOOK,Farmacología ilustrada: módulo cardiovascular,"Medicina/originales/Farmacología ilustrada módulo cardiovascular - Alviz A., Antistio; Coneo B., Alfredo; Contreras P., Neyder.jpg","{""width"": 220, ""height"": 320}","{""width"": 220, ""height"": 320}","{""width"": 220, ""height"": 320}","{""left"": 0, ""top"": 0, ""right"": 0, ""bottom"": 0}",,3.375,,,,,REVISION_ENCUADRE,No existe un crop seguro para las marcas protegidas.,
Audiolibros/medicina/portadas/audiobook-24ffa6482541ea20.webp,,AUDIOBOOK,Fisiología de la nutrición (2a. ed.),"Medicina/originales/Fisiología de la nutrición (2a. ed.) - Ascencio Peralta, Claudia.jpg","{""width"": 220, ""height"": 320}","{""width"": 220, ""height"": 320}","{""width"": 220, ""height"": 320}","{""left"": 0, ""top"": 0, ""right"": 0, ""bottom"": 0}",,3.375,,,,,REVISION_ENCUADRE,No existe un crop seguro para las marcas protegidas.,
Audiolibros/medicina/portadas/audiobook-d9bc10da125eddf1.webp,,AUDIOBOOK,Fisiología endocrina (4a. ed.),"Medicina/originales/Fisiología endocrina (4a. ed.) - Jácome Roca, Alfredo; Ardila Ardila, Enrique; Casas Figueroa, Luz Ángela.jpg","{""width"": 220, ""height"": 320}","{""width"": 220, ""height"": 320}","{""width"": 220, ""height"": 320}","{""left"": 0, ""top"": 0, ""right"": 0, ""bottom"": 0}",,3.375,,,,,REVISION_ENCUADRE,No existe un crop seguro para las marcas protegidas.,
Audiolibros/medicina/portadas/audiobook-34b284a38a5c08ed.webp,,AUDIOBOOK,Fisiología renal y metabolismo hidrosalino,"Medicina/originales/Fisiología renal y metabolismo hidrosalino - Gallardo Munizaga, Pedro; Vio Lagos, Carlos Pablo.jpg","{""width"": 220, ""height"": 320}","{""width"": 220, ""height"": 320}","{""width"": 220, ""height"": 320}","{""left"": 0, ""top"": 0, ""right"": 0, ""bottom"": 0}",,3.375,,,,,REVISION_ENCUADRE,No existe un crop seguro para las marcas protegidas.,
Audiolibros/medicina/portadas/audiobook-6aa70e9b3495e853.webp,,AUDIOBOOK,Fisiología respiratoria (8a. ed.),"Medicina/originales/Fisiología respiratoria (8a. ed.) - West, John B..jpg","{""width"": 220, ""height"": 320}","{""width"": 220, ""height"": 320}","{""width"": 220, ""height"": 320}","{""left"": 0, ""top"": 0, ""right"": 0, ""bottom"": 0}","{""box"": [0, 0.0, 213.33333333333334, 320.0], ""fraction"": 0.030303, ""shift_x"": -0.015152, ""shift_y"": 0.0}",3.375,"{""width"": 720, ""height"": 1080}",86,21144,63870356e278273bb7ed8c81afe82062d7a74be3b4fbc0516de1320b2277e7ad,METADATOS_PENDIENTES,"Falta la editorial.; Falta un idioma válido.; AUDIOBOOK requiere duración positiva, narradores y páginas null.",
Audiolibros/medicina/portadas/audiobook-677cd5e688fcc6dd.webp,,AUDIOBOOK,Fisiología respiratoria: lo esencial en la práctica clínica (3a. ed.),"Medicina/originales/Fisiología respiratoria lo esencial en la práctica clínica (3a. ed.) - Cristancho Gómez, William.jpg","{""width"": 220, ""height"": 320}","{""width"": 220, ""height"": 320}","{""width"": 220, ""height"": 320}","{""left"": 0, ""top"": 0, ""right"": 0, ""bottom"": 0}",,3.375,,,,,REVISION_ENCUADRE,No existe un crop seguro para las marcas protegidas.,
Audiolibros/medicina/portadas/audiobook-da20f31c48dae892.webp,,AUDIOBOOK,Fisiología y fisiopatología pulmonar: estudios de casos (2a. ed.),"Medicina/originales/Fisiología y fisiopatología pulmonar estudios de casos (2a. ed.) - West, John B..jpg","{""width"": 220, ""height"": 320}","{""width"": 220, ""height"": 320}","{""width"": 220, ""height"": 320}","{""left"": 0, ""top"": 0, ""right"": 0, ""bottom"": 0}","{""box"": [0, 0.0, 213.33333333333334, 320.0], ""fraction"": 0.030303, ""shift_x"": -0.015152, ""shift_y"": 0.0}",3.375,"{""width"": 720, ""height"": 1080}",86,29774,722365f7ef94183a001ab6f787bbd01b64afe33ddfe0929d1b1620b7d5bafcfc,METADATOS_PENDIENTES,"Falta la editorial.; Falta un idioma válido.; AUDIOBOOK requiere duración positiva, narradores y páginas null.",
Audiolibros/medicina/portadas/audiobook-dc33785bd60e4578.webp,,AUDIOBOOK,Fundamentos de farmacología oncológica,"Medicina/originales/Fundamentos de farmacología oncológica - Cevallos Barrera, Edwin; Duque Proaño, Galo.jpg","{""width"": 220, ""height"": 320}","{""width"": 220, ""height"": 320}","{""width"": 220, ""height"": 320}","{""left"": 0, ""top"": 0, ""right"": 0, ""bottom"": 0}","{""box"": [0, 0.0, 213.33333333333334, 320.0], ""fraction"": 0.030303, ""shift_x"": -0.015152, ""shift_y"": 0.0}",3.375,"{""width"": 720, ""height"": 1080}",86,55326,eda150b61f88eafd4ba23754e172ecc6d03379e5bfdeda459841e02d63f87427,METADATOS_PENDIENTES,"Falta la editorial.; Falta un idioma válido.; AUDIOBOOK requiere duración positiva, narradores y páginas null.",
Audiolibros/medicina/portadas/audiobook-ae1767554560c35a.webp,,AUDIOBOOK,La compleja interacción biológica y psicológica en la ciencia médica,"Medicina/originales/La compleja interacción biológica y psicológica en la ciencia médica - García Frade Ruiz, Luis Fernando.jpg","{""width"": 220, ""height"": 320}","{""width"": 220, ""height"": 320}","{""width"": 220, ""height"": 320}","{""left"": 0, ""top"": 0, ""right"": 0, ""bottom"": 0}",,3.375,,,,,REVISION_ENCUADRE,No existe un crop seguro para las marcas protegidas.,
Audiolibros/medicina/portadas/audiobook-c8a5563777e61d13.webp,,AUDIOBOOK,Manual de fisiología articular,"Medicina/originales/Manual de fisiología articular - Guzmán Velasco, Adriana.jpg","{""width"": 220, ""height"": 320}","{""width"": 220, ""height"": 320}","{""width"": 220, ""height"": 320}","{""left"": 0, ""top"": 0, ""right"": 0, ""bottom"": 0}","{""box"": [4.983333333333329, 0.0, 218.31666666666666, 320.0], ""fraction"": 0.030303, ""shift_x"": 0.0075, ""shift_y"": 0.0}",3.375,"{""width"": 720, ""height"": 1080}",86,38158,6c0130a2bcbbc56c23b94bae2628dff674d84dd7ebc4e7f793b7448fab562b04,METADATOS_PENDIENTES,"Falta la editorial.; Falta un idioma válido.; AUDIOBOOK requiere duración positiva, narradores y páginas null.",
Audiolibros/medicina/portadas/audiobook-7c90703dd5f5bc7d.webp,,AUDIOBOOK,Manual de práctica de semiología clínica,"Medicina/originales/Manual de práctica de semiología clínica - Chaveco Pérez, Moraima.jpg","{""width"": 220, ""height"": 320}","{""width"": 220, ""height"": 320}","{""width"": 220, ""height"": 320}","{""left"": 0, ""top"": 0, ""right"": 0, ""bottom"": 0}","{""box"": [3.3333333333333286, 0.0, 216.66666666666669, 320.0], ""fraction"": 0.030303, ""shift_x"": 0.0, ""shift_y"": 0.0}",3.375,"{""width"": 720, ""height"": 1080}",86,34316,2b7be887c7c8bd963c5c27e6d2e1862a14af3f348c4523d405f0c6809ae7067c,METADATOS_PENDIENTES,"Falta la editorial.; Falta un idioma válido.; AUDIOBOOK requiere duración positiva, narradores y páginas null.",
Audiolibros/medicina/portadas/audiobook-65ec62610873c732.webp,,AUDIOBOOK,Manual de prácticas de neuroanatomía: laboratorio de morfología (2a. ed.),"Medicina/originales/Manual de prácticas de neuroanatomía laboratorio de morfología (2a. ed.) - Martínez, Emilio G..jpg","{""width"": 220, ""height"": 320}","{""width"": 220, ""height"": 320}","{""width"": 220, ""height"": 320}","{""left"": 0, ""top"": 0, ""right"": 0, ""bottom"": 0}",,3.375,,,,,REVISION_ENCUADRE,No existe un crop seguro para las marcas protegidas.,
Audiolibros/medicina/portadas/audiobook-62e598b48bcf6627.webp,,AUDIOBOOK,Neuroanatomía clínica (7a. ed.),"Medicina/originales/Neuroanatomía clínica (7a. ed.) - Snell, Richard.jpg","{""width"": 220, ""height"": 320}","{""width"": 220, ""height"": 320}","{""width"": 220, ""height"": 320}","{""left"": 0, ""top"": 0, ""right"": 0, ""bottom"": 0}",,3.375,,,,,REVISION_ENCUADRE,No existe un crop seguro para las marcas protegidas.,
Audiolibros/medicina/portadas/audiobook-776b2235296e8840.webp,,AUDIOBOOK,Neuroanatomía de bolsillo,"Medicina/originales/Neuroanatomía de bolsillo - Gould, Douglas J..jpg","{""width"": 220, ""height"": 320}","{""width"": 220, ""height"": 320}","{""width"": 220, ""height"": 320}","{""left"": 0, ""top"": 0, ""right"": 0, ""bottom"": 0}",,3.375,,,,,REVISION_ENCUADRE,No existe un crop seguro para las marcas protegidas.,
Audiolibros/medicina/portadas/audiobook-2d193ee8f693ac3d.webp,,AUDIOBOOK,"Neuroanatomía, funcional y clínica (5a. ed.)","Medicina/originales/Neuroanatomía, funcional y clínica (5a. ed.) - Bustamante B., Jairo.jpg","{""width"": 220, ""height"": 320}","{""width"": 220, ""height"": 320}","{""width"": 220, ""height"": 319}","{""left"": 0, ""top"": 0, ""right"": 0, ""bottom"": 1}","{""box"": [3.6666666666666714, 0.0, 216.33333333333331, 319.0], ""fraction"": 0.033333, ""shift_x"": 0.0, ""shift_y"": 0.0}",3.38558,"{""width"": 720, ""height"": 1080}",86,65148,ade7eef81da3be9d7d233f9273c51bee827de060a2e9540de0ed800ac80a6b90,METADATOS_PENDIENTES,"Falta la editorial.; Falta un idioma válido.; AUDIOBOOK requiere duración positiva, narradores y páginas null.",
Audiolibros/medicina/portadas/audiobook-6c6624b4dbb6c732.webp,,AUDIOBOOK,"Oxígeno: fisiología, terapéutica, toxicidad","Medicina/originales/Oxígeno fisiología, terapéutica, toxicidad - Cristancho Gómez, William.jpg","{""width"": 220, ""height"": 320}","{""width"": 220, ""height"": 320}","{""width"": 220, ""height"": 320}","{""left"": 0, ""top"": 0, ""right"": 0, ""bottom"": 0}","{""box"": [6.083333333333329, 0.0, 219.41666666666669, 320.0], ""fraction"": 0.030303, ""shift_x"": 0.0125, ""shift_y"": 0.0}",3.375,"{""width"": 720, ""height"": 1080}",86,26378,218bfe19d268008925825a9b47343579cd4637818ab6b2eddb0f795c90e6257f,METADATOS_PENDIENTES,"Falta la editorial.; Falta un idioma válido.; AUDIOBOOK requiere duración positiva, narradores y páginas null.",
Audiolibros/medicina/portadas/audiobook-ae42295f28b58397.webp,,AUDIOBOOK,Proceso de valoración semiológica de Chávez para el cuidado de enfermería,"Medicina/originales/Proceso de valoración semiológica de Chávez para el cuidado de enfermería - Barragán Becerra, Julián Andrés; Moreno Mojica, Claudia María; Hernández Bernal, Nubia Esperanza.jpg","{""width"": 220, ""height"": 320}","{""width"": 220, ""height"": 320}","{""width"": 220, ""height"": 320}","{""left"": 0, ""top"": 0, ""right"": 0, ""bottom"": 0}","{""box"": [4.983333333333329, 0.0, 218.31666666666666, 320.0], ""fraction"": 0.030303, ""shift_x"": 0.0075, ""shift_y"": 0.0}",3.375,"{""width"": 720, ""height"": 1080}",86,67850,096bd96eb56bee922514360636144daa20fb6935c3b8b4a1d8d76e9b2675d625,METADATOS_PENDIENTES,"Falta la editorial.; Falta un idioma válido.; AUDIOBOOK requiere duración positiva, narradores y páginas null.",
Audiolibros/medicina/portadas/audiobook-7c1de9098c1aaa80.webp,,AUDIOBOOK,Psicopatología y semiología psiquiátrica,"Medicina/originales/Psicopatología y semiología psiquiátrica - Capponi M., Ricardo.jpg","{""width"": 220, ""height"": 320}","{""width"": 220, ""height"": 320}","{""width"": 220, ""height"": 320}","{""left"": 0, ""top"": 0, ""right"": 0, ""bottom"": 0}",,3.375,,,,,REVISION_ENCUADRE,No existe un crop seguro para las marcas protegidas.,
Audiolibros/medicina/portadas/audiobook-3bb23fdf377bcfee.webp,,AUDIOBOOK,Semiología del aparato locomotor (13a. ed.),"Medicina/originales/Semiología del aparato locomotor (13a. ed.) - Gerstner B., Jochen; Gerstner G., Juan Bernardo.jpg","{""width"": 220, ""height"": 320}","{""width"": 220, ""height"": 320}","{""width"": 220, ""height"": 320}","{""left"": 0, ""top"": 0, ""right"": 0, ""bottom"": 0}",,3.375,,,,,REVISION_ENCUADRE,No existe un crop seguro para las marcas protegidas.,
Audiolibros/medicina/portadas/audiobook-2a1df67176eecdd4.webp,,AUDIOBOOK,Semiología: sistema craneomandibular,"Medicina/originales/Semiología sistema craneomandibular - Bustillo Verbel, Rosa Lia; Espitia Nieto, Sandra.jpg","{""width"": 220, ""height"": 320}","{""width"": 220, ""height"": 320}","{""width"": 220, ""height"": 320}","{""left"": 0, ""top"": 0, ""right"": 0, ""bottom"": 0}","{""box"": [0, 0.0, 213.33333333333334, 320.0], ""fraction"": 0.030303, ""shift_x"": -0.015152, ""shift_y"": 0.0}",3.375,"{""width"": 720, ""height"": 1080}",86,34800,9dc4cc95d9ed637b931b35c8c85226f6ec97d92fc877810c36090f71d5d60087,METADATOS_PENDIENTES,"Falta la editorial.; Falta un idioma válido.; AUDIOBOOK requiere duración positiva, narradores y páginas null.",
Audiolibros/medicina/portadas/audiobook-8b4726e2a5b9d46d.webp,,AUDIOBOOK,Temas claves: neuroanatomía (4a. ed.),"Medicina/originales/Temas claves neuroanatomía (4a. ed.) - Fix, James D..jpg","{""width"": 220, ""height"": 320}","{""width"": 220, ""height"": 320}","{""width"": 220, ""height"": 320}","{""left"": 0, ""top"": 0, ""right"": 0, ""bottom"": 0}","{""box"": [0.5833333333333277, 0.0, 213.91666666666666, 320.0], ""fraction"": 0.030303, ""shift_x"": -0.0125, ""shift_y"": 0.0}",3.375,"{""width"": 720, ""height"": 1080}",86,46002,433f0fa20eba83ec31fa496649759c1255e30d543acba3c310d673ef2a0e389a,METADATOS_PENDIENTES,"Falta la editorial.; Falta un idioma válido.; AUDIOBOOK requiere duración positiva, narradores y páginas null.",
