format,inventory,row,title,author,category,source_label,original_file,source_file,source_sha256,staging_file,sku,status,reason,metadata_problems,visual_review_id,visual_decision,visual_reason,reviewed_crop,pending_image,original_size,normalized_size,quality,bytes,sha256
EBOOK,Ebook/inventario.csv,2,De literatura y otras monstruas,"Miranda Rodríguez, Alejandro",Literatura,https://elibro.puce.elogim.com/es/lc/puce/titulos/232313,"Literatura/originales/De literatura y otras monstruas - Miranda Rodríguez, Alejandro.jpg","covers/Ebook/Literatura/originales/De literatura y otras monstruas - Miranda Rodríguez, Alejandro.jpg",784faf6f47bd10c38be7072b306eacc2da024f6317a4c629ec9c304c9559a5f5,Ebook/Literatura/portadas/ebook-ee79c3c9fc2d596d.webp,,REVISION_ENCUADRE,No existe un crop seguro para las marcas protegidas.,"[""Falta la editorial."", ""Falta un idioma válido.""]",1,impossible,"Los motivos ornamentales negros alcanzan ambos laterales, y la banda de colección también llega al izquierdo. Cualquier reparto de los 6,6667 px necesarios corta ornamentación; desplazar el encuadre no lo evita.",,,"{""width"": 220, ""height"": 320}",,,,
EBOOK,Ebook/inventario.csv,3,Dentro de la literatura,"Toro, Suso de",Literatura,https://elibro.puce.elogim.com/es/lc/puce/titulos/304203,"Literatura/originales/Dentro de la literatura - Toro, Suso de.jpg","covers/Ebook/Literatura/originales/Dentro de la literatura - Toro, Suso de.jpg",d2e2687a174d969f34a2779e62d356a4430e1befe6fb7db199b2399966c571fd,Ebook/Literatura/portadas/ebook-6cb4d79424e88896.webp,,REVISION_ENCUADRE,No existe un crop seguro para las marcas protegidas.,"[""Falta la editorial."", ""Falta un idioma válido.""]",2,impossible,"El título ocupa casi todo el ancho: la D y la a final dejan márgenes mínimos, menores en conjunto que el recorte requerido al conservar sus bordes suavizados. El zoom del título descarta un desplazamiento lateral seguro; autor y sello interiores no son el problema.",,,"{""width"": 220, ""height"": 320}",,,,
EBOOK,Ebook/inventario.csv,4,El poder de la literatura,"Cerrillo Torremocha, Pedro César",Literatura,https://elibro.puce.elogim.com/es/lc/puce/titulos/57283,"Literatura/originales/El poder de la literatura - Cerrillo Torremocha, Pedro César.jpg","covers/Ebook/Literatura/originales/El poder de la literatura - Cerrillo Torremocha, Pedro César.jpg",308d0151a770e4af98e132618e0edcd0d7775e49d87997bd4820b130827060db,Ebook/Literatura/portadas/ebook-17521891aa2aa37b.webp,,REVISION_ENCUADRE,No existe un crop seguro para las marcas protegidas.,"[""Falta la editorial."", ""Falta un idioma válido.""]",3,impossible,La cenefa blanca cruza ambos laterales y el título también queda pegado a sus bordes. Tanto el recorte centrado como uno unilateral cortan elementos de la cenefa o letras.,,,"{""width"": 220, ""height"": 320}",,,,
EBOOK,Ebook/inventario.csv,5,Entre educación y literatura,"Vargas Franco, Alfonso",Literatura,https://elibro.puce.elogim.com/es/lc/puce/titulos/129049,"Literatura/originales/Entre educación y literatura - Vargas Franco, Alfonso.jpg","covers/Ebook/Literatura/originales/Entre educación y literatura - Vargas Franco, Alfonso.jpg",6db0e9aad0181fa96b43392c9bfe2674cbd49f3403455431a24dbe3255c9daee,Ebook/Literatura/portadas/ebook-4a5dd693f0e30991.webp,,REVISION_ENCUADRE,No existe un crop seguro para las marcas protegidas.,"[""Falta la editorial."", ""Falta un idioma válido.""]",4,impossible,Los libros ilustrados y las formas curvas inferiores llegan a ambos laterales. No existe una banda vertical vacía continua: mover el recorte a cualquiera de los lados elimina dibujo.,,,"{""width"": 220, ""height"": 320}",,,,
EBOOK,Ebook/inventario.csv,6,Historia de historias,"Uribe, Álvaro",Literatura,https://elibro.puce.elogim.com/es/lc/puce/titulos/117062,"Literatura/originales/Historia de historias - Uribe, Álvaro.jpg","covers/Ebook/Literatura/originales/Historia de historias - Uribe, Álvaro.jpg",e45803e496a58baaf96b8a10344f6ccdd289eea0f17e3782f281333b5fbb495a,Ebook/Literatura/portadas/ebook-d901c48cf0708fb8.webp,,METADATOS_PENDIENTES,Falta la editorial.; Falta un idioma válido.,"[""Falta la editorial."", ""Falta un idioma válido.""]",,automatic_normalization,,,generated/digital-batch/pending-images/Ebook/Literatura/portadas/ebook-d901c48cf0708fb8.webp,"{""width"": 220, ""height"": 320}","{""width"": 720, ""height"": 1080}",86,36716,787489c9d123a2272cf077e1e5f0e9164c63d858de515cd4f1aa9ad749ce3550
EBOOK,Ebook/inventario.csv,7,La era victoriana en literatura,"Chesterton, Gilbert Keith",Literatura,https://elibro.puce.elogim.com/es/lc/puce/titulos/191119,"Literatura/originales/La era victoriana en literatura - Chesterton, Gilbert Keith.jpg","covers/Ebook/Literatura/originales/La era victoriana en literatura - Chesterton, Gilbert Keith.jpg",6d944d05aeae918717488271fde317f4a9c8c224a063185b1687c0274bb92f0a,Ebook/Literatura/portadas/ebook-152fc74e8097c3b1.webp,,METADATOS_PENDIENTES,Falta la editorial.; Falta un idioma válido.,"[""Falta la editorial."", ""Falta un idioma válido.""]",,automatic_normalization,,,generated/digital-batch/pending-images/Ebook/Literatura/portadas/ebook-152fc74e8097c3b1.webp,"{""width"": 220, ""height"": 320}","{""width"": 720, ""height"": 1080}",86,11882,48d1658c6ccdf36afe14d2cdeaabed68ae3e6051d0a67dee0595e5854a9eb3e6
EBOOK,Ebook/inventario.csv,8,La lengua y la literatura,"Nervo, Amado",Literatura,https://elibro.puce.elogim.com/es/lc/puce/titulos/250035,"Literatura/originales/La lengua y la literatura - Nervo, Amado.jpg","covers/Ebook/Literatura/originales/La lengua y la literatura - Nervo, Amado.jpg",9f1bc481d6bee6d0c8e75e99810b289213e358ce316876f23534aa18ad830c0d,Ebook/Literatura/portadas/ebook-733aa37a0b2cb7eb.webp,,REVISION_ENCUADRE,No existe un crop seguro para las marcas protegidas.,"[""Falta la editorial."", ""Falta un idioma válido.""]",5,impossible,"La fotografía de libros, papeles, escritorio y objetos ocupa el ancho completo hasta ambos bordes. No hay margen exterior o fondo vacío continuo suficiente en ningún lateral.",,,"{""width"": 220, ""height"": 320}",,,,
EBOOK,Ebook/inventario.csv,9,La literatura,"Martín Alegre, Sara",Literatura,https://elibro.puce.elogim.com/es/lc/puce/titulos/56436,"Literatura/originales/La literatura - Martín Alegre, Sara.jpg","covers/Ebook/Literatura/originales/La literatura - Martín Alegre, Sara.jpg",9ddb5dea0905e8efa9026143cc5169616964c21e5110b79475f75242b2aadc18,Ebook/Literatura/portadas/ebook-5c51985965164200.webp,,METADATOS_PENDIENTES,Falta la editorial.; Falta un idioma válido.,"[""Falta la editorial."", ""Falta un idioma válido.""]",,automatic_normalization,,,generated/digital-batch/pending-images/Ebook/Literatura/portadas/ebook-5c51985965164200.webp,"{""width"": 220, ""height"": 320}","{""width"": 720, ""height"": 1080}",86,13380,b557443a890a8a7bd15fca5736325cebcf4f111f5244f7bda366ca69d2cf3ea2
EBOOK,Ebook/inventario.csv,10,La literatura dramática,"Foguet, Francesc - Santamaria, Núria",Literatura,https://elibro.puce.elogim.com/es/lc/puce/titulos/156644,"Literatura/originales/La literatura dramática - Foguet, Francesc - Santamaria, Núria.jpg","covers/Ebook/Literatura/originales/La literatura dramática - Foguet, Francesc - Santamaria, Núria.jpg",cb20d28d7ea8ca2481861a91d22c1905462385c1c0c38d74717ca5c915e0f875,Ebook/Literatura/portadas/ebook-be4f33f6d94229e7.webp,,METADATOS_PENDIENTES,Falta la editorial.; Falta un idioma válido.,"[""Falta la editorial."", ""Falta un idioma válido.""]",,automatic_normalization,,,generated/digital-batch/pending-images/Ebook/Literatura/portadas/ebook-be4f33f6d94229e7.webp,"{""width"": 220, ""height"": 320}","{""width"": 720, ""height"": 1080}",86,17522,72508ec17e228f94005c3ec59d79636098cfe058974277094c165be51c2097c8
EBOOK,Ebook/inventario.csv,11,La literatura en el tango y el tango en la literatura,"Valencia, Asdrúbal",Literatura,https://elibro.puce.elogim.com/es/lc/puce/titulos/118609,"Literatura/originales/La literatura en el tango y el tango en la literatura - Valencia, Asdrúbal.jpg","covers/Ebook/Literatura/originales/La literatura en el tango y el tango en la literatura - Valencia, Asdrúbal.jpg",7e3f7e5972d25bee434a63233cb11b514a2b0f073a5c2ea3be98757b7af68b15,Ebook/Literatura/portadas/ebook-b98e2e9cec2aa66f.webp,,REVISION_ENCUADRE,No existe un crop seguro para las marcas protegidas.,"[""Falta la editorial."", ""Falta un idioma válido.""]",6,impossible,El encaje/floritura y la ilustración inferior de libro y sombrero alcanzan ambos laterales. El margen negro superior no continúa por toda la altura; un desplazamiento recorta ilustración abajo.,,,"{""width"": 220, ""height"": 320}",,,,
EBOOK,Ebook/inventario.csv,12,La literatura española,"Torri, Julio",Literatura,https://elibro.puce.elogim.com/es/lc/puce/titulos/111061,"Literatura/originales/La literatura española - Torri, Julio.jpg","covers/Ebook/Literatura/originales/La literatura española - Torri, Julio.jpg",5a5f55377692eba61bab6283d0b87cdeab1fb365faba5c7f8d3cc43d8463bee2,Ebook/Literatura/portadas/ebook-404c350b49f8d484.webp,,METADATOS_PENDIENTES,Falta la editorial.; Falta un idioma válido.,"[""Falta la editorial."", ""Falta un idioma válido.""]",7,approved,"Hay margen blanco exterior visible a ambos lados de la reproducción pictórica. El recorte simétrico elimina solamente 3,3333 px de blanco por lado; conserva la pintura, título, autor, sello FCE y banda naranja completos.","{""source_box"": [3.3333333333333335, 0, 216.66666666666666, 320], ""coordinate_space"": ""exif_oriented_source_pixels"", ""source_sha256"": ""5a5f55377692eba61bab6283d0b87cdeab1fb365faba5c7f8d3cc43d8463bee2"", ""reason"": ""Hay margen blanco exterior visible a ambos lados de la reproducción pictórica. El recorte simétrico elimina solamente 3,3333 px de blanco por lado; conserva la pintura, título, autor, sello FCE y banda naranja completos.""}",generated/digital-batch/pending-images/Ebook/Literatura/portadas/ebook-404c350b49f8d484.webp,"{""width"": 220, ""height"": 320}","{""width"": 720, ""height"": 1080}",86,115538,468d68de2243bb4077a3a31b851af13df1415500a650a06b2938c4763fcd0255
EBOOK,Ebook/inventario.csv,13,Literatura 1,Eva Lydia Oseguera Mejía,Literatura,https://elibro.puce.elogim.com/es/lc/puce/titulos/39510,Literatura/originales/Literatura 1 - Eva Lydia Oseguera Mejía.jpg,covers/Ebook/Literatura/originales/Literatura 1 - Eva Lydia Oseguera Mejía.jpg,737459f299e07b2d333fb3a88a03998cc2f75a3ee6a4efd79141769a47d81f8d,Ebook/Literatura/portadas/ebook-914ff11a7a31e20d.webp,,REVISION_ENCUADRE,No existe un crop seguro para las marcas protegidas.,"[""Falta la editorial."", ""Falta un idioma válido.""]",8,impossible,"La fotografía del monumento ocupa ambos laterales superiores; el distintivo circular 1 además llega al derecho. Cualquier recorte lateral elimina fotografía o distintivo, aunque el pie sea blanco.",,,"{""width"": 220, ""height"": 320}",,,,
EBOOK,Ebook/inventario.csv,14,Literatura 2 (2a. ed.),Eva Lydia Oseguera Mejía,Literatura,https://elibro.puce.elogim.com/es/lc/puce/titulos/39511,Literatura/originales/Literatura 2 (2a. ed.) - Eva Lydia Oseguera Mejía.jpg,covers/Ebook/Literatura/originales/Literatura 2 (2a. ed.) - Eva Lydia Oseguera Mejía.jpg,9485bbfed4d559867c453e60e40d63361bb0609e01d8c9ed8aa46af70a3d0010,Ebook/Literatura/portadas/ebook-9aed8db45e611d99.webp,,REVISION_ENCUADRE,No existe un crop seguro para las marcas protegidas.,"[""Falta la editorial."", ""Falta un idioma válido.""]",9,impossible,La fotografía de estanterías ocupa todo el ancho superior y el círculo 2 alcanza el derecho. No hay banda lateral vacía que permita el recorte sin eliminar imagen o distintivo.,,,"{""width"": 220, ""height"": 320}",,,,
EBOOK,Ebook/inventario.csv,15,Literatura clásica,"Álvarez Bravo, Armando",Literatura,https://elibro.puce.elogim.com/es/lc/puce/titulos/36434,"Literatura/originales/Literatura clásica - Álvarez Bravo, Armando.jpg","covers/Ebook/Literatura/originales/Literatura clásica - Álvarez Bravo, Armando.jpg",5edd8dc056b278cd6747175662777a8c69fbcdbdb0bbdcd1037a7b64ff95077f,Ebook/Literatura/portadas/ebook-6fb37f2956809505.webp,,METADATOS_PENDIENTES,Falta la editorial.; Falta un idioma válido.,"[""Falta la editorial."", ""Falta un idioma válido.""]",10,approved,"La reproducción en blanco y negro está rodeada por un margen blanco exterior. La caja elimina únicamente blanco: conserva la figura, las grecas laterales, el zócalo y la escena inferior, con una pequeña separación blanca lateral ya existente.","{""source_box"": [9, 9, 211, 312], ""coordinate_space"": ""exif_oriented_source_pixels"", ""source_sha256"": ""5edd8dc056b278cd6747175662777a8c69fbcdbdb0bbdcd1037a7b64ff95077f"", ""reason"": ""La reproducción en blanco y negro está rodeada por un margen blanco exterior. La caja elimina únicamente blanco: conserva la figura, las grecas laterales, el zócalo y la escena inferior, con una pequeña separación blanca lateral ya existente.""}",generated/digital-batch/pending-images/Ebook/Literatura/portadas/ebook-6fb37f2956809505.webp,"{""width"": 220, ""height"": 320}","{""width"": 720, ""height"": 1080}",86,56480,71eb30d75bb6ccc1651d0e6cfdf6c8924a980e32d6231e56e3d274d3f5852ffb
EBOOK,Ebook/inventario.csv,16,Literatura española,"Escobar Bonilla, María del Prado - Páez Martín, Juan Jesús",Literatura,https://elibro.puce.elogim.com/es/lc/puce/titulos/57203,"Literatura/originales/Literatura española - Escobar Bonilla, María del Prado - Páez Martín, Juan Jesús.jpg","covers/Ebook/Literatura/originales/Literatura española - Escobar Bonilla, María del Prado - Páez Martín, Juan Jesús.jpg",c4cd4f1bfa86516e9af742f387475a514588d459f54566fb0faa939ff54d535c,Ebook/Literatura/portadas/ebook-f9718cfc92f4f70e.webp,,REVISION_ENCUADRE,No existe un crop seguro para las marcas protegidas.,"[""Falta la editorial."", ""Falta un idioma válido.""]",11,impossible,"La regla gris inferior arranca en el borde izquierdo y su punta redondeada deja menos de 6,6667 px a la derecha. El zoom confirma que ni recortar todo a la derecha ni repartir el recorte evita tocar la regla; el resto de textos y logos está interior.",,,"{""width"": 220, ""height"": 320}",,,,
EBOOK,Ebook/inventario.csv,17,Literatura española,"Reyes, Alfonso",Literatura,https://elibro.puce.elogim.com/es/lc/puce/titulos/110740,"Literatura/originales/Literatura española - Reyes, Alfonso.jpg","covers/Ebook/Literatura/originales/Literatura española - Reyes, Alfonso.jpg",c5c3ce2966fbd89432416982285c68a43aa57d007a96b7cb51403b960da6f5fa,Ebook/Literatura/portadas/ebook-b6e98eacfdbf3d38.webp,,METADATOS_PENDIENTES,Falta la editorial.; Falta un idioma válido.,"[""Falta la editorial."", ""Falta un idioma válido.""]",,automatic_normalization,,,generated/digital-batch/pending-images/Ebook/Literatura/portadas/ebook-b6e98eacfdbf3d38.webp,"{""width"": 220, ""height"": 320}","{""width"": 720, ""height"": 1080}",86,42500,4d567317e96bc5dd519f877066d59fadf9c548308ff8a3ec12ac0747de171d09
EBOOK,Ebook/inventario.csv,18,Literatura I,"Carrillo Anaya, Elsa",Literatura,https://elibro.puce.elogim.com/es/lc/puce/titulos/40228,"Literatura/originales/Literatura I - Carrillo Anaya, Elsa.jpg","covers/Ebook/Literatura/originales/Literatura I - Carrillo Anaya, Elsa.jpg",c1611e36866b886d485dc13294dde593db63f9d228d24ad06d6d23c70b78280d,Ebook/Literatura/portadas/ebook-211b833c4b8ebde4.webp,,REVISION_ENCUADRE,No existe un crop seguro para las marcas protegidas.,"[""Falta la editorial."", ""Falta un idioma válido.""]",12,impossible,La fotografía de tipos metálicos y el logo inferior alcanzan el borde izquierdo; al derecho llegan la franja decorativa y el texto vertical. Un recorte unilateral o repartido corta contenido de uno de esos extremos.,,,"{""width"": 220, ""height"": 320}",,,,
EBOOK,Ebook/inventario.csv,19,Literatura Oriental,"Álvarez Bravo, Armando",Literatura,https://elibro.puce.elogim.com/es/lc/puce/titulos/36433,"Literatura/originales/Literatura Oriental - Álvarez Bravo, Armando.jpg","covers/Ebook/Literatura/originales/Literatura Oriental - Álvarez Bravo, Armando.jpg",9082ce37026c26c63a75392ecb7609da2a6447622d4f014760e3dde638c15a4c,Ebook/Literatura/portadas/ebook-a310ba6cc9128e79.webp,,METADATOS_PENDIENTES,Falta la editorial.; Falta un idioma válido.,"[""Falta la editorial."", ""Falta un idioma válido.""]",,automatic_normalization,,,generated/digital-batch/pending-images/Ebook/Literatura/portadas/ebook-a310ba6cc9128e79.webp,"{""width"": 220, ""height"": 320}","{""width"": 720, ""height"": 1080}",86,54278,6ad93478f2741aac40aeecdaf472873cdb812867332aa88af6994aa68cb53381
EBOOK,Ebook/inventario.csv,20,Literatura universal,"Reyes, Alfonso",Literatura,https://elibro.puce.elogim.com/es/lc/puce/titulos/110738,"Literatura/originales/Literatura universal - Reyes, Alfonso.jpg","covers/Ebook/Literatura/originales/Literatura universal - Reyes, Alfonso.jpg",ca8936302cddf501f851a66614dcc66222fea79a7538647e7385692e75cbc33d,Ebook/Literatura/portadas/ebook-0762786d97e31d89.webp,,METADATOS_PENDIENTES,Falta la editorial.; Falta un idioma válido.,"[""Falta la editorial."", ""Falta un idioma válido.""]",,automatic_normalization,,,generated/digital-batch/pending-images/Ebook/Literatura/portadas/ebook-0762786d97e31d89.webp,"{""width"": 220, ""height"": 320}","{""width"": 720, ""height"": 1080}",86,42620,32dd5cb64b3fe2d71577aafcf04ed8594266840fffe35a460956c9c0368393bb
EBOOK,Ebook/inventario.csv,21,Literatura y cine,"Gutiérrez Carbajo, Francisco",Literatura,https://elibro.puce.elogim.com/es/lc/puce/titulos/48881,"Literatura/originales/Literatura y cine - Gutiérrez Carbajo, Francisco.jpg","covers/Ebook/Literatura/originales/Literatura y cine - Gutiérrez Carbajo, Francisco.jpg",836bcc4a74587e45a99561d4ab3dca44950c3b7d1bcea98553d99ee62c7eb679,Ebook/Literatura/portadas/ebook-09c6216e91ce8a01.webp,,METADATOS_PENDIENTES,Falta la editorial.; Falta un idioma válido.,"[""Falta la editorial."", ""Falta un idioma válido.""]",,automatic_normalization,,,generated/digital-batch/pending-images/Ebook/Literatura/portadas/ebook-09c6216e91ce8a01.webp,"{""width"": 220, ""height"": 320}","{""width"": 720, ""height"": 1080}",86,30994,58e37f41bc49bb195dfeba0c60447074e8bba8ad74b9ab43f93eb611e27c5c08
EBOOK,Ebook/inventario.csv,22,Literatura y espiritualidad,"Monroy Martínez, Juan Antonio",Literatura,https://elibro.puce.elogim.com/es/lc/puce/titulos/268021,"Literatura/originales/Literatura y espiritualidad - Monroy Martínez, Juan Antonio.jpg","covers/Ebook/Literatura/originales/Literatura y espiritualidad - Monroy Martínez, Juan Antonio.jpg",eddd9c462d01ddbf984323628b753b82f8d7afec3a6ae4f661bb9ccb6e26b258,Ebook/Literatura/portadas/ebook-52b305adb7667a72.webp,,REVISION_ENCUADRE,No existe un crop seguro para las marcas protegidas.,"[""Falta la editorial."", ""Falta un idioma válido.""]",13,impossible,"Los círculos luminosos de la imagen superior llegan a ambos laterales. El fondo negro inferior está vacío, pero no existe una banda vacía continua de arriba abajo; ningún desplazamiento conserva todos los círculos.",,,"{""width"": 220, ""height"": 320}",,,,
EBOOK,Ebook/inventario.csv,23,Literaturas compartidas,"Basile, Teresa - Foffani, Enrique",Literatura,https://elibro.puce.elogim.com/es/lc/puce/titulos/66439,"Literatura/originales/Literaturas compartidas - Basile, Teresa - Foffani, Enrique.jpg","covers/Ebook/Literatura/originales/Literaturas compartidas - Basile, Teresa - Foffani, Enrique.jpg",cdd0cd12e0efa6b7b7a3a88d0b3ebd8a52676bf38510b3407f6e8e8f3e8933fc,Ebook/Literatura/portadas/ebook-d7c3927d622d4808.webp,,METADATOS_PENDIENTES,Falta la editorial.; Falta un idioma válido.,"[""Falta la editorial."", ""Falta un idioma válido.""]",,automatic_normalization,,,generated/digital-batch/pending-images/Ebook/Literatura/portadas/ebook-d7c3927d622d4808.webp,"{""width"": 220, ""height"": 320}","{""width"": 720, ""height"": 1080}",86,35336,816d46cebf7b6618ace4536c78fb2981b3ca4c03f97baded90c60c4c3fe66659
EBOOK,Ebook/inventario.csv,24,Páginas de historia,"Mitre, Bartolomé",Literatura,https://elibro.puce.elogim.com/es/lc/puce/titulos/36151,"Literatura/originales/Páginas de historia - Mitre, Bartolomé.jpg","covers/Ebook/Literatura/originales/Páginas de historia - Mitre, Bartolomé.jpg",a6036b4172f162b9210bce541f5e4535e5f0155210cdb8610dfbeb5bdee7e8dc,Ebook/Literatura/portadas/ebook-de8cba7332b1dd7d.webp,,METADATOS_PENDIENTES,Falta la editorial.; Falta un idioma válido.,"[""Falta la editorial."", ""Falta un idioma válido.""]",,automatic_normalization,,,generated/digital-batch/pending-images/Ebook/Literatura/portadas/ebook-de8cba7332b1dd7d.webp,"{""width"": 220, ""height"": 320}","{""width"": 720, ""height"": 1080}",86,36814,71dccfe55039d74ccf4050e6d487dee1f00d4633bdf2d31d7a2f90c773aebc55
EBOOK,Ebook/inventario.csv,25,Romancero gitano,"García Lorca, Federico",Literatura,https://elibro.puce.elogim.com/es/lc/puce/titulos/35142,"Literatura/originales/Romancero gitano - García Lorca, Federico.jpg","covers/Ebook/Literatura/originales/Romancero gitano - García Lorca, Federico.jpg",1cd9176e1223b1946bd8a8b9620634823816dd66f0ee16e2e3a408a088c03765,Ebook/Literatura/portadas/ebook-cef7824007532bb5.webp,,METADATOS_PENDIENTES,Falta la editorial.; Falta un idioma válido.,"[""Falta la editorial."", ""Falta un idioma válido.""]",14,approved,"El extremo derecho contiene únicamente fondo plano naranja y rojo; título, autor e ilustración ecuestre terminan antes del corte. Se quitan los 6,6667 px solo de ese lado para preservar íntegra la caja del sello que toca el izquierdo.","{""source_box"": [0, 0, 213.33333333333334, 320], ""coordinate_space"": ""exif_oriented_source_pixels"", ""source_sha256"": ""1cd9176e1223b1946bd8a8b9620634823816dd66f0ee16e2e3a408a088c03765"", ""reason"": ""El extremo derecho contiene únicamente fondo plano naranja y rojo; título, autor e ilustración ecuestre terminan antes del corte. Se quitan los 6,6667 px solo de ese lado para preservar íntegra la caja del sello que toca el izquierdo.""}",generated/digital-batch/pending-images/Ebook/Literatura/portadas/ebook-cef7824007532bb5.webp,"{""width"": 220, ""height"": 320}","{""width"": 720, ""height"": 1080}",86,27524,c1fc97a5fb10c47aa83fc0196dd516d8ca411f68cf9465e7223fba5ff4bbfc81
EBOOK,Ebook/inventario.csv,26,Taller de literatura,"Solórzano, José Agustín",Literatura,https://elibro.puce.elogim.com/es/lc/puce/titulos/251453,"Literatura/originales/Taller de literatura - Solórzano, José Agustín.jpg","covers/Ebook/Literatura/originales/Taller de literatura - Solórzano, José Agustín.jpg",c9c7ac32d85805f28214f1f360be4b0a2bc59106ab0f4ed86c0a3a6672b70b60,Ebook/Literatura/portadas/ebook-9d85a61dc2906d56.webp,,REVISION_ENCUADRE,No existe un crop seguro para las marcas protegidas.,"[""Falta la editorial."", ""Falta un idioma válido.""]",15,impossible,"La fotografía de cámara, cuaderno y mesa llega a ambos laterales de la mitad inferior. No hay margen lateral vacío continuo; desplazar el recorte solo cambia qué parte de la fotografía se pierde.",,,"{""width"": 220, ""height"": 320}",,,,
EBOOK,Ebook/inventario.csv,27,Filosofía (2a. ed.),"Escobar Valenzuela, Gustavo",Filosofía,https://elibro.puce.elogim.com/es/lc/puce/titulos/40492,"Filosofía/originales/Filosofía (2a. ed.) - Escobar Valenzuela, Gustavo.jpg","covers/Ebook/Filosofía/originales/Filosofía (2a. ed.) - Escobar Valenzuela, Gustavo.jpg",1d6e10c2dedb94a7dc544074411aacfbc7a9f4bf21e0cc3ab6922d3a9e7a0b31,Ebook/Filosofia/portadas/ebook-8b090b737c8c2d63.webp,,REVISION_ENCUADRE,No existe un crop seguro para las marcas protegidas.,"[""Falta la editorial."", ""Falta un idioma válido.""]",16,impossible,"La fotografía de ruinas alcanza el borde derecho, mientras la banda editorial y el pequeño texto inferior llegan al izquierdo. Ninguno de los dos laterales ofrece la franja vacía necesaria.",,,"{""width"": 220, ""height"": 320}",,,,
EBOOK,Ebook/inventario.csv,28,Filosofía antigua,"Pastor, W. F.",Filosofía,https://elibro.puce.elogim.com/es/lc/puce/titulos/36348,"Filosofía/originales/Filosofía antigua - Pastor, W. F..jpg","covers/Ebook/Filosofía/originales/Filosofía antigua - Pastor, W. F..jpg",4b126405f526cc51e74ca1ccac9d10a9fb1c7b082f775f2a8c2e9e81a0cd61fe,Ebook/Filosofia/portadas/ebook-4f88eff5a246dfab.webp,,METADATOS_PENDIENTES,Falta la editorial.; Falta un idioma válido.,"[""Falta la editorial."", ""Falta un idioma válido.""]",,automatic_normalization,,,generated/digital-batch/pending-images/Ebook/Filosofia/portadas/ebook-4f88eff5a246dfab.webp,"{""width"": 220, ""height"": 320}","{""width"": 720, ""height"": 1080}",86,14878,8507b04ffd877f218b0b6215852b5b8d265c5dcc42561535410c24cd240b21c7
EBOOK,Ebook/inventario.csv,29,Filosofía como metanoética,"Hajime, Tanabe",Filosofía,https://elibro.puce.elogim.com/es/lc/puce/titulos/45764,"Filosofía/originales/Filosofía como metanoética - Hajime, Tanabe.jpg","covers/Ebook/Filosofía/originales/Filosofía como metanoética - Hajime, Tanabe.jpg",6790a888f6fd7cf095872eaa2ad8cbb0d81b4e71c9b46ca035617aabf555fcb0,Ebook/Filosofia/portadas/ebook-039e638e77cb6360.webp,,METADATOS_PENDIENTES,Falta la editorial.; Falta un idioma válido.,"[""Falta la editorial."", ""Falta un idioma válido.""]",,automatic_normalization,,,generated/digital-batch/pending-images/Ebook/Filosofia/portadas/ebook-039e638e77cb6360.webp,"{""width"": 220, ""height"": 320}","{""width"": 720, ""height"": 1080}",86,30370,e2f0422878b84c5031d7a5a36c2ff093e7010beada48deccecb79dbe4d6d0f1c
EBOOK,Ebook/inventario.csv,30,Filosofía contemporánea,"Pastor, W. F.",Filosofía,https://elibro.puce.elogim.com/es/lc/puce/titulos/36352,"Filosofía/originales/Filosofía contemporánea - Pastor, W. F..jpg","covers/Ebook/Filosofía/originales/Filosofía contemporánea - Pastor, W. F..jpg",95317fe2d013587c201f835ec65b163cbfb739ab2ac4ebd13beb68e3faa5d1f0,Ebook/Filosofia/portadas/ebook-7c9ecb657fb9f797.webp,,METADATOS_PENDIENTES,Falta la editorial.; Falta un idioma válido.,"[""Falta la editorial."", ""Falta un idioma válido.""]",,automatic_normalization,,,generated/digital-batch/pending-images/Ebook/Filosofia/portadas/ebook-7c9ecb657fb9f797.webp,"{""width"": 220, ""height"": 320}","{""width"": 720, ""height"": 1080}",86,16230,b15a169548a76353585e592f8741f6c6e35f90947eb7dcc26f2a31ccef754eee
EBOOK,Ebook/inventario.csv,31,Filosofía de la ciencia (2a. ed.),"Artigas, Mariano",Filosofía,https://elibro.puce.elogim.com/es/lc/puce/titulos/46920,"Filosofía/originales/Filosofía de la ciencia (2a. ed.) - Artigas, Mariano.jpg","covers/Ebook/Filosofía/originales/Filosofía de la ciencia (2a. ed.) - Artigas, Mariano.jpg",bfdfd042921d825309b880fa111cbf92e86477e3176675c27696ca559a1ae230,Ebook/Filosofia/portadas/ebook-00ba74890bbeded4.webp,,METADATOS_PENDIENTES,Falta la editorial.; Falta un idioma válido.,"[""Falta la editorial."", ""Falta un idioma válido.""]",,automatic_normalization,,,generated/digital-batch/pending-images/Ebook/Filosofia/portadas/ebook-00ba74890bbeded4.webp,"{""width"": 220, ""height"": 320}","{""width"": 720, ""height"": 1080}",86,19868,9ecfb3b6390c61b9a68f81fd014bed276df05a2bfd101fb52767f4426b629c1a
EBOOK,Ebook/inventario.csv,32,Filosofía de la cultura (2a. ed.),"Choza, Jacinto",Filosofía,https://elibro.puce.elogim.com/es/lc/puce/titulos/59773,"Filosofía/originales/Filosofía de la cultura (2a. ed.) - Choza, Jacinto.jpg","covers/Ebook/Filosofía/originales/Filosofía de la cultura (2a. ed.) - Choza, Jacinto.jpg",db651a0d6ccd1258803df6b7bac609388b15ec3269a49fd0bd0abf10fa48b75a,Ebook/Filosofia/portadas/ebook-a0a42f8e10e65611.webp,,METADATOS_PENDIENTES,Falta la editorial.; Falta un idioma válido.,"[""Falta la editorial."", ""Falta un idioma válido.""]",,automatic_normalization,,,generated/digital-batch/pending-images/Ebook/Filosofia/portadas/ebook-a0a42f8e10e65611.webp,"{""width"": 220, ""height"": 320}","{""width"": 720, ""height"": 1080}",86,33534,c55041c6555209718d061416f57f1ea2175ae6ce78541bbc9b218af43ad28cee
EBOOK,Ebook/inventario.csv,33,Filosofía de la finitud,"Mèlich, Joan-Carles",Filosofía,https://elibro.puce.elogim.com/es/lc/puce/titulos/45659,"Filosofía/originales/Filosofía de la finitud - Mèlich, Joan-Carles.jpg","covers/Ebook/Filosofía/originales/Filosofía de la finitud - Mèlich, Joan-Carles.jpg",7f640f40afc3811a2072bf130985ac0bca33f654cdeb2d75e70d1198c55cbf49,Ebook/Filosofia/portadas/ebook-d9a2468b910129f7.webp,,REVISION_ENCUADRE,No existe un crop seguro para las marcas protegidas.,"[""Falta la editorial."", ""Falta un idioma válido.""]",17,impossible,"La ilustración rosa de formas superpuestas, libro y texturas figurativas alcanza ambos lados. No es un fondo liso independiente: cualquier recorte lateral corta el dibujo.",,,"{""width"": 220, ""height"": 320}",,,,
EBOOK,Ebook/inventario.csv,34,Filosofía de la religión,"Beuchot Puente, Mauricio",Filosofía,https://elibro.puce.elogim.com/es/lc/puce/titulos/40946,"Filosofía/originales/Filosofía de la religión - Beuchot Puente, Mauricio.jpg","covers/Ebook/Filosofía/originales/Filosofía de la religión - Beuchot Puente, Mauricio.jpg",4721f142caa033f22ae9034a49404d9adbd857d5610790caa652f147c90664ba,Ebook/Filosofia/portadas/ebook-34ce7fb4dbe3d5ea.webp,,METADATOS_PENDIENTES,Falta la editorial.; Falta un idioma válido.,"[""Falta la editorial."", ""Falta un idioma válido.""]",,automatic_normalization,,,generated/digital-batch/pending-images/Ebook/Filosofia/portadas/ebook-34ce7fb4dbe3d5ea.webp,"{""width"": 220, ""height"": 320}","{""width"": 720, ""height"": 1080}",86,29524,78187b088c4d385c7556542dc0947af7f1afde3612c41698330cb02ad7a8b2aa
EBOOK,Ebook/inventario.csv,35,Filosofía del conocimiento (2a. ed.),"Corazón González, Rafael",Filosofía,https://elibro.puce.elogim.com/es/lc/puce/titulos/46926,"Filosofía/originales/Filosofía del conocimiento (2a. ed.) - Corazón González, Rafael.jpg","covers/Ebook/Filosofía/originales/Filosofía del conocimiento (2a. ed.) - Corazón González, Rafael.jpg",6e21d2a7b7b8592985b4432d528cec48947eadd211b681ee86d28dcfdc4fd21e,Ebook/Filosofia/portadas/ebook-c740fdc211f952d1.webp,,METADATOS_PENDIENTES,Falta la editorial.; Falta un idioma válido.,"[""Falta la editorial."", ""Falta un idioma válido.""]",,automatic_normalization,,,generated/digital-batch/pending-images/Ebook/Filosofia/portadas/ebook-c740fdc211f952d1.webp,"{""width"": 220, ""height"": 320}","{""width"": 720, ""height"": 1080}",86,22146,be83a24f55ad7454b20c6a57cebcb5a5bab027571fb51c57534256fbe676f4b9
EBOOK,Ebook/inventario.csv,36,Filosofía del lenguaje,"Bustos Guadaño, Eduardo de",Filosofía,https://elibro.puce.elogim.com/es/lc/puce/titulos/48712,"Filosofía/originales/Filosofía del lenguaje - Bustos Guadaño, Eduardo de.jpg","covers/Ebook/Filosofía/originales/Filosofía del lenguaje - Bustos Guadaño, Eduardo de.jpg",4eca2812ba90c01132e5292411e9680373f4d7196c9900d67fcb6b024b81ea59,Ebook/Filosofia/portadas/ebook-00fe541f8e191ee1.webp,,METADATOS_PENDIENTES,Falta la editorial.; Falta un idioma válido.,"[""Falta la editorial."", ""Falta un idioma válido.""]",,automatic_normalization,,,generated/digital-batch/pending-images/Ebook/Filosofia/portadas/ebook-00fe541f8e191ee1.webp,"{""width"": 220, ""height"": 320}","{""width"": 720, ""height"": 1080}",86,30872,9268b1a4c117b29ccf6d5f0293cb03c36f121d6b54e4747b04108d9ef1eb49a8
EBOOK,Ebook/inventario.csv,37,Filosofía del renacimiento,"Pastor, W. F.",Filosofía,https://elibro.puce.elogim.com/es/lc/puce/titulos/36350,"Filosofía/originales/Filosofía del renacimiento - Pastor, W. F..jpg","covers/Ebook/Filosofía/originales/Filosofía del renacimiento - Pastor, W. F..jpg",c68b4c452923ad63110bdd28f62993ed36e315cc8a4cd2819b19b68099fc68ca,Ebook/Filosofia/portadas/ebook-bd71367cdab1060c.webp,,METADATOS_PENDIENTES,Falta la editorial.; Falta un idioma válido.,"[""Falta la editorial."", ""Falta un idioma válido.""]",,automatic_normalization,,,generated/digital-batch/pending-images/Ebook/Filosofia/portadas/ebook-bd71367cdab1060c.webp,"{""width"": 220, ""height"": 320}","{""width"": 720, ""height"": 1080}",86,15514,c33004170d083872700d0bda53a2e6b2751bff3cc737f5ec7f75e02f42c81bda
EBOOK,Ebook/inventario.csv,38,Filosofía fundamental,"Balmes, Jaime",Filosofía,https://elibro.puce.elogim.com/es/lc/puce/titulos/34402,"Filosofía/originales/Filosofía fundamental - Balmes, Jaime.jpg","covers/Ebook/Filosofía/originales/Filosofía fundamental - Balmes, Jaime.jpg",373b3c21505cfb4a26363907d173c14f771c523920372de33426b84b52f0499d,Ebook/Filosofia/portadas/ebook-9acec40ecdb659ec.webp,,METADATOS_PENDIENTES,Falta la editorial.; Falta un idioma válido.,"[""Falta la editorial."", ""Falta un idioma válido.""]",,automatic_normalization,,,generated/digital-batch/pending-images/Ebook/Filosofia/portadas/ebook-9acec40ecdb659ec.webp,"{""width"": 220, ""height"": 320}","{""width"": 720, ""height"": 1080}",86,17390,25a3be237af16d2ab022c3c647260a554bbf00837e07d61414eeab4183595b1f
EBOOK,Ebook/inventario.csv,39,Filosofía general,"Pastor, W. F.",Filosofía,https://elibro.puce.elogim.com/es/lc/puce/titulos/36347,"Filosofía/originales/Filosofía general - Pastor, W. F..jpg","covers/Ebook/Filosofía/originales/Filosofía general - Pastor, W. F..jpg",abb9b9abbcad7ecd68ac469b0dd19703a77210de373b6c1c0534c82516a184e9,Ebook/Filosofia/portadas/ebook-bbedcd4f008dc1f8.webp,,METADATOS_PENDIENTES,Falta la editorial.; Falta un idioma válido.,"[""Falta la editorial."", ""Falta un idioma válido.""]",,automatic_normalization,,,generated/digital-batch/pending-images/Ebook/Filosofia/portadas/ebook-bbedcd4f008dc1f8.webp,"{""width"": 220, ""height"": 320}","{""width"": 720, ""height"": 1080}",86,14100,1a7dfbc68d414197fd8d675fa32fc5ba24a7b7be489f019db9ce7f929b07d2f6
EBOOK,Ebook/inventario.csv,40,Filosofía medieval,"Pastor, W. F.",Filosofía,https://elibro.puce.elogim.com/es/lc/puce/titulos/36349,"Filosofía/originales/Filosofía medieval - Pastor, W. F..jpg","covers/Ebook/Filosofía/originales/Filosofía medieval - Pastor, W. F..jpg",2a730cb4576b440fb9fabbb92d17706a1377d5d6886ba8f373e93ddb3876f7a2,Ebook/Filosofia/portadas/ebook-0ac02126c2eb936a.webp,,METADATOS_PENDIENTES,Falta la editorial.; Falta un idioma válido.,"[""Falta la editorial."", ""Falta un idioma válido.""]",,automatic_normalization,,,generated/digital-batch/pending-images/Ebook/Filosofia/portadas/ebook-0ac02126c2eb936a.webp,"{""width"": 220, ""height"": 320}","{""width"": 720, ""height"": 1080}",86,15028,c03b700f516974727795c88ebea6e91f5c5e95007d71293bb7cf15a428d0c1a1
EBOOK,Ebook/inventario.csv,41,Filosofía moderna,"Pastor, W. F.",Filosofía,https://elibro.puce.elogim.com/es/lc/puce/titulos/36351,"Filosofía/originales/Filosofía moderna - Pastor, W. F..jpg","covers/Ebook/Filosofía/originales/Filosofía moderna - Pastor, W. F..jpg",9683afe391754a56f6921809774153492ec52d10a951649a301aad0dbbde8827,Ebook/Filosofia/portadas/ebook-a452742cfae417a9.webp,,METADATOS_PENDIENTES,Falta la editorial.; Falta un idioma válido.,"[""Falta la editorial."", ""Falta un idioma válido.""]",,automatic_normalization,,,generated/digital-batch/pending-images/Ebook/Filosofia/portadas/ebook-a452742cfae417a9.webp,"{""width"": 220, ""height"": 320}","{""width"": 720, ""height"": 1080}",86,14668,af243b6bf32ee20db54a67568cb3a33a82c648353700a8a6642e979096ffdf9d
EBOOK,Ebook/inventario.csv,42,Filosofía para Irene,"Choza, Jacinto",Filosofía,https://elibro.puce.elogim.com/es/lc/puce/titulos/59774,"Filosofía/originales/Filosofía para Irene - Choza, Jacinto.jpg","covers/Ebook/Filosofía/originales/Filosofía para Irene - Choza, Jacinto.jpg",779d6a10f2768588dc6e45e4715e8d23a9cd5ecae3cb7e2655fef90a7e4dca0c,Ebook/Filosofia/portadas/ebook-6866fe06c580051a.webp,,METADATOS_PENDIENTES,Falta la editorial.; Falta un idioma válido.,"[""Falta la editorial."", ""Falta un idioma válido.""]",,automatic_normalization,,,generated/digital-batch/pending-images/Ebook/Filosofia/portadas/ebook-6866fe06c580051a.webp,"{""width"": 220, ""height"": 320}","{""width"": 720, ""height"": 1080}",86,17130,6784c3d88265a9fbfea21e21cba4e886b59038265cff76171c386c9d7d47fb64
EBOOK,Ebook/inventario.csv,43,Filosofía política,"Cruz Prados, Alfredo",Filosofía,https://elibro.puce.elogim.com/es/lc/puce/titulos/47080,"Filosofía/originales/Filosofía política - Cruz Prados, Alfredo.jpg","covers/Ebook/Filosofía/originales/Filosofía política - Cruz Prados, Alfredo.jpg",cdb49a87f3d1725aa507276ae654f050cb454d6e4ed8b3ffcf162a80c9960b99,Ebook/Filosofia/portadas/ebook-32ea66d0a615db40.webp,,METADATOS_PENDIENTES,Falta la editorial.; Falta un idioma válido.,"[""Falta la editorial."", ""Falta un idioma válido.""]",,automatic_normalization,,,generated/digital-batch/pending-images/Ebook/Filosofia/portadas/ebook-32ea66d0a615db40.webp,"{""width"": 220, ""height"": 320}","{""width"": 720, ""height"": 1080}",86,17178,57ef6068224d8ffafb111a1c8196b67df0833758cdcfea55ee293778ee22085d
EBOOK,Ebook/inventario.csv,44,Filosofía y palomitas,"Reina Garnacho, José Manuel",Filosofía,https://elibro.puce.elogim.com/es/lc/puce/titulos/52635,"Filosofía/originales/Filosofía y palomitas - Reina Garnacho, José Manuel.jpg","covers/Ebook/Filosofía/originales/Filosofía y palomitas - Reina Garnacho, José Manuel.jpg",2b5f3a53653d0539dad8ec0923a66927d5bc9f38cbfffab39e0dcdedad020414,Ebook/Filosofia/portadas/ebook-0072a41519535ed6.webp,,METADATOS_PENDIENTES,Falta la editorial.; Falta un idioma válido.,"[""Falta la editorial."", ""Falta un idioma válido.""]",,automatic_normalization,,,generated/digital-batch/pending-images/Ebook/Filosofia/portadas/ebook-0072a41519535ed6.webp,"{""width"": 220, ""height"": 320}","{""width"": 720, ""height"": 1080}",86,66204,c2d4399eb82790446daf01b8dad531ef1c14795c104c2f1e1ccc7f8307b71722
EBOOK,Ebook/inventario.csv,45,Globalización y filosofía,Michael Reder,Filosofía,https://elibro.puce.elogim.com/es/lc/puce/titulos/45667,Filosofía/originales/Globalización y filosofía - Michael Reder.jpg,covers/Ebook/Filosofía/originales/Globalización y filosofía - Michael Reder.jpg,7a7e89494f4612cca15711d5e7e87ba2177434283a997acef158cdf1fb08dff2,Ebook/Filosofia/portadas/ebook-518284887c308b32.webp,,REVISION_ENCUADRE,No existe un crop seguro para las marcas protegidas.,"[""Falta la editorial."", ""Falta un idioma válido.""]",18,impossible,"Las siluetas urbanas de arriba y abajo llegan a ambos bordes. Aunque el centro esté vacío, no hay banda lateral completa sin edificios; no existe desplazamiento seguro.",,,"{""width"": 220, ""height"": 320}",,,,
EBOOK,Ebook/inventario.csv,46,Historia de la filosofía,Julián Marías,Filosofía,https://elibro.puce.elogim.com/es/lc/puce/titulos/45428,Filosofía/originales/Historia de la filosofía - Julián Marías.jpg,covers/Ebook/Filosofía/originales/Historia de la filosofía - Julián Marías.jpg,dd0b3b5913baca686b77c605e857b8c1242476f51558a1227bf6625810c15493,Ebook/Filosofia/portadas/ebook-889e397b33270d83.webp,,REVISION_ENCUADRE,No existe un crop seguro para las marcas protegidas.,"[""Falta la editorial."", ""Falta un idioma válido.""]",19,impossible,La reproducción de la Escuela de Atenas ocupa todo el ancho y el título superior llega muy cerca de ambos lados. Todo encuadre 2:3 interior corta pintura y puede tocar letras.,,,"{""width"": 220, ""height"": 320}",,,,
EBOOK,Ebook/inventario.csv,47,La filosofía de la tecnología,"Sarsanedas, Anna",Filosofía,https://elibro.puce.elogim.com/es/lc/puce/titulos/57841,"Filosofía/originales/La filosofía de la tecnología - Sarsanedas, Anna.jpg","covers/Ebook/Filosofía/originales/La filosofía de la tecnología - Sarsanedas, Anna.jpg",fb7a42204e1e49c3d7e5d06d954f4004c8a60342ad9f02b11ba4f8e34124fd90,Ebook/Filosofia/portadas/ebook-4de59f9ea9c0380f.webp,,METADATOS_PENDIENTES,Falta la editorial.; Falta un idioma válido.,"[""Falta la editorial."", ""Falta un idioma válido.""]",,automatic_normalization,,,generated/digital-batch/pending-images/Ebook/Filosofia/portadas/ebook-4de59f9ea9c0380f.webp,"{""width"": 220, ""height"": 320}","{""width"": 720, ""height"": 1080}",86,19142,2b125333d4e25cca05f066c0cd89faf9655861e63f22be3a6d3858d6b2efd747
EBOOK,Ebook/inventario.csv,48,Las tareas de la filosofía,"Cuartango, Román",Filosofía,https://elibro.puce.elogim.com/es/lc/puce/titulos/53385,"Filosofía/originales/Las tareas de la filosofía - Cuartango, Román.jpg","covers/Ebook/Filosofía/originales/Las tareas de la filosofía - Cuartango, Román.jpg",91b2113bacf2af846d356178c2e7a5beab0795b054339637763037d9b012cdaf,Ebook/Filosofia/portadas/ebook-216488251242cf20.webp,,METADATOS_PENDIENTES,Falta la editorial.; Falta un idioma válido.,"[""Falta la editorial."", ""Falta un idioma válido.""]",,automatic_normalization,,,generated/digital-batch/pending-images/Ebook/Filosofia/portadas/ebook-216488251242cf20.webp,"{""width"": 220, ""height"": 320}","{""width"": 720, ""height"": 1080}",86,25940,e88a08f37c2b1feabb1d19ffafad9ca71766b395345f21a01dd9c6d7a53c70fa
EBOOK,Ebook/inventario.csv,49,¿Qué es Filosofía?,"Betancourt Delgado, William",Filosofía,https://elibro.puce.elogim.com/es/lc/puce/titulos/221757,"Filosofía/originales/¿Qué es Filosofía - Betancourt Delgado, William.jpg","covers/Ebook/Filosofía/originales/¿Qué es Filosofía - Betancourt Delgado, William.jpg",a6df30eb9b99328b8f39b36751597d4341ca17c11c3664289f862c96769dfa01,Ebook/Filosofia/portadas/ebook-14fff49a1571571a.webp,,METADATOS_PENDIENTES,Falta la editorial.; Falta un idioma válido.,"[""Falta la editorial."", ""Falta un idioma válido.""]",,automatic_normalization,,,generated/digital-batch/pending-images/Ebook/Filosofia/portadas/ebook-14fff49a1571571a.webp,"{""width"": 220, ""height"": 320}","{""width"": 720, ""height"": 1080}",86,30592,05fdbc3220b2a44f3c986adff87f6a3f66603f355dc4946e386fe13088ed82f3
EBOOK,Ebook/inventario.csv,50,¿Qué es filosofía?,"Sellés, Juan Fernando",Filosofía,https://elibro.puce.elogim.com/es/lc/puce/titulos/55191,"Filosofía/originales/¿Qué es filosofía - Sellés, Juan Fernando.jpg","covers/Ebook/Filosofía/originales/¿Qué es filosofía - Sellés, Juan Fernando.jpg",a527df547122c7132147c93430ed9860315af7d1836e4e0515352279ba210af4,Ebook/Filosofia/portadas/ebook-f4b17357679c39a4.webp,,REVISION_ENCUADRE,No existe un crop seguro para las marcas protegidas.,"[""Falta la editorial."", ""Falta un idioma válido.""]",20,impossible,"La fotografía de cielo, horizonte y torres eléctricas ocupa ambos bordes. No hay margen exterior ni banda vacía que atraviese toda la altura; un recorte lateral perdería parte de la fotografía.",,,"{""width"": 220, ""height"": 320}",,,,
EBOOK,Ebook/inventario.csv,51,¿Qué es la filosofía?,"Heidegger, Martin",Filosofía,https://elibro.puce.elogim.com/es/lc/puce/titulos/45723,"Filosofía/originales/¿Qué es la filosofía - Heidegger, Martin.jpg","covers/Ebook/Filosofía/originales/¿Qué es la filosofía - Heidegger, Martin.jpg",60df6e73503475c37fa26183361675a219399ff6ecfd0157911bff86aa63b0c7,Ebook/Filosofia/portadas/ebook-697837145d693b86.webp,,METADATOS_PENDIENTES,Falta la editorial.; Falta un idioma válido.,"[""Falta la editorial."", ""Falta un idioma válido.""]",,automatic_normalization,,,generated/digital-batch/pending-images/Ebook/Filosofia/portadas/ebook-697837145d693b86.webp,"{""width"": 220, ""height"": 320}","{""width"": 720, ""height"": 1080}",86,31166,f3e62e45c613644ae0d63c03f6d94c9cf7a10e98b5d937ce75718064fe49f571
EBOOK,Ebook/inventario.csv,52,Diccionario de psicología (2a. ed.),"Consuegra Anaya, Natalia",Psicología,https://elibro.puce.elogim.com/es/lc/puce/titulos/69124,"Psicología/originales/Diccionario de psicología (2a. ed.) - Consuegra Anaya, Natalia.jpg","covers/Ebook/Psicología/originales/Diccionario de psicología (2a. ed.) - Consuegra Anaya, Natalia.jpg",f7e35ede730ec77da950bec40c3d0d855cc2e42e4987c1104a9cf7535cf6fdbb,Ebook/psicologia/portadas/ebook-29e73e1852841f9b.webp,,REVISION_ENCUADRE,No existe un crop seguro para las marcas protegidas.,"[""Falta la editorial."", ""Falta un idioma válido.""]",21,impossible,El retrato ocupa el borde derecho y el hombro/fondo fotográfico llega al izquierdo; además la caja del sello inferior nace en el borde izquierdo. Ningún desplazamiento elimina solo fondo vacío.,,,"{""width"": 220, ""height"": 320}",,,,
EBOOK,Ebook/inventario.csv,53,Diccionario de psicología (3a. ed.),"Ander-Egg, Ezequiel",Psicología,https://elibro.puce.elogim.com/es/lc/puce/titulos/78223,"Psicología/originales/Diccionario de psicología (3a. ed.) - Ander-Egg, Ezequiel.jpg","covers/Ebook/Psicología/originales/Diccionario de psicología (3a. ed.) - Ander-Egg, Ezequiel.jpg",6c04a460c9aff3a7deabb07fed45008f81b495a63e7ab0bd848d569618934771,Ebook/psicologia/portadas/ebook-beadfe44450f8c5c.webp,,REVISION_ENCUADRE,No existe un crop seguro para las marcas protegidas.,"[""Falta la editorial."", ""Falta un idioma válido.""]",22,impossible,"El inicio de Diccionario está a pocos píxeles del izquierdo y la última sucesión de puntos azules casi toca el derecho. Los detalles ampliados y las guías muestran que repartir 6,6667 px no deja separación segura para todos los bordes suavizados; cargar el recorte a un lado corta letras o puntos.",,,"{""width"": 220, ""height"": 320}",,,,
EBOOK,Ebook/inventario.csv,54,El mundo de la psicología,"Ardila, Rubén",Psicología,https://elibro.puce.elogim.com/es/lc/puce/titulos/71138,"Psicología/originales/El mundo de la psicología - Ardila, Rubén.jpg","covers/Ebook/Psicología/originales/El mundo de la psicología - Ardila, Rubén.jpg",962a8fafb2e5e7a4dda584b8f01f3b6eba0f21f4f2e170f1e8376d5b0e9a5b7b,Ebook/psicologia/portadas/ebook-0fe3847a7ff875c7.webp,,METADATOS_PENDIENTES,Falta la editorial.; Falta un idioma válido.,"[""Falta la editorial."", ""Falta un idioma válido.""]",,automatic_normalization,,,generated/digital-batch/pending-images/Ebook/psicologia/portadas/ebook-0fe3847a7ff875c7.webp,"{""width"": 220, ""height"": 320}","{""width"": 720, ""height"": 1080}",86,23710,89e8e2be2475990bb8315173383dcd2a3c6b17eb749f69c1b35aa34e222a3bb1
EBOOK,Ebook/inventario.csv,55,Estadística en psicología,"Bologna, Eduardo",Psicología,https://elibro.puce.elogim.com/es/lc/puce/titulos/78041,"Psicología/originales/Estadística en psicología - Bologna, Eduardo.jpg","covers/Ebook/Psicología/originales/Estadística en psicología - Bologna, Eduardo.jpg",def43b7bd44b181d894f2e9b0b25a01cec3162f503fb71880e883c5c6e56fbc0,Ebook/psicologia/portadas/ebook-13fe5aaddb7931dd.webp,,METADATOS_PENDIENTES,Falta la editorial.; Falta un idioma válido.,"[""Falta la editorial."", ""Falta un idioma válido.""]",,automatic_normalization,,,generated/digital-batch/pending-images/Ebook/psicologia/portadas/ebook-13fe5aaddb7931dd.webp,"{""width"": 220, ""height"": 320}","{""width"": 720, ""height"": 1080}",86,32908,776fbe3ab216c32e74b9b07bbddf1658f5b43fb4f8bcceed46141b78b4957bfa
EBOOK,Ebook/inventario.csv,56,Homosexualidad y psicología (2a. ed.),"Ardila, Rubén",Psicología,https://elibro.puce.elogim.com/es/lc/puce/titulos/71137,"Psicología/originales/Homosexualidad y psicología (2a. ed.) - Ardila, Rubén.jpg","covers/Ebook/Psicología/originales/Homosexualidad y psicología (2a. ed.) - Ardila, Rubén.jpg",846fb0af8b5aeaa683ee3f357ac160834d6f8e766e256e188784d812b3cdca11,Ebook/psicologia/portadas/ebook-7f4b1c3b4d2275b4.webp,,METADATOS_PENDIENTES,Falta la editorial.; Falta un idioma válido.,"[""Falta la editorial."", ""Falta un idioma válido.""]",,automatic_normalization,,,generated/digital-batch/pending-images/Ebook/psicologia/portadas/ebook-7f4b1c3b4d2275b4.webp,"{""width"": 220, ""height"": 320}","{""width"": 720, ""height"": 1080}",86,31622,6a53d3493ec1e01ccf8d08d829f63ab9bde879751a7d38f7bce3995b98e00d18
EBOOK,Ebook/inventario.csv,57,Introducción a la psicología (7a. ed.),"Cosacov, Eduardo",Psicología,https://elibro.puce.elogim.com/es/lc/puce/titulos/78134,"Psicología/originales/Introducción a la psicología (7a. ed.) - Cosacov, Eduardo.jpg","covers/Ebook/Psicología/originales/Introducción a la psicología (7a. ed.) - Cosacov, Eduardo.jpg",7bec960e62ce3d9fe9035ae6e9cf23b159c189190be6f2479bd0424e34df858c,Ebook/psicologia/portadas/ebook-56998c71163c3185.webp,,REVISION_ENCUADRE,No existe un crop seguro para las marcas protegidas.,"[""Falta la editorial."", ""Falta un idioma válido.""]",23,impossible,Las órbitas y la palabra gráfica amarilla llegan a ambos laterales de la zona negra; las barras laterales también forman parte del diseño. No hay una banda vacía continua suficiente en ningún lado.,,,"{""width"": 220, ""height"": 320}",,,,
EBOOK,Ebook/inventario.csv,58,La psicología y su pluralidad,"Colombo, María Elena",Psicología,https://elibro.puce.elogim.com/es/lc/puce/titulos/119841,"Psicología/originales/La psicología y su pluralidad - Colombo, María Elena.jpg","covers/Ebook/Psicología/originales/La psicología y su pluralidad - Colombo, María Elena.jpg",8d23d10e2cd45735c6ca2c2fd94c90894143868d301c2f450fade8ee3454ed93,Ebook/psicologia/portadas/ebook-9e5abbbd2405e7b5.webp,,METADATOS_PENDIENTES,Falta la editorial.; Falta un idioma válido.,"[""Falta la editorial."", ""Falta un idioma válido.""]",,automatic_normalization,,,generated/digital-batch/pending-images/Ebook/psicologia/portadas/ebook-9e5abbbd2405e7b5.webp,"{""width"": 220, ""height"": 320}","{""width"": 720, ""height"": 1080}",86,36532,033a945e5bac6e5b6297091a4224b3a5ef088d1ef78ddb9c187bfacc71b6dddc
EBOOK,Ebook/inventario.csv,59,Psicología clínica,"Sánchez Escobedo, Pedro Antonio",Psicología,https://elibro.puce.elogim.com/es/lc/puce/titulos/100383,"Psicología/originales/Psicología clínica - Sánchez Escobedo, Pedro Antonio.jpg","covers/Ebook/Psicología/originales/Psicología clínica - Sánchez Escobedo, Pedro Antonio.jpg",d32077c3a8001f4772f1fd450b9a339b05a14f59a72e9c82c60569ac7e56ce25,Ebook/psicologia/portadas/ebook-a6d0ccd57418264c.webp,,METADATOS_PENDIENTES,Falta la editorial.; Falta un idioma válido.,"[""Falta la editorial."", ""Falta un idioma válido.""]",,automatic_normalization,,,generated/digital-batch/pending-images/Ebook/psicologia/portadas/ebook-a6d0ccd57418264c.webp,"{""width"": 220, ""height"": 320}","{""width"": 720, ""height"": 1080}",86,35130,a4b0aae242aca478c9f3280e1fead628fe604f23b52b2e072c8dd4ff944ba752
EBOOK,Ebook/inventario.csv,60,Psicología de la competición,"Martín-Albo Lucas, José; Núñez Alonso, Juan Luis",Psicología,https://elibro.puce.elogim.com/es/lc/puce/titulos/60221,"Psicología/originales/Psicología de la competición - Martín-Albo Lucas, José; Núñez Alonso, Juan Luis.jpg","covers/Ebook/Psicología/originales/Psicología de la competición - Martín-Albo Lucas, José; Núñez Alonso, Juan Luis.jpg",8eeeab1acc564c408e94b764384a1ec1cbcd69bf94fd64194a795b6de58e0926,Ebook/psicologia/portadas/ebook-a1526abacd1bdb70.webp,,METADATOS_PENDIENTES,Falta la editorial.; Falta un idioma válido.,"[""Falta la editorial."", ""Falta un idioma válido.""]",,automatic_normalization,,,generated/digital-batch/pending-images/Ebook/psicologia/portadas/ebook-a1526abacd1bdb70.webp,"{""width"": 220, ""height"": 320}","{""width"": 720, ""height"": 1080}",86,60258,65f7f9daff19aeaad40ec3a0bc7cd10bac4870e8ae893f8d1841ef46c1d485a1
EBOOK,Ebook/inventario.csv,61,Psicología de la escritura (8a. ed.),"Cuetos Vega, Fernando",Psicología,https://elibro.puce.elogim.com/es/lc/puce/titulos/63147,"Psicología/originales/Psicología de la escritura (8a. ed.) - Cuetos Vega, Fernando.jpg","covers/Ebook/Psicología/originales/Psicología de la escritura (8a. ed.) - Cuetos Vega, Fernando.jpg",bfc15d37a27075f60c7c5448cff0ffab9b707afed0451435ec1cb82925524a7f,Ebook/psicologia/portadas/ebook-854711073f29cc75.webp,,REVISION_ENCUADRE,No existe un crop seguro para las marcas protegidas.,"[""Falta la editorial."", ""Falta un idioma válido.""]",24,impossible,"La fotografía inferior de niños, brazos y mesa alcanza ambos laterales. Los márgenes blancos de la cabecera no permiten un recorte completo sin perder fotografía abajo.",,,"{""width"": 220, ""height"": 320}",,,,
EBOOK,Ebook/inventario.csv,62,Psicología de la lectura,"Cuetos Vega, Fernando",Psicología,https://elibro.puce.elogim.com/es/lc/puce/titulos/63140,"Psicología/originales/Psicología de la lectura - Cuetos Vega, Fernando.jpg","covers/Ebook/Psicología/originales/Psicología de la lectura - Cuetos Vega, Fernando.jpg",bb46a3e733637bd21c078f2b7f0eb5b90ba67065979dfb4afb060a96d3083add,Ebook/psicologia/portadas/ebook-e66cac74923b955b.webp,,REVISION_ENCUADRE,No existe un crop seguro para las marcas protegidas.,"[""Falta la editorial."", ""Falta un idioma válido.""]",25,impossible,La fotografía de niño y libro ocupa el ancho completo de la mitad inferior. Tanto un recorte simétrico como uno unilateral eliminarían fotografía de borde.,,,"{""width"": 220, ""height"": 320}",,,,
EBOOK,Ebook/inventario.csv,63,Psicología de la personalidad,"Bermúdez Moreno, José; Pérez-García, Ana María; Ruiz Caballero, José Antonio; Sanjuán Suárez, Pilar; Rueda Laffond, Beatriz",Psicología,https://elibro.puce.elogim.com/es/lc/puce/titulos/48581,"Psicología/originales/Psicología de la personalidad - Bermúdez Moreno, José; Pérez-García, Ana María; Ruiz Caballero, José Antonio; Sanjuán Suárez, Pilar; Rueda Laffond, Beatriz.jpg","covers/Ebook/Psicología/originales/Psicología de la personalidad - Bermúdez Moreno, José; Pérez-García, Ana María; Ruiz Caballero, José Antonio; Sanjuán Suárez, Pilar; Rueda Laffond, Beatriz.jpg",2953cab83037fde2a2712e91f321239247c31b49799c1c674dde71520d173f20,Ebook/psicologia/portadas/ebook-d690a764a51c9691.webp,,METADATOS_PENDIENTES,Falta la editorial.; Falta un idioma válido.,"[""Falta la editorial."", ""Falta un idioma válido.""]",,automatic_normalization,,,generated/digital-batch/pending-images/Ebook/psicologia/portadas/ebook-d690a764a51c9691.webp,"{""width"": 220, ""height"": 320}","{""width"": 720, ""height"": 1080}",86,46956,a18f342c99868ae7017257c4767828030d88abaa06f435e6769b433f3b0ba610
EBOOK,Ebook/inventario.csv,64,Psicología de la sexualidad,Javier Gómez Zapiain,Psicología,https://elibro.puce.elogim.com/es/lc/puce/titulos/45454,Psicología/originales/Psicología de la sexualidad - Javier Gómez Zapiain.jpg,covers/Ebook/Psicología/originales/Psicología de la sexualidad - Javier Gómez Zapiain.jpg,20ed548c4ce330ee6c37dc2eac965e57c88ed87c4803866f9c0da487e653d823,Ebook/psicologia/portadas/ebook-8f743f4ad70cd2e6.webp,,REVISION_ENCUADRE,No existe un crop seguro para las marcas protegidas.,"[""Falta la editorial."", ""Falta un idioma válido.""]",26,impossible,"La ilustración de ojos y manuscrito ocupa todo el ancho, incluidos los extremos laterales. No existe margen exterior o zona lateral vacía independiente de la ilustración.",,,"{""width"": 220, ""height"": 320}",,,,
EBOOK,Ebook/inventario.csv,65,Psicología de las masas (6a. ed.),"Le Bon, Gustave",Psicología,https://elibro.puce.elogim.com/es/lc/puce/titulos/116203,"Psicología/originales/Psicología de las masas (6a. ed.) - Le Bon, Gustave.jpg","covers/Ebook/Psicología/originales/Psicología de las masas (6a. ed.) - Le Bon, Gustave.jpg",7f9c6dc5855956d534b3e6a61f7415755ac82f95a557d87289a915b123314e7b,Ebook/psicologia/portadas/ebook-8a486f9b57ac9316.webp,,METADATOS_PENDIENTES,Falta la editorial.; Falta un idioma válido.,"[""Falta la editorial."", ""Falta un idioma válido.""]",,automatic_normalization,,,generated/digital-batch/pending-images/Ebook/psicologia/portadas/ebook-8a486f9b57ac9316.webp,"{""width"": 220, ""height"": 320}","{""width"": 720, ""height"": 1080}",86,33542,0ed89dde2b9cefa6a98e4edceab85845a078002c94214be752498e86696bdf24
EBOOK,Ebook/inventario.csv,66,Psicología del deporte,"Moran, Aidan; Toner, John",Psicología,https://elibro.puce.elogim.com/es/lc/puce/titulos/39788,"Psicología/originales/Psicología del deporte - Moran, Aidan; Toner, John.jpg","covers/Ebook/Psicología/originales/Psicología del deporte - Moran, Aidan; Toner, John.jpg",54db995741f14e5cad70ec21b49f549b8e657c3ce65c71f431fc00d5a5ad6333,Ebook/psicologia/portadas/ebook-e5f7847b79085b94.webp,,REVISION_ENCUADRE,No existe un crop seguro para las marcas protegidas.,"[""Falta la editorial."", ""Falta un idioma válido.""]",27,impossible,Las figuras de corredores alcanzan el izquierdo y el brazo/cuerpo del corredor delantero llega al derecho. Ningún desplazamiento conserva simultáneamente ambas partes de la ilustración.,,,"{""width"": 220, ""height"": 320}",,,,
EBOOK,Ebook/inventario.csv,67,Psicología del niño (18a. ed.),"Piaget, Jean; Inhelder, Bärbel",Psicología,https://elibro.puce.elogim.com/es/lc/puce/titulos/116205,"Psicología/originales/Psicología del niño (18a. ed.) - Piaget, Jean; Inhelder, Bärbel.jpg","covers/Ebook/Psicología/originales/Psicología del niño (18a. ed.) - Piaget, Jean; Inhelder, Bärbel.jpg",5ce7b0a74a3e5a5d2bb8026d8a61f3e55ad1171540056fffdc32bd82857ac8de,Ebook/psicologia/portadas/ebook-e509af1fb945cdd3.webp,,METADATOS_PENDIENTES,Falta la editorial.; Falta un idioma válido.,"[""Falta la editorial."", ""Falta un idioma válido.""]",,automatic_normalization,,,generated/digital-batch/pending-images/Ebook/psicologia/portadas/ebook-e509af1fb945cdd3.webp,"{""width"": 220, ""height"": 320}","{""width"": 720, ""height"": 1080}",86,49238,f138f4adccd11d53be697df574dc8f14768cac86010226e821e8cb3d5ced33cf
EBOOK,Ebook/inventario.csv,68,Psicología del trabajo,"González, Martín; Olivares, Socorro",Psicología,https://elibro.puce.elogim.com/es/lc/puce/titulos/39406,"Psicología/originales/Psicología del trabajo - González, Martín; Olivares, Socorro.jpg","covers/Ebook/Psicología/originales/Psicología del trabajo - González, Martín; Olivares, Socorro.jpg",9739757d0c3bebe63fcd6e4d9fe7bc12f992f651531958c90342abf05d74b101,Ebook/psicologia/portadas/ebook-57578e510a6cf163.webp,,REVISION_ENCUADRE,No existe un crop seguro para las marcas protegidas.,"[""Falta la editorial."", ""Falta un idioma válido.""]",28,impossible,La fotografía del aula ocupa ambos extremos superiores y el dibujo del cerebro alcanza el izquierdo. El espacio de fondo inferior no continúa por toda la altura; cualquier desplazamiento elimina fotografía o dibujo.,,,"{""width"": 220, ""height"": 320}",,,,
EBOOK,Ebook/inventario.csv,69,Psicología diferencial,"Matud Aznar, María del Pilar; Marrero Quevedo, Rosario J.; Carballeira Abella, Mónica",Psicología,https://elibro.puce.elogim.com/es/lc/puce/titulos/106631,"Psicología/originales/Psicología diferencial - Matud Aznar, María del Pilar; Marrero Quevedo, Rosario J.; Carballeira Abella, Mónica.jpg","covers/Ebook/Psicología/originales/Psicología diferencial - Matud Aznar, María del Pilar; Marrero Quevedo, Rosario J.; Carballeira Abella, Mónica.jpg",da2b439850dcaa45d064716f17db2e0a49af78528a2c97e14611a279890e7217,Ebook/psicologia/portadas/ebook-81d10bac39520b9d.webp,,METADATOS_PENDIENTES,Falta la editorial.; Falta un idioma válido.,"[""Falta la editorial."", ""Falta un idioma válido.""]",,automatic_normalization,,,generated/digital-batch/pending-images/Ebook/psicologia/portadas/ebook-81d10bac39520b9d.webp,"{""width"": 220, ""height"": 320}","{""width"": 720, ""height"": 1080}",86,17978,1b9a67187d35efadee3c9ef6422933867d73b2fbb92129dc0e296a12b47e2fb1
EBOOK,Ebook/inventario.csv,70,Psicología educativa,"Cline, Tony; Gulliford, Anthea; Birch, Susan",Psicología,https://elibro.puce.elogim.com/es/lc/puce/titulos/39772,"Psicología/originales/Psicología educativa - Cline, Tony; Gulliford, Anthea; Birch, Susan.jpg","covers/Ebook/Psicología/originales/Psicología educativa - Cline, Tony; Gulliford, Anthea; Birch, Susan.jpg",2a8e926e437975852f72b255e341dc8d3132f4cb9e32436905c85121137aaddf,Ebook/psicologia/portadas/ebook-07671dd911189002.webp,,REVISION_ENCUADRE,No existe un crop seguro para las marcas protegidas.,"[""Falta la editorial."", ""Falta un idioma válido.""]",29,impossible,"La imagen de estanterías, libros y divisiones blancas llega a ambos bordes. No hay margen lateral ajeno a esa imagen; cualquier recorte elimina parte de la composición.",,,"{""width"": 220, ""height"": 320}",,,,
EBOOK,Ebook/inventario.csv,71,Psicología general (3a. ed.),Eva Laura García González,Psicología,https://elibro.puce.elogim.com/es/lc/puce/titulos/40402,Psicología/originales/Psicología general (3a. ed.) - Eva Laura García González.jpg,covers/Ebook/Psicología/originales/Psicología general (3a. ed.) - Eva Laura García González.jpg,8288251636fccdc4fa2e2bba3bd76ad85d93a8daf4cfcc7330686606b53fd907,Ebook/psicologia/portadas/ebook-555c90c48e9c9991.webp,,METADATOS_PENDIENTES,Falta la editorial.; Falta un idioma válido.,"[""Falta la editorial."", ""Falta un idioma válido.""]",,automatic_normalization,,,generated/digital-batch/pending-images/Ebook/psicologia/portadas/ebook-555c90c48e9c9991.webp,"{""width"": 220, ""height"": 320}","{""width"": 720, ""height"": 1080}",86,43244,ce836530b65f3951a9d6439828dfbfdec509b4c2075b074e6bf68ef1cdcb1434
EBOOK,Ebook/inventario.csv,72,Psicología médica,"Fuente, Ramón de la",Psicología,https://elibro.puce.elogim.com/es/lc/puce/titulos/109986,"Psicología/originales/Psicología médica - Fuente, Ramón de la.jpg","covers/Ebook/Psicología/originales/Psicología médica - Fuente, Ramón de la.jpg",327f8ecf95ba92a8b4066e4c89a5ac1819525417d40feeb04c1605954196a5de,Ebook/psicologia/portadas/ebook-67511892222078e9.webp,,METADATOS_PENDIENTES,Falta la editorial.; Falta un idioma válido.,"[""Falta la editorial."", ""Falta un idioma válido.""]",,automatic_normalization,,,generated/digital-batch/pending-images/Ebook/psicologia/portadas/ebook-67511892222078e9.webp,"{""width"": 220, ""height"": 320}","{""width"": 720, ""height"": 1080}",86,24412,47a264509afa6694a56b49eff9fbcb70e4d2f8ac32c20cdf3d7cba5d287c0f58
EBOOK,Ebook/inventario.csv,73,Psicología social,"Bello Dávila, Zoe; Casales Fernández, Julio César",Psicología,https://elibro.puce.elogim.com/es/lc/puce/titulos/71802,"Psicología/originales/Psicología social - Bello Dávila, Zoe; Casales Fernández, Julio César.jpg","covers/Ebook/Psicología/originales/Psicología social - Bello Dávila, Zoe; Casales Fernández, Julio César.jpg",ce7ada1d00bd50526edb3a0778c228e9bf3cc659c6532fa4050c9a32194c850f,Ebook/psicologia/portadas/ebook-ba2dc1c5b664546f.webp,,METADATOS_PENDIENTES,Falta la editorial.; Falta un idioma válido.,"[""Falta la editorial."", ""Falta un idioma válido.""]",,automatic_normalization,,,generated/digital-batch/pending-images/Ebook/psicologia/portadas/ebook-ba2dc1c5b664546f.webp,"{""width"": 220, ""height"": 320}","{""width"": 720, ""height"": 1080}",86,19478,fc3b28c3f66530db7f809b89984d4a2e360ce484bb0b830dacdeafa29d0795de
EBOOK,Ebook/inventario.csv,74,Psicología. Lo inconsciente,"Töpf, José; Rojo, Heberto A.",Psicología,https://elibro.puce.elogim.com/es/lc/puce/titulos/119908,"Psicología/originales/Psicología. Lo inconsciente - Töpf, José; Rojo, Heberto A..jpg","covers/Ebook/Psicología/originales/Psicología. Lo inconsciente - Töpf, José; Rojo, Heberto A..jpg",ff28bb8f0b1d526403e17b2b5b4957ef9f9098f25f869170afc445a421dcc977,Ebook/psicologia/portadas/ebook-5a67a4b7881c5a5f.webp,,METADATOS_PENDIENTES,Falta la editorial.; Falta un idioma válido.,"[""Falta la editorial."", ""Falta un idioma válido.""]",,automatic_normalization,,,generated/digital-batch/pending-images/Ebook/psicologia/portadas/ebook-5a67a4b7881c5a5f.webp,"{""width"": 220, ""height"": 320}","{""width"": 720, ""height"": 1080}",86,27548,19da60012154c79673921837943b656ddb3e5f62eae9dbfc076155e6a6cac672
EBOOK,Ebook/inventario.csv,75,Psicología: polimodal,"Divenosa, Marisa; Costa, Ivana",Psicología,https://elibro.puce.elogim.com/es/lc/puce/titulos/78946,"Psicología/originales/Psicología polimodal - Divenosa, Marisa; Costa, Ivana.jpg","covers/Ebook/Psicología/originales/Psicología polimodal - Divenosa, Marisa; Costa, Ivana.jpg",ba02cd44ebfb7bc86fcd0952837cb2327877cdf6ed5ce9f25bfa01a791349218,Ebook/psicologia/portadas/ebook-f8e97f4f26b71ec3.webp,,METADATOS_PENDIENTES,Falta la editorial.; Falta un idioma válido.,"[""Falta la editorial."", ""Falta un idioma válido.""]",,automatic_normalization,,,generated/digital-batch/pending-images/Ebook/psicologia/portadas/ebook-f8e97f4f26b71ec3.webp,"{""width"": 220, ""height"": 320}","{""width"": 720, ""height"": 1080}",86,59516,37c9e031cb0ef5b12e62e9d83d097b8e576692e1370acb72ecda5eb5cef89c16
EBOOK,Ebook/inventario.csv,76,Psicologías inútiles,"Soto Ramírez, Juan",Psicología,https://elibro.puce.elogim.com/es/lc/puce/titulos/38212,"Psicología/originales/Psicologías inútiles - Soto Ramírez, Juan.jpg","covers/Ebook/Psicología/originales/Psicologías inútiles - Soto Ramírez, Juan.jpg",5789efd4dc8bf2a51c45731c54fc5435f00afc58c21da2a4de87b321c1293972,Ebook/psicologia/portadas/ebook-e9b2b3616241be91.webp,,REVISION_ENCUADRE,No existe un crop seguro para las marcas protegidas.,"[""Falta la editorial."", ""Falta un idioma válido.""]",30,impossible,La ilustración del rostro y la trama vegetal inferior alcanza ambos laterales; los textos y marcas inferiores tampoco ofrecen margen holgado. Un recorte desplazado seguiría cortando ilustración.,,,"{""width"": 220, ""height"": 320}",,,,
EBOOK,Ebook/inventario.csv,77,Historia,Javier Gálvez S.,Historia,https://elibro.puce.elogim.com/es/lc/puce/titulos/79196,Historia/originales/Historia - Javier Gálvez S..jpg,covers/Ebook/Historia/originales/Historia - Javier Gálvez S..jpg,c896e84cd7719680a1a8f52d06fa058c671b995cabba85f1911210dee581c67b,Ebook/historia/portadas/ebook-18f389fa1ff99dbe.webp,,METADATOS_PENDIENTES,Falta la editorial.; Falta un idioma válido.,"[""Falta la editorial."", ""Falta un idioma válido.""]",,automatic_normalization,,,generated/digital-batch/pending-images/Ebook/historia/portadas/ebook-18f389fa1ff99dbe.webp,"{""width"": 220, ""height"": 320}","{""width"": 720, ""height"": 1080}",86,21982,241155985f6b82b372dd3081bc6d5e01fd086471e53dc316ebf49b7c84cf6d73
EBOOK,Ebook/inventario.csv,78,Historia de América,"Malamud, Carlos",Historia,https://elibro.puce.elogim.com/es/lc/puce/titulos/304769,"Historia/originales/Historia de América - Malamud, Carlos.jpg","covers/Ebook/Historia/originales/Historia de América - Malamud, Carlos.jpg",571dec33e92cce527942095758597624950732a671c1222c0cd9467a0be52232,Ebook/historia/portadas/ebook-2b56751b895caee6.webp,,METADATOS_PENDIENTES,Falta la editorial.; Falta un idioma válido.,"[""Falta la editorial."", ""Falta un idioma válido.""]",,automatic_normalization,,,generated/digital-batch/pending-images/Ebook/historia/portadas/ebook-2b56751b895caee6.webp,"{""width"": 220, ""height"": 320}","{""width"": 720, ""height"": 1080}",86,27814,613a6d7ef62ed16ca20ec0ae92bd588517903cb535ccda04d6ebbe8c272dfc6d
EBOOK,Ebook/inventario.csv,79,Historia de Cádiz,"Horozco, Agustín de",Historia,https://elibro.puce.elogim.com/es/lc/puce/titulos/33935,"Historia/originales/Historia de Cádiz - Horozco, Agustín de.jpg","covers/Ebook/Historia/originales/Historia de Cádiz - Horozco, Agustín de.jpg",3a9b2ddc2c29dc1399382f3730a055ca76caf38b93e645cd3221e91c286a574a,Ebook/historia/portadas/ebook-4867fc8ce98b175b.webp,,METADATOS_PENDIENTES,Falta la editorial.; Falta un idioma válido.,"[""Falta la editorial."", ""Falta un idioma válido.""]",,automatic_normalization,,,generated/digital-batch/pending-images/Ebook/historia/portadas/ebook-4867fc8ce98b175b.webp,"{""width"": 220, ""height"": 320}","{""width"": 720, ""height"": 1080}",86,19686,538c62787067f7ea0d6d222e703e813d7c2ed40036ae2329baa85f449d2ec3fd
EBOOK,Ebook/inventario.csv,80,Historia de Córdoba,"Aguilar Gavilán, Enrique",Historia,https://elibro.puce.elogim.com/es/lc/puce/titulos/52407,"Historia/originales/Historia de Córdoba - Aguilar Gavilán, Enrique.jpg","covers/Ebook/Historia/originales/Historia de Córdoba - Aguilar Gavilán, Enrique.jpg",70857542d0902b6d958c8ebbf003e6df727a01f3a5cf65ae9bd55a8b205bd435,Ebook/historia/portadas/ebook-b668bfd19c2b596c.webp,,METADATOS_PENDIENTES,Falta la editorial.; Falta un idioma válido.,"[""Falta la editorial."", ""Falta un idioma válido.""]",,automatic_normalization,,,generated/digital-batch/pending-images/Ebook/historia/portadas/ebook-b668bfd19c2b596c.webp,"{""width"": 220, ""height"": 320}","{""width"": 720, ""height"": 1080}",86,46102,36ef6cfb95a23c57f4d4037c4f7202de94f986e67599dd41fe6a04bd4a7e5699
EBOOK,Ebook/inventario.csv,81,Historia de Francia,"Price, Roger",Historia,https://elibro.puce.elogim.com/es/lc/puce/titulos/49779,"Historia/originales/Historia de Francia - Price, Roger.jpg","covers/Ebook/Historia/originales/Historia de Francia - Price, Roger.jpg",3cd4dd0ab742c769408b9e1bba9d9e084ee289a2335e3cdca8eb71111b2f5eb8,Ebook/historia/portadas/ebook-15ff99c2d2fa9523.webp,,METADATOS_PENDIENTES,Falta la editorial.; Falta un idioma válido.,"[""Falta la editorial."", ""Falta un idioma válido.""]",,automatic_normalization,,,generated/digital-batch/pending-images/Ebook/historia/portadas/ebook-15ff99c2d2fa9523.webp,"{""width"": 220, ""height"": 320}","{""width"": 720, ""height"": 1080}",86,59946,fcd19dc8565150a38b5b0918ea6b2e584d2953b09360b5a396dd9d87b0240cd3
EBOOK,Ebook/inventario.csv,82,Historia de Irlanda (3a. ed.),"O’Beirne Ranelagh, John",Historia,https://elibro.puce.elogim.com/es/lc/puce/titulos/49812,"Historia/originales/Historia de Irlanda (3a. ed.) - O’Beirne Ranelagh, John.jpg","covers/Ebook/Historia/originales/Historia de Irlanda (3a. ed.) - O’Beirne Ranelagh, John.jpg",de5d1a61fceee957ddc78d3f698b952838dfdb543d82594c37bff17bb17cc7cd,Ebook/historia/portadas/ebook-962e5b8ad3725942.webp,,METADATOS_PENDIENTES,Falta la editorial.; Falta un idioma válido.,"[""Falta la editorial."", ""Falta un idioma válido.""]",,automatic_normalization,,,generated/digital-batch/pending-images/Ebook/historia/portadas/ebook-962e5b8ad3725942.webp,"{""width"": 220, ""height"": 320}","{""width"": 720, ""height"": 1080}",86,45674,6653afc2da7a7f9ab54b944ecb158fcdf97d70cd8771f9f007695b1013fc75dc
EBOOK,Ebook/inventario.csv,83,Historia de Italia (2a. ed.),"Duggan, Christopher",Historia,https://elibro.puce.elogim.com/es/lc/puce/titulos/49780,"Historia/originales/Historia de Italia (2a. ed.) - Duggan, Christopher.jpg","covers/Ebook/Historia/originales/Historia de Italia (2a. ed.) - Duggan, Christopher.jpg",5e20cd2f4d10749271ef3108ec1d0dcb11a4deede15550a11babd548f3c82c56,Ebook/historia/portadas/ebook-af6ad49654985125.webp,,METADATOS_PENDIENTES,Falta la editorial.; Falta un idioma válido.,"[""Falta la editorial."", ""Falta un idioma válido.""]",,automatic_normalization,,,generated/digital-batch/pending-images/Ebook/historia/portadas/ebook-af6ad49654985125.webp,"{""width"": 220, ""height"": 320}","{""width"": 720, ""height"": 1080}",86,69464,18b9dbb8d3c393896d807bb0b7b670022c5a1ff2f8309a7c13dedcfb56218534
EBOOK,Ebook/inventario.csv,84,Historia de la cultura en la América hispánica,"Henríquez Ureña, Pedro",Historia,https://elibro.puce.elogim.com/es/lc/puce/titulos/110160,"Historia/originales/Historia de la cultura en la América hispánica - Henríquez Ureña, Pedro.jpg","covers/Ebook/Historia/originales/Historia de la cultura en la América hispánica - Henríquez Ureña, Pedro.jpg",3dca0942e229bf6942b60264ccb40c4cfb513c55acd17b63626a63a7d27433dc,Ebook/historia/portadas/ebook-842788ea6c161a3d.webp,,METADATOS_PENDIENTES,Falta la editorial.; Falta un idioma válido.,"[""Falta la editorial."", ""Falta un idioma válido.""]",,automatic_normalization,,,generated/digital-batch/pending-images/Ebook/historia/portadas/ebook-842788ea6c161a3d.webp,"{""width"": 220, ""height"": 320}","{""width"": 720, ""height"": 1080}",86,44476,b0c1e98ca45e5b6234871714037890d6765ebc9755e9ee6d2b39055944331c14
EBOOK,Ebook/inventario.csv,85,Historia de la India (3a. ed.),"Metcalf, Barbara D. - Metcalf, Thomas R.",Historia,https://elibro.puce.elogim.com/es/lc/puce/titulos/49813,"Historia/originales/Historia de la India (3a. ed.) - Metcalf, Barbara D. - Metcalf, Thomas R..jpg","covers/Ebook/Historia/originales/Historia de la India (3a. ed.) - Metcalf, Barbara D. - Metcalf, Thomas R..jpg",7db919e95fb0fbbf4a3f053eade05efd99cb172cea3295fe205c9c60f4ae7632,Ebook/historia/portadas/ebook-4e24ef789a1c76b5.webp,,METADATOS_PENDIENTES,Falta la editorial.; Falta un idioma válido.,"[""Falta la editorial."", ""Falta un idioma válido.""]",,automatic_normalization,,,generated/digital-batch/pending-images/Ebook/historia/portadas/ebook-4e24ef789a1c76b5.webp,"{""width"": 220, ""height"": 320}","{""width"": 720, ""height"": 1080}",86,93826,d70e0f473f32f16eaa3c3f8f19bf30aa74c70ecb3ade521837ff77df3dd17d71
EBOOK,Ebook/inventario.csv,86,Historia de los Estados Unidos de América,"Grant, Susan-Mary",Historia,https://elibro.puce.elogim.com/es/lc/puce/titulos/49811,"Historia/originales/Historia de los Estados Unidos de América - Grant, Susan-Mary.jpg","covers/Ebook/Historia/originales/Historia de los Estados Unidos de América - Grant, Susan-Mary.jpg",e3452b4e3c9ff9bf2c3ceebb520c083dfe4a72c93cfa5fa3823829ec4621a85c,Ebook/historia/portadas/ebook-e804e1bc6a8c36cb.webp,,METADATOS_PENDIENTES,Falta la editorial.; Falta un idioma válido.,"[""Falta la editorial."", ""Falta un idioma válido.""]",,automatic_normalization,,,generated/digital-batch/pending-images/Ebook/historia/portadas/ebook-e804e1bc6a8c36cb.webp,"{""width"": 220, ""height"": 320}","{""width"": 720, ""height"": 1080}",86,48724,7a3e08eac67603efa6eff1215ed036553bf874c1d89db02a35741f36d64f957c
EBOOK,Ebook/inventario.csv,87,Historia de México,"Cavo, Andrés",Historia,https://elibro.puce.elogim.com/es/lc/puce/titulos/37244,"Historia/originales/Historia de México - Cavo, Andrés.jpg","covers/Ebook/Historia/originales/Historia de México - Cavo, Andrés.jpg",6fc58a6180d537277e63709b8deaa567bacb9a841ac68f6e1f059a5fe639eee3,Ebook/historia/portadas/ebook-feb8d575cc7258a0.webp,,METADATOS_PENDIENTES,Falta la editorial.; Falta un idioma válido.,"[""Falta la editorial."", ""Falta un idioma válido.""]",,automatic_normalization,,,generated/digital-batch/pending-images/Ebook/historia/portadas/ebook-feb8d575cc7258a0.webp,"{""width"": 220, ""height"": 320}","{""width"": 720, ""height"": 1080}",86,29550,732a7fe04b7daf1ad33803750056908a68799cad1cd32f85a26a737a01594c3f
EBOOK,Ebook/inventario.csv,88,Historia de México (3a. ed.),"Martínez Ruiz, Héctor - Menchaca Espinosa, Francisco Javier",Historia,https://elibro.puce.elogim.com/es/lc/puce/titulos/40546,"Historia/originales/Historia de México (3a. ed.) - Martínez Ruiz, Héctor - Menchaca Espinosa, Francisco Javier.jpg","covers/Ebook/Historia/originales/Historia de México (3a. ed.) - Martínez Ruiz, Héctor - Menchaca Espinosa, Francisco Javier.jpg",de3dcec28529ea3b5620312be17a441a517b6b1919a44d2535517936c99e1941,Ebook/historia/portadas/ebook-1f646aee509e5997.webp,,REVISION_ENCUADRE,No existe un crop seguro para las marcas protegidas.,"[""Falta la editorial."", ""Falta un idioma válido.""]",31,impossible,La pintura de jinetes y paisaje llega al derecho; a la izquierda llegan la banda de colección y un pequeño texto inferior. No existe banda lateral vacía continua para absorber el recorte.,,,"{""width"": 220, ""height"": 320}",,,,
EBOOK,Ebook/inventario.csv,89,Historia de Rusia,"Bushkovitch, Paul",Historia,https://elibro.puce.elogim.com/es/lc/puce/titulos/49810,"Historia/originales/Historia de Rusia - Bushkovitch, Paul.jpg","covers/Ebook/Historia/originales/Historia de Rusia - Bushkovitch, Paul.jpg",448da82ab8f9ddc1dd457bc085db1015e809777d9117d65b33fadae5ba597cd6,Ebook/historia/portadas/ebook-7f0c6a2a50f028d5.webp,,METADATOS_PENDIENTES,Falta la editorial.; Falta un idioma válido.,"[""Falta la editorial."", ""Falta un idioma válido.""]",,automatic_normalization,,,generated/digital-batch/pending-images/Ebook/historia/portadas/ebook-7f0c6a2a50f028d5.webp,"{""width"": 220, ""height"": 320}","{""width"": 720, ""height"": 1080}",86,39880,d31b45eeb5ec991dcb6a0e9d7c8001357b1c9b2f68ec95b978571b2d23384f3f
EBOOK,Ebook/inventario.csv,90,Historia de Tlaxcala,"Muñoz y Camargo, Diego",Historia,https://elibro.puce.elogim.com/es/lc/puce/titulos/62415,"Historia/originales/Historia de Tlaxcala - Muñoz y Camargo, Diego.jpg","covers/Ebook/Historia/originales/Historia de Tlaxcala - Muñoz y Camargo, Diego.jpg",1d51a475758d06ccd44be03105186cce2254b8fc178bc6af71e935b4775e8f7c,Ebook/historia/portadas/ebook-e252c4f94c85fd0a.webp,,METADATOS_PENDIENTES,Falta la editorial.; Falta un idioma válido.,"[""Falta la editorial."", ""Falta un idioma válido.""]",,automatic_normalization,,,generated/digital-batch/pending-images/Ebook/historia/portadas/ebook-e252c4f94c85fd0a.webp,"{""width"": 220, ""height"": 320}","{""width"": 720, ""height"": 1080}",86,11054,3e670b0ab789be87b1ef5bbf1c4860881f02f6533df4cca8b75d412651de5b9a
EBOOK,Ebook/inventario.csv,91,Historia de Yucatán,"Cogolludo, Diego López de",Historia,https://elibro.puce.elogim.com/es/lc/puce/titulos/61593,"Historia/originales/Historia de Yucatán - Cogolludo, Diego López de.jpg","covers/Ebook/Historia/originales/Historia de Yucatán - Cogolludo, Diego López de.jpg",9f480d401bfafaf075666793d7eb199bfc23272a1f1ae7bcc6e7ab75e6ac62ac,Ebook/historia/portadas/ebook-1fb792ea40eb7626.webp,,METADATOS_PENDIENTES,Falta la editorial.; Falta un idioma válido.,"[""Falta la editorial."", ""Falta un idioma válido.""]",,automatic_normalization,,,generated/digital-batch/pending-images/Ebook/historia/portadas/ebook-1fb792ea40eb7626.webp,"{""width"": 220, ""height"": 320}","{""width"": 720, ""height"": 1080}",86,11272,7d7e478237e74558a54a4af3bfc3c7bfa38126830d05e7b25ec8d13050c2ed43
EBOOK,Ebook/inventario.csv,92,Historia económica,José U. Bernardos Sanz - Mauro Hernández - Miguel Santamaría Lancho,Historia,https://elibro.puce.elogim.com/es/lc/puce/titulos/48793,Historia/originales/Historia económica - José U. Bernardos Sanz - Mauro Hernández - Miguel Santamaría Lancho.jpg,covers/Ebook/Historia/originales/Historia económica - José U. Bernardos Sanz - Mauro Hernández - Miguel Santamaría Lancho.jpg,a9d219d8ca5f6ab40a59c12526601a5cc241321aa40e70fc46371118f896278e,Ebook/historia/portadas/ebook-02b1d39c9908dbf0.webp,,METADATOS_PENDIENTES,Falta la editorial.; Falta un idioma válido.,"[""Falta la editorial."", ""Falta un idioma válido.""]",,automatic_normalization,,,generated/digital-batch/pending-images/Ebook/historia/portadas/ebook-02b1d39c9908dbf0.webp,"{""width"": 220, ""height"": 320}","{""width"": 720, ""height"": 1080}",86,68688,0bae1dbd2d293c17eb37ebe02be71b3cd548f648f991b2833e32f2af221131a8
EBOOK,Ebook/inventario.csv,93,Historia general,Manuel Ramírez Sánchez - María Luisa Toledo Bravo de Laguna - Germán Santana Pérez,Historia,https://elibro.puce.elogim.com/es/lc/puce/titulos/57224,Historia/originales/Historia general - Manuel Ramírez Sánchez - María Luisa Toledo Bravo de Laguna - Germán Santana Pérez.jpg,covers/Ebook/Historia/originales/Historia general - Manuel Ramírez Sánchez - María Luisa Toledo Bravo de Laguna - Germán Santana Pérez.jpg,192abc3be93a6a10b6022a66a03efa3487c30986fa1906be502d076390b8b58c,Ebook/historia/portadas/ebook-201f6e4f7bc6c9b5.webp,,REVISION_ENCUADRE,No existe un crop seguro para las marcas protegidas.,"[""Falta la editorial."", ""Falta un idioma válido.""]",32,impossible,La regla gris horizontal llega prácticamente al derecho y nace en el izquierdo con curva. Los márgenes blancos superiores no bastan: cualquier reparto lateral corta la regla.,,,"{""width"": 220, ""height"": 320}",,,,
EBOOK,Ebook/inventario.csv,94,Historia mínima de Estados Unidos de América,"Pani, Erika",Historia,https://elibro.puce.elogim.com/es/lc/puce/titulos/194936,"Historia/originales/Historia mínima de Estados Unidos de América - Pani, Erika.jpg","covers/Ebook/Historia/originales/Historia mínima de Estados Unidos de América - Pani, Erika.jpg",c898309fa69684f73c061bcf59f912f79cdb08fa86b68e18a974b5856634fae6,Ebook/historia/portadas/ebook-de34d5542d024bc3.webp,,METADATOS_PENDIENTES,Falta la editorial.; Falta un idioma válido.,"[""Falta la editorial."", ""Falta un idioma válido.""]",33,approved,"Los laterales son planos azules y rojos de fondo; la pintura rectangular, el rótulo del país, la marca superior, el autor y la editorial están separados de ambos extremos. El corte simétrico elimina solo 3,3333 px de fondo por lado, sin tocar la pintura ni sus bordes.","{""source_box"": [3.3333333333333335, 0, 216.66666666666666, 320], ""coordinate_space"": ""exif_oriented_source_pixels"", ""source_sha256"": ""c898309fa69684f73c061bcf59f912f79cdb08fa86b68e18a974b5856634fae6"", ""reason"": ""Los laterales son planos azules y rojos de fondo; la pintura rectangular, el rótulo del país, la marca superior, el autor y la editorial están separados de ambos extremos. El corte simétrico elimina solo 3,3333 px de fondo por lado, sin tocar la pintura ni sus bordes.""}",generated/digital-batch/pending-images/Ebook/historia/portadas/ebook-de34d5542d024bc3.webp,"{""width"": 220, ""height"": 320}","{""width"": 720, ""height"": 1080}",86,32746,eb340eda0916639883ac79874e09f0b27c88a0b39f781894379d59126cee7983
EBOOK,Ebook/inventario.csv,95,Historia mínima de los feminismos en América Latina,"Barrancos, Dora",Historia,https://elibro.puce.elogim.com/es/lc/puce/titulos/194902,"Historia/originales/Historia mínima de los feminismos en América Latina - Barrancos, Dora.jpg","covers/Ebook/Historia/originales/Historia mínima de los feminismos en América Latina - Barrancos, Dora.jpg",13de8d78a1363455a31b6bf20249c0fa6358be6ab0aed20a7e7b983f8e525ab8,Ebook/historia/portadas/ebook-b379868c14ca7b31.webp,,METADATOS_PENDIENTES,Falta la editorial.; Falta un idioma válido.,"[""Falta la editorial."", ""Falta un idioma válido.""]",34,approved,"Los laterales solo contienen los bloques planos azul grisáceo de fondo. La reproducción central y sus rectángulos interiores, el título, la marca superior y el texto inferior quedan dentro; el corte simétrico conserva todo ese contenido.","{""source_box"": [3.3333333333333335, 0, 216.66666666666666, 320], ""coordinate_space"": ""exif_oriented_source_pixels"", ""source_sha256"": ""13de8d78a1363455a31b6bf20249c0fa6358be6ab0aed20a7e7b983f8e525ab8"", ""reason"": ""Los laterales solo contienen los bloques planos azul grisáceo de fondo. La reproducción central y sus rectángulos interiores, el título, la marca superior y el texto inferior quedan dentro; el corte simétrico conserva todo ese contenido.""}",generated/digital-batch/pending-images/Ebook/historia/portadas/ebook-b379868c14ca7b31.webp,"{""width"": 220, ""height"": 320}","{""width"": 720, ""height"": 1080}",86,26392,81deaded12840c56c96df2ab3193dedbd58e36dc2bf9d23a3722ca0fb48e819c
EBOOK,Ebook/inventario.csv,96,Historia mínima del constitucionalismo en América Latina,"Portillo Valdés, José M.",Historia,https://elibro.puce.elogim.com/es/lc/puce/titulos/194943,"Historia/originales/Historia mínima del constitucionalismo en América Latina - Portillo Valdés, José M..jpg","covers/Ebook/Historia/originales/Historia mínima del constitucionalismo en América Latina - Portillo Valdés, José M..jpg",e4676e91dc07f1d427bf07465c5e53a63c78d57f6465875c4bf7fb182fdc5d90,Ebook/historia/portadas/ebook-148c1de0d90004d4.webp,,METADATOS_PENDIENTES,Falta la editorial.; Falta un idioma válido.,"[""Falta la editorial."", ""Falta un idioma válido.""]",,automatic_normalization,,,generated/digital-batch/pending-images/Ebook/historia/portadas/ebook-148c1de0d90004d4.webp,"{""width"": 220, ""height"": 320}","{""width"": 720, ""height"": 1080}",86,18274,1cf6d7c511c035da21b3f9cd5fb874be203024c9ed0621164556ac87d14c68aa
EBOOK,Ebook/inventario.csv,97,Historia mínima del indigenismo en América Latina,"Fábregas Puig, Andrés A.",Historia,https://elibro.puce.elogim.com/es/lc/puce/titulos/216374,"Historia/originales/Historia mínima del indigenismo en América Latina - Fábregas Puig, Andrés A..jpg","covers/Ebook/Historia/originales/Historia mínima del indigenismo en América Latina - Fábregas Puig, Andrés A..jpg",da72fe60ae51b9831960ad54bbde8ced8379a97a80826b7f785c6eb3e1bdc400,Ebook/historia/portadas/ebook-12ce3edbc4487ab6.webp,,METADATOS_PENDIENTES,Falta la editorial.; Falta un idioma válido.,"[""Falta la editorial."", ""Falta un idioma válido.""]",,automatic_normalization,,,generated/digital-batch/pending-images/Ebook/historia/portadas/ebook-12ce3edbc4487ab6.webp,"{""width"": 220, ""height"": 320}","{""width"": 720, ""height"": 1080}",86,34750,a32e3471545b6db52f480dcaf681bca57b01b92a8256f1e39383f3a6bce5f177
EBOOK,Ebook/inventario.csv,98,Historia mínima del rock en América Latina,"Gilbert, Abel - Alabarces, Pablo",Historia,https://elibro.puce.elogim.com/es/lc/puce/titulos/283724,"Historia/originales/Historia mínima del rock en América Latina - Gilbert, Abel - Alabarces, Pablo.jpg","covers/Ebook/Historia/originales/Historia mínima del rock en América Latina - Gilbert, Abel - Alabarces, Pablo.jpg",b4093726f58837f6086d6eefb513a6ef4e38e876cedacd4d851498fcaa72b2fe,Ebook/historia/portadas/ebook-dd5fdb63167750a4.webp,,REVISION_ENCUADRE,No existe un crop seguro para las marcas protegidas.,"[""Falta la editorial."", ""Falta un idioma válido.""]",35,impossible,"Los motivos pixelados negros nacen en la esquina inferior izquierda y la superior derecha, donde también está el emblema de la colección. No existe desplazamiento lateral que preserve ambas esquinas.",,,"{""width"": 220, ""height"": 320}",,,,
EBOOK,Ebook/inventario.csv,99,La mujer en la historia,"Bel Bravo, María Antonia",Historia,https://elibro.puce.elogim.com/es/lc/puce/titulos/61616,"Historia/originales/La mujer en la historia - Bel Bravo, María Antonia.jpg","covers/Ebook/Historia/originales/La mujer en la historia - Bel Bravo, María Antonia.jpg",6f5fc21c70de16e21edf65c453a83f67a41cc8cc730f4a8554cbf64537955720,Ebook/historia/portadas/ebook-ef32a36cd03793a4.webp,,METADATOS_PENDIENTES,Falta la editorial.; Falta un idioma válido.,"[""Falta la editorial."", ""Falta un idioma válido.""]",,automatic_normalization,,,generated/digital-batch/pending-images/Ebook/historia/portadas/ebook-ef32a36cd03793a4.webp,"{""width"": 220, ""height"": 320}","{""width"": 720, ""height"": 1080}",86,31866,83b6d2fb500092fdc78394500ac89c24aea9423ba59e93ac0bb45545216c984c
EBOOK,Ebook/inventario.csv,100,Otra historia de Córdoba,"Galisteo, Roger",Historia,https://elibro.puce.elogim.com/es/lc/puce/titulos/51298,"Historia/originales/Otra historia de Córdoba - Galisteo, Roger.jpg","covers/Ebook/Historia/originales/Otra historia de Córdoba - Galisteo, Roger.jpg",3366b19c0c91401ce687d3ff255244c7916b7053f3f2e2fe39c557b2494b94e3,Ebook/historia/portadas/ebook-0f5000c8bc3a8ecf.webp,,METADATOS_PENDIENTES,Falta la editorial.; Falta un idioma válido.,"[""Falta la editorial."", ""Falta un idioma válido.""]",,automatic_normalization,,,generated/digital-batch/pending-images/Ebook/historia/portadas/ebook-0f5000c8bc3a8ecf.webp,"{""width"": 220, ""height"": 320}","{""width"": 720, ""height"": 1080}",86,45176,b97d0b7a925eb67c4a986dcb39c1c36ecb1a1a8f5e2d728f5249dbb92ffefbed
EBOOK,Ebook/inventario.csv,101,¿Qué es la historia?,Azorín,Historia,https://elibro.puce.elogim.com/es/lc/puce/titulos/43891,Historia/originales/¿Qué es la historia - Azorín.jpg,covers/Ebook/Historia/originales/¿Qué es la historia - Azorín.jpg,06f5c2850d3bf44298d7bfd37d1b4654867f74732239485201e2c4d8f2b83535,Ebook/historia/portadas/ebook-784e93586216afb3.webp,,REVISION_ENCUADRE,No existe un crop seguro para las marcas protegidas.,"[""Falta la editorial."", ""Falta un idioma válido.""]",36,impossible,"La reproducción de la habitación, personajes y mobiliario ocupa ambos laterales. Cualquier recorte necesario corta imagen real; no hay margen exterior vacío disponible.",,,"{""width"": 220, ""height"": 320}",,,,
EBOOK,Ebook/inventario.csv,102,Aproximación a la sociología contemporánea,"Tardivo, Giuliano",Ciencias Sociales,https://elibro.puce.elogim.com/es/lc/puce/titulos/58619,"Ciencias Sociales/originales/Aproximación a la sociología contemporánea - Tardivo, Giuliano.jpg","covers/Ebook/Ciencias Sociales/originales/Aproximación a la sociología contemporánea - Tardivo, Giuliano.jpg",d3a830bebac69276660835c407d567dbbe66118e899cc68d324f61ab44328a66,Ebook/ciencias-sociales/portadas/ebook-d0cf3f3fed782a4e.webp,,METADATOS_PENDIENTES,Falta la editorial.; Falta un idioma válido.,"[""Falta la editorial."", ""Falta un idioma válido.""]",,automatic_normalization,,,generated/digital-batch/pending-images/Ebook/ciencias-sociales/portadas/ebook-d0cf3f3fed782a4e.webp,"{""width"": 220, ""height"": 320}","{""width"": 720, ""height"": 1080}",86,35632,57f2d1b6ea0ba5fba670613288354493fc6b5fe34a0fdbbc3cd0c12bd0ba7298
EBOOK,Ebook/inventario.csv,103,Ciencias Sociales e investigación social,"Arteaga Basurto, Carlos; Guillermo Campos y Covarrubias; Bermúdez Sánchez, Roberto",Ciencias Sociales,https://elibro.puce.elogim.com/es/lc/puce/titulos/75777,"Ciencias Sociales/originales/Ciencias Sociales e investigación social - Arteaga Basurto, Carlos; Guillermo Campos y Covarrubias; Bermúdez Sánchez, Roberto.jpg","covers/Ebook/Ciencias Sociales/originales/Ciencias Sociales e investigación social - Arteaga Basurto, Carlos; Guillermo Campos y Covarrubias; Bermúdez Sánchez, Roberto.jpg",7eda9c98b8010922292ec152ed73d34626b5e6fb9e27e09d451075bda1244933,Ebook/ciencias-sociales/portadas/ebook-430ee8c83d026695.webp,,REVISION_ENCUADRE,No existe un crop seguro para las marcas protegidas.,"[""Falta la editorial."", ""Falta un idioma válido.""]",37,impossible,La franja izquierda contiene título vertical y una pequeña ornamentación/marca visible muy cerca de su extremo inferior; el gran título vertical derecho también queda pegado al borde. Los detalles ampliados no dejan una suma de márgenes vacíos suficiente; ningún desplazamiento conserva ambos extremos.,,,"{""width"": 220, ""height"": 320}",,,,
EBOOK,Ebook/inventario.csv,104,El rombo de las investigaciones de las ciencias sociales,"Zayas Agüero, Pedro Manuel",Ciencias Sociales,https://elibro.puce.elogim.com/es/lc/puce/titulos/34517,"Ciencias Sociales/originales/El rombo de las investigaciones de las ciencias sociales - Zayas Agüero, Pedro Manuel.jpg","covers/Ebook/Ciencias Sociales/originales/El rombo de las investigaciones de las ciencias sociales - Zayas Agüero, Pedro Manuel.jpg",e3ea934bb535f46c6fffe1b3fafa336d6b3b0cfc452416f82848cf02810e43b6,Ebook/ciencias-sociales/portadas/ebook-711fb68a9d1c1939.webp,,METADATOS_PENDIENTES,Falta la editorial.; Falta un idioma válido.,"[""Falta la editorial."", ""Falta un idioma válido.""]",,automatic_normalization,,,generated/digital-batch/pending-images/Ebook/ciencias-sociales/portadas/ebook-711fb68a9d1c1939.webp,"{""width"": 220, ""height"": 320}","{""width"": 720, ""height"": 1080}",86,21410,8384029381f609a7284dc7721a90140667e7e25fdd5ddd790ff82e6203d2627c
EBOOK,Ebook/inventario.csv,105,El suicidio: un estudio de sociología,Emile Durkheim,Ciencias Sociales,https://elibro.puce.elogim.com/es/lc/puce/titulos/49723,Ciencias Sociales/originales/El suicidio un estudio de sociología - Emile Durkheim.jpg,covers/Ebook/Ciencias Sociales/originales/El suicidio un estudio de sociología - Emile Durkheim.jpg,a6827a3c9046624d5c5dc7fb16f55043fe54443c6dc66300f799cad25c16a499,Ebook/ciencias-sociales/portadas/ebook-66bb9981c5fff793.webp,,REVISION_ENCUADRE,No existe un crop seguro para las marcas protegidas.,"[""Falta la editorial."", ""Falta un idioma válido.""]",38,impossible,La pintura con figuras y paisaje ocupa todo el ancho inferior. El margen negro de la cabecera no continúa hacia abajo; cualquier recorte lateral pierde pintura.,,,"{""width"": 220, ""height"": 320}",,,,
EBOOK,Ebook/inventario.csv,106,El uso de la encuesta en las ciencias sociales,Aníbal Quispe Limaylla,Ciencias Sociales,https://elibro.puce.elogim.com/es/lc/puce/titulos/62860,Ciencias Sociales/originales/El uso de la encuesta en las ciencias sociales - Aníbal Quispe Limaylla.jpg,covers/Ebook/Ciencias Sociales/originales/El uso de la encuesta en las ciencias sociales - Aníbal Quispe Limaylla.jpg,0b30c89bcafe05d1bde31b0000c379e5e4a2733dc4d1b6f3c51c68347570a2e6,Ebook/ciencias-sociales/portadas/ebook-4ac8547af589f7e1.webp,,METADATOS_PENDIENTES,Falta la editorial.; Falta un idioma válido.,"[""Falta la editorial."", ""Falta un idioma válido.""]",,automatic_normalization,,,generated/digital-batch/pending-images/Ebook/ciencias-sociales/portadas/ebook-4ac8547af589f7e1.webp,"{""width"": 220, ""height"": 320}","{""width"": 720, ""height"": 1080}",86,36138,65b4347a7cee2f04d33a2189bcdbd75f9306231c721a3ba6688474067805d2c3
EBOOK,Ebook/inventario.csv,107,Fundamentos de las ciencias sociales,"Neurath, Otto",Ciencias Sociales,https://elibro.puce.elogim.com/es/lc/puce/titulos/247167,"Ciencias Sociales/originales/Fundamentos de las ciencias sociales - Neurath, Otto.jpg","covers/Ebook/Ciencias Sociales/originales/Fundamentos de las ciencias sociales - Neurath, Otto.jpg",a408771cad077788394d8a52dd986e9cd277aa1fe18e408668fc5b91610d4ae8,Ebook/ciencias-sociales/portadas/ebook-541429bc6acffd71.webp,,METADATOS_PENDIENTES,Falta la editorial.; Falta un idioma válido.,"[""Falta la editorial."", ""Falta un idioma válido.""]",39,approved,"QA independiente y revisión visual de root: el primer contorno significativo de NEURATH está en x=7; la variación en x=6 corresponde al fondo/compresión JPEG y no a un trazo tipográfico visible. El límite izquierdo 20/3=6,6666667 conserva el contorno completo y no recorta la pintura a sangre de la derecha. No se depende del muestreo Lanczos exterior para conservar contenido.","{""source_box"": [6.666666666666667, 0, 220, 320], ""coordinate_space"": ""exif_oriented_source_pixels"", ""source_sha256"": ""a408771cad077788394d8a52dd986e9cd277aa1fe18e408668fc5b91610d4ae8"", ""reason"": ""QA independiente y revisión visual de root: el primer contorno significativo de NEURATH está en x=7; la variación en x=6 corresponde al fondo/compresión JPEG y no a un trazo tipográfico visible. El límite izquierdo 20/3=6,6666667 conserva el contorno completo y no recorta la pintura a sangre de la derecha. No se depende del muestreo Lanczos exterior para conservar contenido.""}",generated/digital-batch/pending-images/Ebook/ciencias-sociales/portadas/ebook-541429bc6acffd71.webp,"{""width"": 220, ""height"": 320}","{""width"": 720, ""height"": 1080}",86,49030,c0445dc619639df480f7189c88123d24817005215024d43f01232247c84ccba8
EBOOK,Ebook/inventario.csv,108,Hackear la ciencia social: una invitación a la investigación social en entornos digitales,"Morales i Gras, Jordi",Ciencias Sociales,https://elibro.puce.elogim.com/es/lc/puce/titulos/213815,"Ciencias Sociales/originales/Hackear la ciencia social una invitación a la investigación social en entornos digitales - Morales i Gras, Jordi.jpg","covers/Ebook/Ciencias Sociales/originales/Hackear la ciencia social una invitación a la investigación social en entornos digitales - Morales i Gras, Jordi.jpg",d279a7f8782c46a0cb99c34b04331bea1c4b67748c1af5bed86e059ed86cb3b3,Ebook/ciencias-sociales/portadas/ebook-0d78e2440f6ba335.webp,,METADATOS_PENDIENTES,Falta la editorial.; Falta un idioma válido.,"[""Falta la editorial."", ""Falta un idioma válido.""]",,automatic_normalization,,,generated/digital-batch/pending-images/Ebook/ciencias-sociales/portadas/ebook-0d78e2440f6ba335.webp,"{""width"": 220, ""height"": 320}","{""width"": 720, ""height"": 1080}",86,39418,6a01a754c671299e18cd960b85c603358972a70646354bbba4033a0018cb415c
EBOOK,Ebook/inventario.csv,109,Identidad profesional y trabajo social: creencias y rituales en ciencias sociales,"Dell'Anno, Amelia; Cao, José Luis; Diéguez, Alberto J.",Ciencias Sociales,https://elibro.puce.elogim.com/es/lc/puce/titulos/76132,"Ciencias Sociales/originales/Identidad profesional y trabajo social creencias y rituales en ciencias sociales - Dell'Anno, Amelia; Cao, José Luis; Diéguez, Alberto J..jpg","covers/Ebook/Ciencias Sociales/originales/Identidad profesional y trabajo social creencias y rituales en ciencias sociales - Dell'Anno, Amelia; Cao, José Luis; Diéguez, Alberto J..jpg",f78ef4b7cc5091f7ec45908df57405b3cd56bb1ecb0196f400502cd068281ee3,Ebook/ciencias-sociales/portadas/ebook-5678b52be48215c6.webp,,REVISION_ENCUADRE,No existe un crop seguro para las marcas protegidas.,"[""Falta la editorial."", ""Falta un idioma válido.""]",40,impossible,El subtítulo rojo comienza casi en el borde izquierdo y la figura de trazos negros alcanza el derecho. No puede cargarse el recorte a ninguno de los lados sin eliminar letras o dibujo.,,,"{""width"": 220, ""height"": 320}",,,,
EBOOK,Ebook/inventario.csv,110,Introducción a las ciencias sociales,"Arellano Rodríguez, César Augusto",Ciencias Sociales,https://elibro.puce.elogim.com/es/lc/puce/titulos/40189,"Ciencias Sociales/originales/Introducción a las ciencias sociales - Arellano Rodríguez, César Augusto.jpg","covers/Ebook/Ciencias Sociales/originales/Introducción a las ciencias sociales - Arellano Rodríguez, César Augusto.jpg",816c672586246be086d249cc2cc8c84d473c0ae34430115877a4926468333d3f,Ebook/ciencias-sociales/portadas/ebook-9d00fadef403594b.webp,,REVISION_ENCUADRE,No existe un crop seguro para las marcas protegidas.,"[""Falta la editorial."", ""Falta un idioma válido.""]",41,impossible,La fotografía de la multitud llega a ambos laterales inferiores; la imagen de ramas también llega al superior derecho. No hay banda vacía continua en ninguno de los lados.,,,"{""width"": 220, ""height"": 320}",,,,
EBOOK,Ebook/inventario.csv,111,Invitación a la sociología de la comunicación,"Busquet Duran, Jordi; Medina Cambrón, Alfons",Ciencias Sociales,https://elibro.puce.elogim.com/es/lc/puce/titulos/57712,"Ciencias Sociales/originales/Invitación a la sociología de la comunicación - Busquet Duran, Jordi; Medina Cambrón, Alfons.jpg","covers/Ebook/Ciencias Sociales/originales/Invitación a la sociología de la comunicación - Busquet Duran, Jordi; Medina Cambrón, Alfons.jpg",c0f254c6eee8dd8afb4d916826c336d0832a5aac7782b7f21a0b1c689e3e7fa1,Ebook/ciencias-sociales/portadas/ebook-997e260c21f258bd.webp,,METADATOS_PENDIENTES,Falta la editorial.; Falta un idioma válido.,"[""Falta la editorial."", ""Falta un idioma válido.""]",,automatic_normalization,,,generated/digital-batch/pending-images/Ebook/ciencias-sociales/portadas/ebook-997e260c21f258bd.webp,"{""width"": 220, ""height"": 320}","{""width"": 720, ""height"": 1080}",86,36864,ed7c865479a485c5ff91182ac9bce0d2334e6406f7ea8b4ee053a1137f435955
EBOOK,Ebook/inventario.csv,112,La comprensión de lo social: horizonte hermenéutico de las ciencias sociales (3a. ed.),"Herrera González, José Darío",Ciencias Sociales,https://elibro.puce.elogim.com/es/lc/puce/titulos/246223,"Ciencias Sociales/originales/La comprensión de lo social horizonte hermenéutico de las ciencias sociales (3a. ed.) - Herrera González, José Darío.jpg","covers/Ebook/Ciencias Sociales/originales/La comprensión de lo social horizonte hermenéutico de las ciencias sociales (3a. ed.) - Herrera González, José Darío.jpg",7081936bb2a8be0404bed4e695fbd982f7880f8090ee93224c06565e8dce09fa,Ebook/ciencias-sociales/portadas/ebook-58e7db886eea229e.webp,,REVISION_ENCUADRE,No existe un crop seguro para las marcas protegidas.,"[""Falta la editorial."", ""Falta un idioma válido.""]",42,impossible,Las líneas concéntricas de la ilustración geométrica se extienden hasta ambos laterales. Recortar fondo verde también cortaría esas líneas; ningún desplazamiento conserva íntegro el motivo.,,,"{""width"": 220, ""height"": 320}",,,,
EBOOK,Ebook/inventario.csv,113,La explicación del comportamiento social: más tuercas y tornillos para las ciencias sociales,"Elster, Jon",Ciencias Sociales,https://elibro.puce.elogim.com/es/lc/puce/titulos/61137,"Ciencias Sociales/originales/La explicación del comportamiento social más tuercas y tornillos para las ciencias sociales - Elster, Jon.jpg","covers/Ebook/Ciencias Sociales/originales/La explicación del comportamiento social más tuercas y tornillos para las ciencias sociales - Elster, Jon.jpg",d55a04477b6f3384ce4a61e70bc474f99cc6c4a70ea041311661ba9e68a992c3,Ebook/ciencias-sociales/portadas/ebook-af244eb94493ca89.webp,,METADATOS_PENDIENTES,Falta la editorial.; Falta un idioma válido.,"[""Falta la editorial."", ""Falta un idioma válido.""]",,automatic_normalization,,,generated/digital-batch/pending-images/Ebook/ciencias-sociales/portadas/ebook-af244eb94493ca89.webp,"{""width"": 220, ""height"": 320}","{""width"": 720, ""height"": 1080}",86,27902,14035be61c6aad58f14748d32d0f7a13ba5cbe600d4e480b817fdf800eacab66
EBOOK,Ebook/inventario.csv,114,La sociología como vocación,"Alberdi Alonso, Inés",Ciencias Sociales,https://elibro.puce.elogim.com/es/lc/puce/titulos/170159,"Ciencias Sociales/originales/La sociología como vocación - Alberdi Alonso, Inés.jpg","covers/Ebook/Ciencias Sociales/originales/La sociología como vocación - Alberdi Alonso, Inés.jpg",acbfcb71febf34cf5a0f1cb7fb63cd461931ff54840d4cd92180b87159fb0193,Ebook/ciencias-sociales/portadas/ebook-1a25892f70337822.webp,,METADATOS_PENDIENTES,Falta la editorial.; Falta un idioma válido.,"[""Falta la editorial."", ""Falta un idioma válido.""]",,automatic_normalization,,,generated/digital-batch/pending-images/Ebook/ciencias-sociales/portadas/ebook-1a25892f70337822.webp,"{""width"": 220, ""height"": 320}","{""width"": 720, ""height"": 1080}",86,16690,c12642555b78792c796027ef05beb767284a19d81bce8e0dded180ed94138be5
EBOOK,Ebook/inventario.csv,115,Las ciencias sociales en discusión,"Bunge, Mario",Ciencias Sociales,https://elibro.puce.elogim.com/es/lc/puce/titulos/35499,"Ciencias Sociales/originales/Las ciencias sociales en discusión - Bunge, Mario.jpg","covers/Ebook/Ciencias Sociales/originales/Las ciencias sociales en discusión - Bunge, Mario.jpg",ec79961f76f81f41f296315ce6e83880d273e250f88052c539f6776b4761505a,Ebook/ciencias-sociales/portadas/ebook-a4d5f0e830d96d37.webp,,METADATOS_PENDIENTES,Falta la editorial.; Falta un idioma válido.,"[""Falta la editorial."", ""Falta un idioma válido.""]",,automatic_normalization,,,generated/digital-batch/pending-images/Ebook/ciencias-sociales/portadas/ebook-a4d5f0e830d96d37.webp,"{""width"": 220, ""height"": 320}","{""width"": 720, ""height"": 1080}",86,62940,ae97df848a1ba4092afe3c61a2d982e96e31ba0febdaf33b643b0039091377e1
EBOOK,Ebook/inventario.csv,116,Metodología de las ciencias sociales,"Kaufmann, Felix",Ciencias Sociales,https://elibro.puce.elogim.com/es/lc/puce/titulos/249407,"Ciencias Sociales/originales/Metodología de las ciencias sociales - Kaufmann, Felix.jpg","covers/Ebook/Ciencias Sociales/originales/Metodología de las ciencias sociales - Kaufmann, Felix.jpg",77acf8dfc6411a9bf5dde81fdc313dc388eed09e03eea619c5008099a4a6ee19,Ebook/ciencias-sociales/portadas/ebook-a2e0ee3df7a8a02a.webp,,REVISION_ENCUADRE,No existe un crop seguro para las marcas protegidas.,"[""Falta la editorial."", ""Falta un idioma válido.""]",43,impossible,"La pintura llega al borde derecho y el apellido vertical KAUFMANN deja una separación izquierda de aproximadamente 6 px, incluyendo sus serifas suavizadas. La guía a 6,6667 px invade ese borde tipográfico; trasladar el corte al otro lado elimina pintura.",,,"{""width"": 220, ""height"": 320}",,,,
EBOOK,Ebook/inventario.csv,117,Proyectos de investigación en ciencias sociales,"Marisa D’Aquino; Rodríguez, Ethel",Ciencias Sociales,https://elibro.puce.elogim.com/es/lc/puce/titulos/79012,"Ciencias Sociales/originales/Proyectos de investigación en ciencias sociales - Marisa D’Aquino; Rodríguez, Ethel.jpg","covers/Ebook/Ciencias Sociales/originales/Proyectos de investigación en ciencias sociales - Marisa D’Aquino; Rodríguez, Ethel.jpg",4aac5f8454054429ea93af68900dc6b70ccd02f9e6940c2ab1bf1d46b7735675,Ebook/ciencias-sociales/portadas/ebook-a5e19a50f4c71684.webp,,METADATOS_PENDIENTES,Falta la editorial.; Falta un idioma válido.,"[""Falta la editorial."", ""Falta un idioma válido.""]",,automatic_normalization,,,generated/digital-batch/pending-images/Ebook/ciencias-sociales/portadas/ebook-a5e19a50f4c71684.webp,"{""width"": 220, ""height"": 320}","{""width"": 720, ""height"": 1080}",86,43418,53ec3364448494cdfd9b71738c7109ca28e6dd7469a31e7cce403cd50430fde8
EBOOK,Ebook/inventario.csv,118,Sociología de la religión,"Weber, Max",Ciencias Sociales,https://elibro.puce.elogim.com/es/lc/puce/titulos/169287,"Ciencias Sociales/originales/Sociología de la religión - Weber, Max.jpg","covers/Ebook/Ciencias Sociales/originales/Sociología de la religión - Weber, Max.jpg",780c125161275270ef2ae1e73f0ba1c9591fbe7a8c713306304b67a0bd104f18,Ebook/ciencias-sociales/portadas/ebook-016c49e894bee2b6.webp,,METADATOS_PENDIENTES,Falta la editorial.; Falta un idioma válido.,"[""Falta la editorial."", ""Falta un idioma válido.""]",,automatic_normalization,,,generated/digital-batch/pending-images/Ebook/ciencias-sociales/portadas/ebook-016c49e894bee2b6.webp,"{""width"": 220, ""height"": 320}","{""width"": 720, ""height"": 1080}",86,41560,5eb032eac09e42fb68cd3d354606c0569ad258dfac1ed5a08a45890e01b3676d
EBOOK,Ebook/inventario.csv,119,Sociología de las organizaciones complejas,"Ruiz Olabuénaga, José Ignacio",Ciencias Sociales,https://elibro.puce.elogim.com/es/lc/puce/titulos/34008,"Ciencias Sociales/originales/Sociología de las organizaciones complejas - Ruiz Olabuénaga, José Ignacio.jpg","covers/Ebook/Ciencias Sociales/originales/Sociología de las organizaciones complejas - Ruiz Olabuénaga, José Ignacio.jpg",fe595b705ecc797876b59061282a8a4b82611849a36549f3c1650119eda27ee0,Ebook/ciencias-sociales/portadas/ebook-cc9f19126ca42ad8.webp,,METADATOS_PENDIENTES,Falta la editorial.; Falta un idioma válido.,"[""Falta la editorial."", ""Falta un idioma válido.""]",,automatic_normalization,,,generated/digital-batch/pending-images/Ebook/ciencias-sociales/portadas/ebook-cc9f19126ca42ad8.webp,"{""width"": 220, ""height"": 320}","{""width"": 720, ""height"": 1080}",86,39324,a5497ba8f5f5c41dcb691d6c6a81faea26a866fa6d3ced08013dc02190aace0b
EBOOK,Ebook/inventario.csv,120,Sociología de las tendencias,"Erner, Guillaume",Ciencias Sociales,https://elibro.puce.elogim.com/es/lc/puce/titulos/212049,"Ciencias Sociales/originales/Sociología de las tendencias - Erner, Guillaume.jpg","covers/Ebook/Ciencias Sociales/originales/Sociología de las tendencias - Erner, Guillaume.jpg",2c082c41a15d156b77870dd4e14620a17d1be65ab76585daa7f54f11f1d92890,Ebook/ciencias-sociales/portadas/ebook-57db2b76652d5262.webp,,REVISION_ENCUADRE,No existe un crop seguro para las marcas protegidas.,"[""Falta la editorial."", ""Falta un idioma válido.""]",44,impossible,La fotografía de las dos personas y su entorno ocupa todo el ancho. No hay margen exterior vacío; cualquier recorte lateral elimina fotografía aunque no alcance a los textos.,,,"{""width"": 220, ""height"": 320}",,,,
EBOOK,Ebook/inventario.csv,121,Sociología del mal,"Giner de San Julián, Salvador",Ciencias Sociales,https://elibro.puce.elogim.com/es/lc/puce/titulos/235194,"Ciencias Sociales/originales/Sociología del mal - Giner de San Julián, Salvador.jpg","covers/Ebook/Ciencias Sociales/originales/Sociología del mal - Giner de San Julián, Salvador.jpg",84a4f5f24885a0cdfebf6a33994126d9cd4daaeb6e47ff3ed741246698b1512f,Ebook/ciencias-sociales/portadas/ebook-06e3cbfc2797ff27.webp,,METADATOS_PENDIENTES,Falta la editorial.; Falta un idioma válido.,"[""Falta la editorial."", ""Falta un idioma válido.""]",,automatic_normalization,,,generated/digital-batch/pending-images/Ebook/ciencias-sociales/portadas/ebook-06e3cbfc2797ff27.webp,"{""width"": 220, ""height"": 320}","{""width"": 720, ""height"": 1080}",86,29756,079083fdb362443aa11c80a8c1eb591702dc302ed071288ea7d014973a321dd1
EBOOK,Ebook/inventario.csv,122,Sociología del riesgo,"Le Breton, David",Ciencias Sociales,https://elibro.puce.elogim.com/es/lc/puce/titulos/191437,"Ciencias Sociales/originales/Sociología del riesgo - Le Breton, David.jpg","covers/Ebook/Ciencias Sociales/originales/Sociología del riesgo - Le Breton, David.jpg",fc28a498235d9285613dba8d9aef0e953a74ebe9855a938ddc814901c6925edb,Ebook/ciencias-sociales/portadas/ebook-c6502880fa22288f.webp,,REVISION_ENCUADRE,No existe un crop seguro para las marcas protegidas.,"[""Falta la editorial."", ""Falta un idioma válido.""]",45,impossible,"El retrato en blanco y negro ocupa ambos laterales, incluidos pelo, hombro y entorno. No existe banda lateral vacía separable de la fotografía.",,,"{""width"": 220, ""height"": 320}",,,,
EBOOK,Ebook/inventario.csv,123,Sociología del saber,Max Scheler,Ciencias Sociales,https://elibro.puce.elogim.com/es/lc/puce/titulos/36197,Ciencias Sociales/originales/Sociología del saber - Max Scheler.jpg,covers/Ebook/Ciencias Sociales/originales/Sociología del saber - Max Scheler.jpg,6b36deda2db5a502a93e6bc0caf44e667f109904221d3266add53efa88448208,Ebook/ciencias-sociales/portadas/ebook-bae0fd5cba9e0efe.webp,,METADATOS_PENDIENTES,Falta la editorial.; Falta un idioma válido.,"[""Falta la editorial."", ""Falta un idioma válido.""]",,automatic_normalization,,,generated/digital-batch/pending-images/Ebook/ciencias-sociales/portadas/ebook-bae0fd5cba9e0efe.webp,"{""width"": 220, ""height"": 320}","{""width"": 720, ""height"": 1080}",86,32180,70351687a006be9716a67cd80d55aa2e858ad0eb336a35846a8294759c240521
EBOOK,Ebook/inventario.csv,124,Sociología jurídica,"Hernández, Pedro Pablo",Ciencias Sociales,https://elibro.puce.elogim.com/es/lc/puce/titulos/175607,"Ciencias Sociales/originales/Sociología jurídica - Hernández, Pedro Pablo.jpg","covers/Ebook/Ciencias Sociales/originales/Sociología jurídica - Hernández, Pedro Pablo.jpg",b65bea11c2cdf90655a6ad4cc4b4081d3327bbcf6ac32d1b25bdbf51e0a75f83,Ebook/ciencias-sociales/portadas/ebook-51253acb06094152.webp,,METADATOS_PENDIENTES,Falta la editorial.; Falta un idioma válido.,"[""Falta la editorial."", ""Falta un idioma válido.""]",,automatic_normalization,,,generated/digital-batch/pending-images/Ebook/ciencias-sociales/portadas/ebook-51253acb06094152.webp,"{""width"": 220, ""height"": 320}","{""width"": 720, ""height"": 1080}",86,41066,3977629513e6888b3c9f763e840b5cfbb380aae9cdadc91fb225f78c587169ff
EBOOK,Ebook/inventario.csv,125,Sociologías de la moda,"Mansilla Viedma, Pedro",Ciencias Sociales,https://elibro.puce.elogim.com/es/lc/puce/titulos/283021,"Ciencias Sociales/originales/Sociologías de la moda - Mansilla Viedma, Pedro.jpg","covers/Ebook/Ciencias Sociales/originales/Sociologías de la moda - Mansilla Viedma, Pedro.jpg",4f9ffcd66750993d6133fcf26490396ec05423f5dddb894ca5f2bf5ab60be635,Ebook/ciencias-sociales/portadas/ebook-a028e089a115927a.webp,,METADATOS_PENDIENTES,Falta la editorial.; Falta un idioma válido.,"[""Falta la editorial."", ""Falta un idioma válido.""]",,automatic_normalization,,,generated/digital-batch/pending-images/Ebook/ciencias-sociales/portadas/ebook-a028e089a115927a.webp,"{""width"": 220, ""height"": 320}","{""width"": 720, ""height"": 1080}",86,24164,cca6a04b0e5739a499ed270b6891b0023ab63719b418137c0624bfa80064d13f
EBOOK,Ebook/inventario.csv,126,Tragedia y sociología,"Ramos Torre, Ramón",Ciencias Sociales,https://elibro.puce.elogim.com/es/lc/puce/titulos/52118,"Ciencias Sociales/originales/Tragedia y sociología - Ramos Torre, Ramón.jpg","covers/Ebook/Ciencias Sociales/originales/Tragedia y sociología - Ramos Torre, Ramón.jpg",2dca1df3bd5a8eb4673d5f83d73adac51133f8f3bcace9858d5b9e6a430c8d9c,Ebook/ciencias-sociales/portadas/ebook-abf41cf48407b627.webp,,METADATOS_PENDIENTES,Falta la editorial.; Falta un idioma válido.,"[""Falta la editorial."", ""Falta un idioma válido.""]",,automatic_normalization,,,generated/digital-batch/pending-images/Ebook/ciencias-sociales/portadas/ebook-abf41cf48407b627.webp,"{""width"": 220, ""height"": 320}","{""width"": 720, ""height"": 1080}",86,15002,e20f67a9a1e0e64a7ba53bf9eff375afacf3f3fd23d118a66283d7b98cf8e42c
EBOOK,Ebook/inventario.csv,127,Biología cuántica,"Miret Artés, Salvador",Ciencias,https://elibro.puce.elogim.com/es/lc/puce/titulos/233731,"Ciencias/originales/Biología cuántica - Miret Artés, Salvador.jpg","covers/Ebook/Ciencias/originales/Biología cuántica - Miret Artés, Salvador.jpg",628e689f1c404d7bae570d4deffa2bc9f43791f3503d926c1abe0cae78765982,Ebook/ciencias/portadas/ebook-a5f63174410bc51e.webp,,METADATOS_PENDIENTES,Falta la editorial.; Falta un idioma válido.,"[""Falta la editorial."", ""Falta un idioma válido.""]",,automatic_normalization,,,generated/digital-batch/pending-images/Ebook/ciencias/portadas/ebook-a5f63174410bc51e.webp,"{""width"": 220, ""height"": 320}","{""width"": 720, ""height"": 1080}",86,28730,2377abf961dae386c62673c355b5d7451d826b5ac5d069ce2f032b044596dde3
EBOOK,Ebook/inventario.csv,128,Biología de hongos,"Cepero, María Caridad",Ciencias,https://elibro.puce.elogim.com/es/lc/puce/titulos/69414,"Ciencias/originales/Biología de hongos - Cepero, María Caridad.jpg","covers/Ebook/Ciencias/originales/Biología de hongos - Cepero, María Caridad.jpg",89addc3cd92f021f3d768bec63cb339ecf76d939253667974e4687100bc107d7,Ebook/ciencias/portadas/ebook-9e0170ed63685c45.webp,,METADATOS_PENDIENTES,Falta la editorial.; Falta un idioma válido.,"[""Falta la editorial."", ""Falta un idioma válido.""]",,automatic_normalization,,,generated/digital-batch/pending-images/Ebook/ciencias/portadas/ebook-9e0170ed63685c45.webp,"{""width"": 220, ""height"": 320}","{""width"": 720, ""height"": 1080}",86,52156,0483d92211731312dd114a09012896fc8368d362fffb752c76b8441a26365853
EBOOK,Ebook/inventario.csv,129,Biología marina,"Penchaszadeh, Pablo",Ciencias,https://elibro.puce.elogim.com/es/lc/puce/titulos/101406,"Ciencias/originales/Biología marina - Penchaszadeh, Pablo.jpg","covers/Ebook/Ciencias/originales/Biología marina - Penchaszadeh, Pablo.jpg",fe9fd5dec47d49b17bacf8a9a45578df4dc466727b5f69eb5091ae01fda302bf,Ebook/ciencias/portadas/ebook-d7840e6b31b3d97a.webp,,REVISION_ENCUADRE,No existe un crop seguro para las marcas protegidas.,"[""Falta la editorial."", ""Falta un idioma válido.""]",46,impossible,"La fotografía submarina de coral, vegetación y buzo alcanza ambos bordes. El diseño carece de márgenes laterales vacíos que permitan un recorte sin perder imagen.",,,"{""width"": 220, ""height"": 320}",,,,
EBOOK,Ebook/inventario.csv,130,Biología para ciencias ambientales,"Pallotti Sagripanti, C. G.; Sanchis Duato, E.",Ciencias,https://elibro.puce.elogim.com/es/lc/puce/titulos/153581,"Ciencias/originales/Biología para ciencias ambientales - Pallotti Sagripanti, C. G.; Sanchis Duato, E..jpg","covers/Ebook/Ciencias/originales/Biología para ciencias ambientales - Pallotti Sagripanti, C. G.; Sanchis Duato, E..jpg",857dd0b793eb7a08c8b26c4a43f5e6e018c8915bc690689b069333502e26374f,Ebook/ciencias/portadas/ebook-8598c47d271fd83e.webp,,METADATOS_PENDIENTES,Falta la editorial.; Falta un idioma válido.,"[""Falta la editorial."", ""Falta un idioma válido.""]",,automatic_normalization,,,generated/digital-batch/pending-images/Ebook/ciencias/portadas/ebook-8598c47d271fd83e.webp,"{""width"": 220, ""height"": 320}","{""width"": 720, ""height"": 1080}",86,28502,1f00d4d3444090f26b0e8206054329cf94b86f1c7a0ab52ff32ab682a4dcd718
EBOOK,Ebook/inventario.csv,131,Ecología química,"Anaya Lang, Ana Luisa",Ciencias,https://elibro.puce.elogim.com/es/lc/puce/titulos/75520,"Ciencias/originales/Ecología química - Anaya Lang, Ana Luisa.jpg","covers/Ebook/Ciencias/originales/Ecología química - Anaya Lang, Ana Luisa.jpg",9071eadb2230e6e992302dcc5bf236e0dbbb737db300adb9d3c850f7adafb584,Ebook/ciencias/portadas/ebook-9fd94e585e52923a.webp,,METADATOS_PENDIENTES,Falta la editorial.; Falta un idioma válido.,"[""Falta la editorial."", ""Falta un idioma válido.""]",,automatic_normalization,,,generated/digital-batch/pending-images/Ebook/ciencias/portadas/ebook-9fd94e585e52923a.webp,"{""width"": 220, ""height"": 320}","{""width"": 720, ""height"": 1080}",86,52418,c88b07e0857ad040e0b2079faa81f702ebe7d7777e24da2a1ae94180e261d79f
EBOOK,Ebook/inventario.csv,132,Física de campos,"Giraldo Tobón, Eugenio",Ciencias,https://elibro.puce.elogim.com/es/lc/puce/titulos/295196,"Ciencias/originales/Física de campos - Giraldo Tobón, Eugenio.jpg","covers/Ebook/Ciencias/originales/Física de campos - Giraldo Tobón, Eugenio.jpg",858dc31921673431b7669a920d876b0f69b3986e44014e439417bb963c1c19f8,Ebook/ciencias/portadas/ebook-8fb24cf2a862b3f2.webp,,REVISION_ENCUADRE,No existe un crop seguro para las marcas protegidas.,"[""Falta la editorial."", ""Falta un idioma válido.""]",47,impossible,La fotografía de chispas y sus trayectorias ocupa todo el ancho inferior. El negro superior no continúa como margen completo; recortar a izquierda o derecha elimina chispas/fotografía.,,,"{""width"": 220, ""height"": 320}",,,,
EBOOK,Ebook/inventario.csv,133,Física de la música,"Félix, Julián",Ciencias,https://elibro.puce.elogim.com/es/lc/puce/titulos/35789,"Ciencias/originales/Física de la música - Félix, Julián.jpg","covers/Ebook/Ciencias/originales/Física de la música - Félix, Julián.jpg",cc6549ae424dc1c519bdc09e07683c3cc30364060faa9cdc7d4d1f01520feef1,Ebook/ciencias/portadas/ebook-406219fdd9361588.webp,,METADATOS_PENDIENTES,Falta la editorial.; Falta un idioma válido.,"[""Falta la editorial."", ""Falta un idioma válido.""]",48,approved,"El título, la fotografía rectangular, la ilustración de pentagrama/instrumento y el nombre del autor están todos insetados. En ambos bordes solo hay textura azul continua sin motivo identificable; quitar 3,3333 px de ese fondo por lado conserva íntegros foto, dibujo y textos.","{""source_box"": [3.3333333333333335, 0, 216.66666666666666, 320], ""coordinate_space"": ""exif_oriented_source_pixels"", ""source_sha256"": ""cc6549ae424dc1c519bdc09e07683c3cc30364060faa9cdc7d4d1f01520feef1"", ""reason"": ""El título, la fotografía rectangular, la ilustración de pentagrama/instrumento y el nombre del autor están todos insetados. En ambos bordes solo hay textura azul continua sin motivo identificable; quitar 3,3333 px de ese fondo por lado conserva íntegros foto, dibujo y textos.""}",generated/digital-batch/pending-images/Ebook/ciencias/portadas/ebook-406219fdd9361588.webp,"{""width"": 220, ""height"": 320}","{""width"": 720, ""height"": 1080}",86,69266,6f4e1379b6854112d5e9b20169b8873cfb4d73727a83dafe9e96a49d1a074686
EBOOK,Ebook/inventario.csv,134,Física del estado sólido,"Meléndez Martínez, Juan J.",Ciencias,https://elibro.puce.elogim.com/es/lc/puce/titulos/289288,"Ciencias/originales/Física del estado sólido - Meléndez Martínez, Juan J..jpg","covers/Ebook/Ciencias/originales/Física del estado sólido - Meléndez Martínez, Juan J..jpg",694e439dbfd8631971d00f15ae17d7901fa00c5ea2af687dbeeac17fccb635d4,Ebook/ciencias/portadas/ebook-afdd523836273442.webp,,METADATOS_PENDIENTES,Falta la editorial.; Falta un idioma válido.,"[""Falta la editorial."", ""Falta un idioma válido.""]",,automatic_normalization,,,generated/digital-batch/pending-images/Ebook/ciencias/portadas/ebook-afdd523836273442.webp,"{""width"": 220, ""height"": 320}","{""width"": 720, ""height"": 1080}",86,22996,7966b219bf651f4bb4c5b0366e70d15dd5c4d12a3ab8dabcd3d782275651cdf4
EBOOK,Ebook/inventario.csv,135,Física experimental,"Ardila, Ángel Miguel",Ciencias,https://elibro.puce.elogim.com/es/lc/puce/titulos/128446,"Ciencias/originales/Física experimental - Ardila, Ángel Miguel.jpg","covers/Ebook/Ciencias/originales/Física experimental - Ardila, Ángel Miguel.jpg",bec7f788247025f1329710b53185a7a8af3f2a14502887eb86e1bd0228384374,Ebook/ciencias/portadas/ebook-a9dc9b16ce0ee11b.webp,,METADATOS_PENDIENTES,Falta la editorial.; Falta un idioma válido.,"[""Falta la editorial."", ""Falta un idioma válido.""]",,automatic_normalization,,,generated/digital-batch/pending-images/Ebook/ciencias/portadas/ebook-a9dc9b16ce0ee11b.webp,"{""width"": 220, ""height"": 320}","{""width"": 720, ""height"": 1080}",86,21006,45d8513c57dc8bb90f55e887944ac9ea01ea3d47e44ff787babe076465a3682f
EBOOK,Ebook/inventario.csv,136,Física fundamental,"Gómez Espíndola, José del Carmen; González Pineda, Campo Elías; Mayoral Ramírez, César Alberto",Ciencias,https://elibro.puce.elogim.com/es/lc/puce/titulos/131876,"Ciencias/originales/Física fundamental - Gómez Espíndola, José del Carmen; González Pineda, Campo Elías; Mayoral Ramírez, César Alberto.jpg","covers/Ebook/Ciencias/originales/Física fundamental - Gómez Espíndola, José del Carmen; González Pineda, Campo Elías; Mayoral Ramírez, César Alberto.jpg",5e660d8bef90af573fb8f067a3756a5e60079e33a4bc7b9f8f90b9d7bef52e90,Ebook/ciencias/portadas/ebook-4f4ad6da3cd6e43c.webp,,METADATOS_PENDIENTES,Falta la editorial.; Falta un idioma válido.,"[""Falta la editorial."", ""Falta un idioma válido.""]",,automatic_normalization,,,generated/digital-batch/pending-images/Ebook/ciencias/portadas/ebook-4f4ad6da3cd6e43c.webp,"{""width"": 220, ""height"": 320}","{""width"": 720, ""height"": 1080}",86,36814,beda915bf876c46a6ab5095efa9b8495c386f26ab0962e6e802b9cbb9e6f5a46
EBOOK,Ebook/inventario.csv,137,Física I,"Rivera Procuna, Marco Antonio",Ciencias,https://elibro.puce.elogim.com/es/lc/puce/titulos/173461,"Ciencias/originales/Física I - Rivera Procuna, Marco Antonio.jpg","covers/Ebook/Ciencias/originales/Física I - Rivera Procuna, Marco Antonio.jpg",c8dd750f1fed767d8ba318245d2975222acfba58d375b0c49da1c680fe2912bf,Ebook/ciencias/portadas/ebook-13b69ebb2dc2f526.webp,,REVISION_ENCUADRE,No existe un crop seguro para las marcas protegidas.,"[""Falta la editorial."", ""Falta un idioma válido.""]",49,impossible,"Las fórmulas, moléculas, tramas y curvas de color llegan a ambos laterales. No son márgenes vacíos: cualquier desplazamiento corta trazos de la ilustración científica.",,,"{""width"": 220, ""height"": 320}",,,,
EBOOK,Ebook/inventario.csv,138,Física Mecánica,"Agudelo R., Jefersson A.; Castro L., William A; Castro L., Humberto G.",Ciencias,https://elibro.puce.elogim.com/es/lc/puce/titulos/197046,"Ciencias/originales/Física Mecánica - Agudelo R., Jefersson A.; Castro L., William A; Castro L., Humberto G..jpg","covers/Ebook/Ciencias/originales/Física Mecánica - Agudelo R., Jefersson A.; Castro L., William A; Castro L., Humberto G..jpg",1549f91c567275ba0b58925c293732a9c7bd56e6ba94db101af11187ed78682f,Ebook/ciencias/portadas/ebook-1f9df46fd45c2b4e.webp,,REVISION_ENCUADRE,No existe un crop seguro para las marcas protegidas.,"[""Falta la editorial."", ""Falta un idioma válido.""]",50,impossible,"La cuadrícula, curvas y anotaciones llegan a los laterales; el sello universitario inferior también se aproxima mucho al derecho. Recortar solo un lado o repartirlo elimina trazos de la composición.",,,"{""width"": 220, ""height"": 320}",,,,
EBOOK,Ebook/inventario.csv,139,Física y programación,"Merino Arranz, David; Rossinyol Casals, Emma; Perez-Navarro, Antoni",Ciencias,https://elibro.puce.elogim.com/es/lc/puce/titulos/188309,"Ciencias/originales/Física y programación - Merino Arranz, David; Rossinyol Casals, Emma; Perez-Navarro, Antoni.jpg","covers/Ebook/Ciencias/originales/Física y programación - Merino Arranz, David; Rossinyol Casals, Emma; Perez-Navarro, Antoni.jpg",ec584cb495ed4f56aa9e20b318d36bcec4934f2aacfb84386aa5dbc525dd4286,Ebook/ciencias/portadas/ebook-ffd0c6ebbc7e8688.webp,,METADATOS_PENDIENTES,Falta la editorial.; Falta un idioma válido.,"[""Falta la editorial."", ""Falta un idioma válido.""]",,automatic_normalization,,,generated/digital-batch/pending-images/Ebook/ciencias/portadas/ebook-ffd0c6ebbc7e8688.webp,"{""width"": 220, ""height"": 320}","{""width"": 720, ""height"": 1080}",86,37844,618a75c8351b9ca894ec64771c23cc2fa9ddeb81f1c60b8e2f08db4450118ab7
EBOOK,Ebook/inventario.csv,140,Introducción a la física,"Lara Barragán Gómez, Antonio; Núñez Trejo, Héctor",Ciencias,https://elibro.puce.elogim.com/es/lc/puce/titulos/39447,"Ciencias/originales/Introducción a la física - Lara Barragán Gómez, Antonio; Núñez Trejo, Héctor.jpg","covers/Ebook/Ciencias/originales/Introducción a la física - Lara Barragán Gómez, Antonio; Núñez Trejo, Héctor.jpg",0ad43c36fa6e01984de3e38c4fccacb5a280bb1d7d68322bda32ed7f24dd8a78,Ebook/ciencias/portadas/ebook-197928bfdeb8ee42.webp,,METADATOS_PENDIENTES,Falta la editorial.; Falta un idioma válido.,"[""Falta la editorial."", ""Falta un idioma válido.""]",,automatic_normalization,,,generated/digital-batch/pending-images/Ebook/ciencias/portadas/ebook-197928bfdeb8ee42.webp,"{""width"": 220, ""height"": 320}","{""width"": 720, ""height"": 1080}",86,35168,ef3829174e0c3e7103df8e0191f98b16919c52881bdbb80071c47fe6a4ae033e
EBOOK,Ebook/inventario.csv,141,La otra física,"Martínez Aguirre, Guillermo",Ciencias,https://elibro.puce.elogim.com/es/lc/puce/titulos/304146,"Ciencias/originales/La otra física - Martínez Aguirre, Guillermo.jpg","covers/Ebook/Ciencias/originales/La otra física - Martínez Aguirre, Guillermo.jpg",70100bedd7500ed3d67c03caa453a399d8f163ef4991cc21006566bc95aff72d,Ebook/ciencias/portadas/ebook-abfcd8419e8db06e.webp,,REVISION_ENCUADRE,No existe un crop seguro para las marcas protegidas.,"[""Falta la editorial."", ""Falta un idioma válido.""]",51,impossible,"El planeta grande y el resplandor llegan al derecho, y un cuerpo celeste azul llega al inferior izquierdo. El negro vacío parcial no forma una banda continua; ningún desplazamiento protege ambas imágenes.",,,"{""width"": 220, ""height"": 320}",,,,
EBOOK,Ebook/inventario.csv,142,Manual de prácticas de biología,"Mesa Valle, Concepción María; Garrido Cárdenas, José Antonio",Ciencias,https://elibro.puce.elogim.com/es/lc/puce/titulos/282334,"Ciencias/originales/Manual de prácticas de biología - Mesa Valle, Concepción María; Garrido Cárdenas, José Antonio.jpg","covers/Ebook/Ciencias/originales/Manual de prácticas de biología - Mesa Valle, Concepción María; Garrido Cárdenas, José Antonio.jpg",5ff6342c2e492623f7289689cc0bcf7b8359de4b40818015587e7361116d75b6,Ebook/ciencias/portadas/ebook-da188f8f613ecae0.webp,,REVISION_ENCUADRE,No existe un crop seguro para las marcas protegidas.,"[""Falta la editorial."", ""Falta un idioma válido.""]",52,impossible,Los polígonos y sus dobles contornos blancos llegan al izquierdo abajo y al derecho arriba. Todo encuadre 2:3 interior cortaría una parte de esos contornos.,,,"{""width"": 220, ""height"": 320}",,,,
EBOOK,Ebook/inventario.csv,143,Mecánica física,"Moreno Pérez, Enrique Manuel",Ciencias,https://elibro.puce.elogim.com/es/lc/puce/titulos/301963,"Ciencias/originales/Mecánica física - Moreno Pérez, Enrique Manuel.jpg","covers/Ebook/Ciencias/originales/Mecánica física - Moreno Pérez, Enrique Manuel.jpg",2e0de4a5e453023b2b963e8ecb6862a35a863262032094af5f56b79e7521cd97,Ebook/ciencias/portadas/ebook-c762152d59020fe6.webp,,REVISION_ENCUADRE,No existe un crop seguro para las marcas protegidas.,"[""Falta la editorial."", ""Falta un idioma válido.""]",53,impossible,La fotografía de engranajes llega a ambos lados y en varios niveles de altura. No existe margen vertical vacío continuo; recortar unilateralmente también elimina engranaje.,,,"{""width"": 220, ""height"": 320}",,,,
EBOOK,Ebook/inventario.csv,144,Nomenclatura química,Hugo Solís Correa,Ciencias,https://elibro.puce.elogim.com/es/lc/puce/titulos/39457,Ciencias/originales/Nomenclatura química - Hugo Solís Correa.jpg,covers/Ebook/Ciencias/originales/Nomenclatura química - Hugo Solís Correa.jpg,625c56e0563a3114f3f55960486d77f3f1e175e9e90d9b63513de8d320a1048c,Ebook/ciencias/portadas/ebook-eda72d3f30b30de5.webp,,REVISION_ENCUADRE,No existe un crop seguro para las marcas protegidas.,"[""Falta la editorial."", ""Falta un idioma válido.""]",54,impossible,"Las esferas y modelos moleculares, además de fórmulas de fondo, llegan a ambos bordes. Cualquier recorte lateral elimina elementos gráficos; no existe desplazamiento seguro.",,,"{""width"": 220, ""height"": 320}",,,,
EBOOK,Ebook/inventario.csv,145,Problemas de Física (27a. ed.),"Burbano García, Enrique; Gracia Muñoz, Carlos",Ciencias,https://elibro.puce.elogim.com/es/lc/puce/titulos/270906,"Ciencias/originales/Problemas de Física (27a. ed.) - Burbano García, Enrique; Gracia Muñoz, Carlos.jpg","covers/Ebook/Ciencias/originales/Problemas de Física (27a. ed.) - Burbano García, Enrique; Gracia Muñoz, Carlos.jpg",ee30716a2874dda9be74de9dcd50d3404dca8d1852cd4ae6eadbf25734a8745a,Ebook/ciencias/portadas/ebook-80b87603433ba1ab.webp,,METADATOS_PENDIENTES,Falta la editorial.; Falta un idioma válido.,"[""Falta la editorial."", ""Falta un idioma válido.""]",,automatic_normalization,,,generated/digital-batch/pending-images/Ebook/ciencias/portadas/ebook-80b87603433ba1ab.webp,"{""width"": 220, ""height"": 320}","{""width"": 720, ""height"": 1080}",86,33452,956214e1f8b4258126e8328fdd4538544b9b6c9edcf7b6b094142c7f118d25c6
EBOOK,Ebook/inventario.csv,146,Química Ambiental,"Pasquali, Ricardo Conrado",Ciencias,https://elibro.puce.elogim.com/es/lc/puce/titulos/174540,"Ciencias/originales/Química Ambiental - Pasquali, Ricardo Conrado.jpg","covers/Ebook/Ciencias/originales/Química Ambiental - Pasquali, Ricardo Conrado.jpg",680567ab04459bb9f05b8a44b83af0142686aa3510bb91e819b05c80d7ea4113,Ebook/ciencias/portadas/ebook-8b380e883015a676.webp,,REVISION_ENCUADRE,No existe un crop seguro para las marcas protegidas.,"[""Falta la editorial."", ""Falta un idioma válido.""]",55,impossible,"La fotografía industrial de chimeneas y nubes ocupa el ancho completo, con diagramas superpuestos. Ninguno de los laterales ofrece una franja externa o vacía separada de la fotografía.",,,"{""width"": 220, ""height"": 320}",,,,
EBOOK,Ebook/inventario.csv,147,Química experimental (2a. ed.),"Pacheco Espejel, Martha Patricia; Alvarado Arellano, Martha; Sánchez Aguilar, Josefina",Ciencias,https://elibro.puce.elogim.com/es/lc/puce/titulos/40187,"Ciencias/originales/Química experimental (2a. ed.) - Pacheco Espejel, Martha Patricia; Alvarado Arellano, Martha; Sánchez Aguilar, Josefina.jpg","covers/Ebook/Ciencias/originales/Química experimental (2a. ed.) - Pacheco Espejel, Martha Patricia; Alvarado Arellano, Martha; Sánchez Aguilar, Josefina.jpg",4480761acf151add016116d255509f4d3cfe2e00eb0c2a5ffd30703bf93c5134,Ebook/ciencias/portadas/ebook-d2d6d2bdfba7e8fe.webp,,METADATOS_PENDIENTES,Falta la editorial.; Falta un idioma válido.,"[""Falta la editorial."", ""Falta un idioma válido.""]",,automatic_normalization,,,generated/digital-batch/pending-images/Ebook/ciencias/portadas/ebook-d2d6d2bdfba7e8fe.webp,"{""width"": 220, ""height"": 320}","{""width"": 720, ""height"": 1080}",86,51306,80788f22e0b24176eccd89ef4b4aea9803e1c70ddcf8917218049559d76ae68a
EBOOK,Ebook/inventario.csv,148,Química forense,"Esteban Santos, Soledad; Cornago Ramírez, María del Pilar",Ciencias,https://elibro.puce.elogim.com/es/lc/puce/titulos/48853,"Ciencias/originales/Química forense - Esteban Santos, Soledad; Cornago Ramírez, María del Pilar.jpg","covers/Ebook/Ciencias/originales/Química forense - Esteban Santos, Soledad; Cornago Ramírez, María del Pilar.jpg",0d7f3933d0b6c91752ba2201276b65e87889abc7c9a390d8f0650e6123d54b32,Ebook/ciencias/portadas/ebook-308a75da2127dc4a.webp,,REVISION_ENCUADRE,No existe un crop seguro para las marcas protegidas.,"[""Falta la editorial."", ""Falta un idioma válido.""]",56,impossible,"La fotografía inferior de lupa, recipientes, mesa y objetos llega a ambos laterales. El fondo uniforme superior no permite un recorte completo sin pérdida de fotografía abajo.",,,"{""width"": 220, ""height"": 320}",,,,
EBOOK,Ebook/inventario.csv,149,Química orgánica,"Cabildo Miranda, María del Pilar",Ciencias,https://elibro.puce.elogim.com/es/lc/puce/titulos/48371,"Ciencias/originales/Química orgánica - Cabildo Miranda, María del Pilar.jpg","covers/Ebook/Ciencias/originales/Química orgánica - Cabildo Miranda, María del Pilar.jpg",db2375b2238d85d51a5884ed3b9b0589b617de9ab074ac08ac28824daf3d5d90,Ebook/ciencias/portadas/ebook-39051a640e5a8148.webp,,METADATOS_PENDIENTES,Falta la editorial.; Falta un idioma válido.,"[""Falta la editorial."", ""Falta un idioma válido.""]",,automatic_normalization,,,generated/digital-batch/pending-images/Ebook/ciencias/portadas/ebook-39051a640e5a8148.webp,"{""width"": 220, ""height"": 320}","{""width"": 720, ""height"": 1080}",86,36670,d64be50e7abe0ed160137ed9b262a854900327ca56f5ee29a04d345326e4179a
EBOOK,Ebook/inventario.csv,150,Química terrestre,"Chamizo, Antonio",Ciencias,https://elibro.puce.elogim.com/es/lc/puce/titulos/71936,"Ciencias/originales/Química terrestre - Chamizo, Antonio.jpg","covers/Ebook/Ciencias/originales/Química terrestre - Chamizo, Antonio.jpg",60d102dd8fc90007c1cba63799305fc18c777779fe618fc846b21805aeb1dfdd,Ebook/ciencias/portadas/ebook-0ff4e106cbddcf4e.webp,,REVISION_ENCUADRE,No existe un crop seguro para las marcas protegidas.,"[""Falta la editorial."", ""Falta un idioma válido.""]",57,impossible,"Las curvas espirales y anillos ilustrados recorren ambos laterales; el marcador naranja también toca el izquierdo. No hay banda lateral vacía para absorber 6,6667 px sin cortar el dibujo.",,,"{""width"": 220, ""height"": 320}",,,,
EBOOK,Ebook/inventario.csv,151,Termodinámica química,"Criado-Sancho, Manuel; Casas-Vázquez, José; Jou, David",Ciencias,https://elibro.puce.elogim.com/es/lc/puce/titulos/175801,"Ciencias/originales/Termodinámica química - Criado-Sancho, Manuel; Casas-Vázquez, José; Jou, David.jpg","covers/Ebook/Ciencias/originales/Termodinámica química - Criado-Sancho, Manuel; Casas-Vázquez, José; Jou, David.jpg",e14d31418cff2714871e3444b1aae25c7dee1020dd54e4605e51de7579a40b4a,Ebook/ciencias/portadas/ebook-7ee673c8049dc35a.webp,,REVISION_ENCUADRE,No existe un crop seguro para las marcas protegidas.,"[""Falta la editorial."", ""Falta un idioma válido.""]",58,impossible,El Sol toca el superior izquierdo y la fotografía terrestre alcanza ambos laterales inferiores. Mover el recorte a la derecha no evita cortar la Tierra; moverlo a la izquierda también afecta al Sol.,,,"{""width"": 220, ""height"": 320}",,,,
EBOOK,Ebook/inventario.csv,152,Administración de proyectos de informática,"Toro López, Francisco J.",Tecnología e Informática,https://elibro.puce.elogim.com/es/lc/puce/titulos/131877,"Tecnología e Informática/originales/Administración de proyectos de informática - Toro López, Francisco J..jpg","covers/Ebook/Tecnología e Informática/originales/Administración de proyectos de informática - Toro López, Francisco J..jpg",dfd8e0a1bf6bbe71d92914c4ff3d876a0cf028a65eb79121c2b0518029a188ca,Ebook/tecnologia-e-informatica/portadas/ebook-b421ab6f24f50249.webp,,METADATOS_PENDIENTES,Falta la editorial.; Falta un idioma válido.,"[""Falta la editorial."", ""Falta un idioma válido.""]",,automatic_normalization,,,generated/digital-batch/pending-images/Ebook/tecnologia-e-informatica/portadas/ebook-b421ab6f24f50249.webp,"{""width"": 220, ""height"": 320}","{""width"": 720, ""height"": 1080}",86,36946,f4d194dabae6db2d92dbe7bb908ab7f5d7ef430ac925659ced7378f632d467f5
EBOOK,Ebook/inventario.csv,153,Auditoría de seguridad informática,"Gómez Vieites, Álvaro",Tecnología e Informática,https://elibro.puce.elogim.com/es/lc/puce/titulos/62464,"Tecnología e Informática/originales/Auditoría de seguridad informática - Gómez Vieites, Álvaro.jpg","covers/Ebook/Tecnología e Informática/originales/Auditoría de seguridad informática - Gómez Vieites, Álvaro.jpg",e794acd11285e3a193bf71f33b9b59f594c279a3625274e2e96c772c96ad3ee7,Ebook/tecnologia-e-informatica/portadas/ebook-3b19646f87c22f35.webp,,REVISION_ENCUADRE,No existe un crop seguro para las marcas protegidas.,"[""Falta la editorial."", ""Falta un idioma válido.""]",59,impossible,Las líneas y celdas geométricas de fondo alcanzan ambos extremos; el autor abajo comienza casi en el izquierdo y la marca inferior alcanza el derecho. Ninguna banda lateral completa está libre de diseño o texto.,,,"{""width"": 220, ""height"": 320}",,,,
EBOOK,Ebook/inventario.csv,154,Automatización de procesos industriales: robótica y automática,"García Moreno, Emilio",Tecnología e Informática,https://elibro.puce.elogim.com/es/lc/puce/titulos/129686,"Tecnología e Informática/originales/Automatización de procesos industriales robótica y automática - García Moreno, Emilio.jpg","covers/Ebook/Tecnología e Informática/originales/Automatización de procesos industriales robótica y automática - García Moreno, Emilio.jpg",cb87f24272b65f9f1947170be5ee7e511c0ee1a274de97261545b4c964de03cc,Ebook/tecnologia-e-informatica/portadas/ebook-c4de2f37687810e4.webp,,REVISION_ENCUADRE,No existe un crop seguro para las marcas protegidas.,"[""Falta la editorial."", ""Falta un idioma válido.""]",60,impossible,"El gran elemento tipográfico superior izquierdo, la fotografía de placa inferior y los esquemas técnicos se extienden hacia los extremos. Ninguno de los dos lados admite la franja requerida sin cortar contenido.",,,"{""width"": 220, ""height"": 320}",,,,
EBOOK,Ebook/inventario.csv,155,Ciencia de datos con Python,"Contreras Bravo, Leonardo Emiro; Padilla Beltrán, José Eduardo",Tecnología e Informática,https://elibro.puce.elogim.com/es/lc/puce/titulos/294846,"Tecnología e Informática/originales/Ciencia de datos con Python - Contreras Bravo, Leonardo Emiro; Padilla Beltrán, José Eduardo.jpg","covers/Ebook/Tecnología e Informática/originales/Ciencia de datos con Python - Contreras Bravo, Leonardo Emiro; Padilla Beltrán, José Eduardo.jpg",b42eb72756501c1dfa49a2c45cac8919a188657390931d8fbb1b15b25416f1ca,Ebook/tecnologia-e-informatica/portadas/ebook-b5d4231eeb1fa073.webp,,REVISION_ENCUADRE,No existe un crop seguro para las marcas protegidas.,"[""Falta la editorial."", ""Falta un idioma válido.""]",61,impossible,"Las reglas horizontales del pie editorial recorren ambos laterales. Aunque la fotografía y los títulos estén insetados sobre blanco, todo recorte lateral acorta esas reglas protegidas.",,,"{""width"": 220, ""height"": 320}",,,,
EBOOK,Ebook/inventario.csv,156,Conceptos de informática,"Prieto Espinosa, Alberto",Tecnología e Informática,https://elibro.puce.elogim.com/es/lc/puce/titulos/50305,"Tecnología e Informática/originales/Conceptos de informática - Prieto Espinosa, Alberto.jpg","covers/Ebook/Tecnología e Informática/originales/Conceptos de informática - Prieto Espinosa, Alberto.jpg",caefd1be1ed57a3ccde371caaebd821c723734180ba957a2e20b66dd6927f769,Ebook/tecnologia-e-informatica/portadas/ebook-511334b25fdf3772.webp,,REVISION_ENCUADRE,No existe un crop seguro para las marcas protegidas.,"[""Falta la editorial."", ""Falta un idioma válido.""]",62,impossible,"Las grandes letras naranjas de fondo, la banda superior de texto y la información inferior se acercan o llegan a ambos bordes. Un recorte unilateral o repartido elimina letras o elementos de esa composición.",,,"{""width"": 220, ""height"": 320}",,,,
EBOOK,Ebook/inventario.csv,157,Criptografía sin secretos con Python,"Arboledas Brihuega, David",Tecnología e Informática,https://elibro.puce.elogim.com/es/lc/puce/titulos/106497,"Tecnología e Informática/originales/Criptografía sin secretos con Python - Arboledas Brihuega, David.jpg","covers/Ebook/Tecnología e Informática/originales/Criptografía sin secretos con Python - Arboledas Brihuega, David.jpg",2a3017d4561874648938ef571acf5ca8b51fce44b424f1647d5c1a25b1d3e920,Ebook/tecnologia-e-informatica/portadas/ebook-e221ce7821129ec2.webp,,REVISION_ENCUADRE,No existe un crop seguro para las marcas protegidas.,"[""Falta la editorial."", ""Falta un idioma válido.""]",63,impossible,La franja rayada de advertencia superior y las reglas horizontales del pie editorial llegan a ambos laterales. Los márgenes blancos de la imagen central no evitan cortar esos elementos.,,,"{""width"": 220, ""height"": 320}",,,,
EBOOK,Ebook/inventario.csv,158,Cómo y cuándo aplicar un robot industrial,Daniel Audí Piera,Tecnología e Informática,https://elibro.puce.elogim.com/es/lc/puce/titulos/45841,Tecnología e Informática/originales/Cómo y cuándo aplicar un robot industrial - Daniel Audí Piera.jpg,covers/Ebook/Tecnología e Informática/originales/Cómo y cuándo aplicar un robot industrial - Daniel Audí Piera.jpg,119bccccb41ecdcd83c595bd15c364d08dae57bdeec284e9525b16f515fa7b17,Ebook/tecnologia-e-informatica/portadas/ebook-0657617b175f64ec.webp,,METADATOS_PENDIENTES,Falta la editorial.; Falta un idioma válido.,"[""Falta la editorial."", ""Falta un idioma válido.""]",,automatic_normalization,,,generated/digital-batch/pending-images/Ebook/tecnologia-e-informatica/portadas/ebook-0657617b175f64ec.webp,"{""width"": 220, ""height"": 320}","{""width"": 720, ""height"": 1080}",86,35004,9f8667bcf95e65c55a6008c7438042340ed2801f6b7862419d19f15f21cd752c
EBOOK,Ebook/inventario.csv,159,Desarrollo de microservicios con Python,"Ortega Candel, José Manuel",Tecnología e Informática,https://elibro.puce.elogim.com/es/lc/puce/titulos/281693,"Tecnología e Informática/originales/Desarrollo de microservicios con Python - Ortega Candel, José Manuel.jpg","covers/Ebook/Tecnología e Informática/originales/Desarrollo de microservicios con Python - Ortega Candel, José Manuel.jpg",4c1b10d8d305f08600f2421bcea9db5e36fd48230e7ff9bbd00ec5c15e481059,Ebook/tecnologia-e-informatica/portadas/ebook-df981df71d5c210c.webp,,METADATOS_PENDIENTES,Falta la editorial.; Falta un idioma válido.,"[""Falta la editorial."", ""Falta un idioma válido.""]",,automatic_normalization,,,generated/digital-batch/pending-images/Ebook/tecnologia-e-informatica/portadas/ebook-df981df71d5c210c.webp,"{""width"": 220, ""height"": 320}","{""width"": 720, ""height"": 1080}",86,41902,e1d5bedd237abe679bc338e8760cdcf928ac10bf55e33809ee3b374809561471
EBOOK,Ebook/inventario.csv,160,Enciclopedia de la seguridad informática (2a. ed.),"Gómez Vieites, Álvaro",Tecnología e Informática,https://elibro.puce.elogim.com/es/lc/puce/titulos/106416,"Tecnología e Informática/originales/Enciclopedia de la seguridad informática (2a. ed.) - Gómez Vieites, Álvaro.jpg","covers/Ebook/Tecnología e Informática/originales/Enciclopedia de la seguridad informática (2a. ed.) - Gómez Vieites, Álvaro.jpg",b430da2f3d3b0caff62d2b657c0fc099607db4cf43baf57b9df9a85d6e1847be,Ebook/tecnologia-e-informatica/portadas/ebook-dc8d7c20c543a615.webp,,REVISION_ENCUADRE,No existe un crop seguro para las marcas protegidas.,"[""Falta la editorial."", ""Falta un idioma válido.""]",64,impossible,"Las reglas horizontales que enmarcan el pie Ra-Ma recorren ambos laterales. El retrato gráfico y títulos están separados, pero cualquier recorte lateral altera las reglas protegidas.",,,"{""width"": 220, ""height"": 320}",,,,
EBOOK,Ebook/inventario.csv,161,Fundamentos de informática,"Weber, Juan",Tecnología e Informática,https://elibro.puce.elogim.com/es/lc/puce/titulos/175150,"Tecnología e Informática/originales/Fundamentos de informática - Weber, Juan.jpg","covers/Ebook/Tecnología e Informática/originales/Fundamentos de informática - Weber, Juan.jpg",0ce5c7c6c822657945a73151f66504da6612343757297c70ab5165bf887102d2,Ebook/tecnologia-e-informatica/portadas/ebook-9a7f987260e27217.webp,,METADATOS_PENDIENTES,Falta la editorial.; Falta un idioma válido.,"[""Falta la editorial."", ""Falta un idioma válido.""]",,automatic_normalization,,,generated/digital-batch/pending-images/Ebook/tecnologia-e-informatica/portadas/ebook-9a7f987260e27217.webp,"{""width"": 220, ""height"": 320}","{""width"": 720, ""height"": 1080}",86,31834,35be0191f4c1839c985be9d77fe59821b17e497bf444864286851dce7f773d81
EBOOK,Ebook/inventario.csv,162,Fundamentos de robótica (2a. ed.),Antonio Barrientos,Tecnología e Informática,https://elibro.puce.elogim.com/es/lc/puce/titulos/50193,Tecnología e Informática/originales/Fundamentos de robótica (2a. ed.) - Antonio Barrientos.jpg,covers/Ebook/Tecnología e Informática/originales/Fundamentos de robótica (2a. ed.) - Antonio Barrientos.jpg,efb98d279fbc2a61e9d6bdfe5faddb5cbd34c46f711368016a6c901c0ec552ce,Ebook/tecnologia-e-informatica/portadas/ebook-f21784d4bc1ea6cb.webp,,METADATOS_PENDIENTES,Falta la editorial.; Falta un idioma válido.,"[""Falta la editorial."", ""Falta un idioma válido.""]",,automatic_normalization,,,generated/digital-batch/pending-images/Ebook/tecnologia-e-informatica/portadas/ebook-f21784d4bc1ea6cb.webp,"{""width"": 220, ""height"": 320}","{""width"": 720, ""height"": 1080}",86,49918,9378ba8d9f88d5d74f49347735d73323ceaa6c99b54532f2f14816ed3b144ec2
EBOOK,Ebook/inventario.csv,163,Fundamentos de robótica y mecatrónica con Matlab© y Simulink©.,"Pérez Cisneros, Marco Antonio; Cuevas Jiménez, Erik Valdemar; Zaldívar Navarro, Daniel",Tecnología e Informática,https://elibro.puce.elogim.com/es/lc/puce/titulos/106568,"Tecnología e Informática/originales/Fundamentos de robótica y mecatrónica con Matlab© y Simulink©. - Pérez Cisneros, Marco Antonio; Cuevas Jiménez, Erik Valdemar; Zaldívar Navarro, Daniel.jpg","covers/Ebook/Tecnología e Informática/originales/Fundamentos de robótica y mecatrónica con Matlab© y Simulink©. - Pérez Cisneros, Marco Antonio; Cuevas Jiménez, Erik Valdemar; Zaldívar Navarro, Daniel.jpg",6fbfe56599375fbd2d73a1155567304e002b7b443c29583c7a01248619c018f7,Ebook/tecnologia-e-informatica/portadas/ebook-4a202494316268c5.webp,,REVISION_ENCUADRE,No existe un crop seguro para las marcas protegidas.,"[""Falta la editorial."", ""Falta un idioma válido.""]",65,impossible,Las reglas horizontales del pie Ra-Ma recorren ambos bordes; el resto del diseño no proporciona un margen completo exterior a ellas. Cualquier reparto del recorte elimina parte de esas reglas.,,,"{""width"": 220, ""height"": 320}",,,,
EBOOK,Ebook/inventario.csv,164,Informática básica,"Requena Peláez, José Miguel",Tecnología e Informática,https://elibro.puce.elogim.com/es/lc/puce/titulos/117747,"Tecnología e Informática/originales/Informática básica - Requena Peláez, José Miguel.jpg","covers/Ebook/Tecnología e Informática/originales/Informática básica - Requena Peláez, José Miguel.jpg",b5f19658c2bd913cfe07351f94a10c4dab16a884a672706f51f8cbaf59b0f636,Ebook/tecnologia-e-informatica/portadas/ebook-9dff083059e77ef7.webp,,REVISION_ENCUADRE,No existe un crop seguro para las marcas protegidas.,"[""Falta la editorial."", ""Falta un idioma válido.""]",66,impossible,"El mosaico fotográfico de ordenador, persona y dispositivos alcanza ambos lados; las bandas y el disco inferior también se prolongan hacia los bordes. No hay margen vacío continuo.",,,"{""width"": 220, ""height"": 320}",,,,
EBOOK,Ebook/inventario.csv,165,Informática forense,"Ortiz, Luis",Tecnología e Informática,https://elibro.puce.elogim.com/es/lc/puce/titulos/286803,"Tecnología e Informática/originales/Informática forense - Ortiz, Luis.jpg","covers/Ebook/Tecnología e Informática/originales/Informática forense - Ortiz, Luis.jpg",fd0af2020a7c3c301d3ad0d41cc7d6122184eabdc53cdab91a3b62b688cff986,Ebook/tecnologia-e-informatica/portadas/ebook-97a48b16ae9ae001.webp,,METADATOS_PENDIENTES,Falta la editorial.; Falta un idioma válido.,"[""Falta la editorial."", ""Falta un idioma válido.""]",,automatic_normalization,,,generated/digital-batch/pending-images/Ebook/tecnologia-e-informatica/portadas/ebook-97a48b16ae9ae001.webp,"{""width"": 220, ""height"": 320}","{""width"": 720, ""height"": 1080}",86,41342,2a036cbc00f9276b25ea84ac35dddfb83ad09f8ae14ba410cc3dadeef8aa7b34
EBOOK,Ebook/inventario.csv,166,Informática industrial,"Espinosa Malea, José Manuel",Tecnología e Informática,https://elibro.puce.elogim.com/es/lc/puce/titulos/280290,"Tecnología e Informática/originales/Informática industrial - Espinosa Malea, José Manuel.jpg","covers/Ebook/Tecnología e Informática/originales/Informática industrial - Espinosa Malea, José Manuel.jpg",76d773e46785a6fa5e85500f7ab3ecc18d499b9ebbf4e415b94af2ac074a2ce4,Ebook/tecnologia-e-informatica/portadas/ebook-32440dc88b064518.webp,,REVISION_ENCUADRE,No existe un crop seguro para las marcas protegidas.,"[""Falta la editorial."", ""Falta un idioma válido.""]",67,impossible,La fotografía de mano robótica y teclado ocupa ambos laterales inferiores. El blanco superior no basta: todo recorte lateral corta la fotografía.,,,"{""width"": 220, ""height"": 320}",,,,
EBOOK,Ebook/inventario.csv,167,Introducción a la robótica,"Torres Vargas, Libia Zoraida",Tecnología e Informática,https://elibro.puce.elogim.com/es/lc/puce/titulos/128561,"Tecnología e Informática/originales/Introducción a la robótica - Torres Vargas, Libia Zoraida.jpg","covers/Ebook/Tecnología e Informática/originales/Introducción a la robótica - Torres Vargas, Libia Zoraida.jpg",c4401d335f5e2946c9a233407891f17cddd2fe83f987e3d48a19606669fb31cc,Ebook/tecnologia-e-informatica/portadas/ebook-95b5acc1678e2d44.webp,,REVISION_ENCUADRE,No existe un crop seguro para las marcas protegidas.,"[""Falta la editorial."", ""Falta un idioma válido.""]",68,impossible,"Las formas mecánicas, circuitos y arcos de la ilustración azul llegan a ambos extremos. No hay banda lateral vacía independiente del dibujo; no existe desplazamiento seguro.",,,"{""width"": 220, ""height"": 320}",,,,
EBOOK,Ebook/inventario.csv,168,Mantenimiento de equipos informáticos,"Morán Flores, Claudio",Tecnología e Informática,https://elibro.puce.elogim.com/es/lc/puce/titulos/127225,"Tecnología e Informática/originales/Mantenimiento de equipos informáticos - Morán Flores, Claudio.jpg","covers/Ebook/Tecnología e Informática/originales/Mantenimiento de equipos informáticos - Morán Flores, Claudio.jpg",9e318fa172387f55c69e73b36c39946631e2acd6f94921a5aa2dd1a27db21401,Ebook/tecnologia-e-informatica/portadas/ebook-ad439734605ce67e.webp,,METADATOS_PENDIENTES,Falta la editorial.; Falta un idioma válido.,"[""Falta la editorial."", ""Falta un idioma válido.""]",,automatic_normalization,,,generated/digital-batch/pending-images/Ebook/tecnologia-e-informatica/portadas/ebook-ad439734605ce67e.webp,"{""width"": 220, ""height"": 320}","{""width"": 720, ""height"": 1080}",86,15638,04d5f3c2e0afe8cdc42cfe5806bb6b4c7d173182270f473dbe70109812a4f495
EBOOK,Ebook/inventario.csv,169,Python a fondo,"Ramírez Jiménez, Óscar",Tecnología e Informática,https://elibro.puce.elogim.com/es/lc/puce/titulos/280038,"Tecnología e Informática/originales/Python a fondo - Ramírez Jiménez, Óscar.jpg","covers/Ebook/Tecnología e Informática/originales/Python a fondo - Ramírez Jiménez, Óscar.jpg",0c1a966d0c4cddf4926f212e99703a00143f6d82d6b2b324162cd0ebdfe1b1a3,Ebook/tecnologia-e-informatica/portadas/ebook-6fd0c6be2d7cb387.webp,,REVISION_ENCUADRE,No existe un crop seguro para las marcas protegidas.,"[""Falta la editorial."", ""Falta un idioma válido.""]",69,impossible,La fotografía de manos humana y robótica alcanza ambos lados; las ondas rosas también continúan hasta los extremos. Cualquier recorte lateral elimina imagen o diseño ondulado.,,,"{""width"": 220, ""height"": 320}",,,,
EBOOK,Ebook/inventario.csv,170,Python paso a paso,"Hinojosa Gutiérrez, Ángel",Tecnología e Informática,https://elibro.puce.elogim.com/es/lc/puce/titulos/107213,"Tecnología e Informática/originales/Python paso a paso - Hinojosa Gutiérrez, Ángel.jpg","covers/Ebook/Tecnología e Informática/originales/Python paso a paso - Hinojosa Gutiérrez, Ángel.jpg",37500f067aecbeabdfa774b2ef7b244f6616699e1d8a5a58a82004083fa30596,Ebook/tecnologia-e-informatica/portadas/ebook-b693693b4c215ab7.webp,,REVISION_ENCUADRE,No existe un crop seguro para las marcas protegidas.,"[""Falta la editorial."", ""Falta un idioma válido.""]",70,impossible,Las reglas horizontales del pie Ra-Ma llegan a ambos laterales. El blanco alrededor de título y serpiente no forma un margen exterior a esas reglas; cualquier recorte altera su extensión.,,,"{""width"": 220, ""height"": 320}",,,,
EBOOK,Ebook/inventario.csv,171,Robótica y domótica básica con Arduino,"Porcuna López, Pedro",Tecnología e Informática,https://elibro.puce.elogim.com/es/lc/puce/titulos/107212,"Tecnología e Informática/originales/Robótica y domótica básica con Arduino - Porcuna López, Pedro.jpg","covers/Ebook/Tecnología e Informática/originales/Robótica y domótica básica con Arduino - Porcuna López, Pedro.jpg",19548bb8d3c6cedc82fe46526cca95e705d7bf8e092b50c91411bee57cfe1412,Ebook/tecnologia-e-informatica/portadas/ebook-be2c9c93e9b1c8d8.webp,,REVISION_ENCUADRE,No existe un crop seguro para las marcas protegidas.,"[""Falta la editorial."", ""Falta un idioma válido.""]",71,impossible,"Las tres reglas grises del pie atraviesan ambos bordes; también la banda degradada superior forma parte de la cubierta. Cualquier eliminación lateral de 6,6667 px en total corta ese diseño; no hay margen exterior continuo.",,,"{""width"": 220, ""height"": 320}",,,,
EBOOK,Ebook/inventario.csv,172,Seguridad informática,Gema Escrivá Gascó,Tecnología e Informática,https://elibro.puce.elogim.com/es/lc/puce/titulos/43260,Tecnología e Informática/originales/Seguridad informática - Gema Escrivá Gascó.jpg,covers/Ebook/Tecnología e Informática/originales/Seguridad informática - Gema Escrivá Gascó.jpg,a801a2ac424093cf7ad7c615d94f92816c4b27795307df40b9cca6cd153d4f53,Ebook/tecnologia-e-informatica/portadas/ebook-3b133c6550122dbb.webp,,REVISION_ENCUADRE,No existe un crop seguro para las marcas protegidas.,"[""Falta la editorial."", ""Falta un idioma válido.""]",72,impossible,La huella multicolor llega al borde derecho en la mitad superior y al izquierdo en las franjas media e inferior. No existe una franja lateral vacía suficiente que preserve completa la ilustración.,,,"{""width"": 220, ""height"": 320}",,,,
EBOOK,Ebook/inventario.csv,173,Tkinter. Desarrollo de interfaces gráficas con Python (2a. ed.),"Domínguez Mínguez, Tomás",Tecnología e Informática,https://elibro.puce.elogim.com/es/lc/puce/titulos/286814,"Tecnología e Informática/originales/Tkinter. Desarrollo de interfaces gráficas con Python (2a. ed.) - Domínguez Mínguez, Tomás.jpg","covers/Ebook/Tecnología e Informática/originales/Tkinter. Desarrollo de interfaces gráficas con Python (2a. ed.) - Domínguez Mínguez, Tomás.jpg",f26d64a752a54d3b662a7090ac09eaabe1d1b999a7f894bc384b96d541956031,Ebook/tecnologia-e-informatica/portadas/ebook-61d7de82ee40a320.webp,,METADATOS_PENDIENTES,Falta la editorial.; Falta un idioma válido.,"[""Falta la editorial."", ""Falta un idioma válido.""]",,automatic_normalization,,,generated/digital-batch/pending-images/Ebook/tecnologia-e-informatica/portadas/ebook-61d7de82ee40a320.webp,"{""width"": 220, ""height"": 320}","{""width"": 720, ""height"": 1080}",86,41684,1421991804470861811210e1950b17599e8bfa463c4601c4c0a16a57d32d85a2
EBOOK,Ebook/inventario.csv,174,Técnicas de la auditoría informática,"Derrien, Yann",Tecnología e Informática,https://elibro.puce.elogim.com/es/lc/puce/titulos/45891,"Tecnología e Informática/originales/Técnicas de la auditoría informática - Derrien, Yann.jpg","covers/Ebook/Tecnología e Informática/originales/Técnicas de la auditoría informática - Derrien, Yann.jpg",5910ca590f8c4d20549f640256b9de335a3fb661d7856e1d1a174235c281a3eb,Ebook/tecnologia-e-informatica/portadas/ebook-72ebb91eb6d24946.webp,,METADATOS_PENDIENTES,Falta la editorial.; Falta un idioma válido.,"[""Falta la editorial."", ""Falta un idioma válido.""]",,automatic_normalization,,,generated/digital-batch/pending-images/Ebook/tecnologia-e-informatica/portadas/ebook-72ebb91eb6d24946.webp,"{""width"": 220, ""height"": 320}","{""width"": 720, ""height"": 1080}",86,32356,6feefd6a527d63dd769ca5fdceacaaf1a6693bb64374cb788dec10c07e1209c3
EBOOK,Ebook/inventario.csv,175,Una historia de la informática,"Barceló García, Miquel",Tecnología e Informática,https://elibro.puce.elogim.com/es/lc/puce/titulos/56584,"Tecnología e Informática/originales/Una historia de la informática - Barceló García, Miquel.jpg","covers/Ebook/Tecnología e Informática/originales/Una historia de la informática - Barceló García, Miquel.jpg",e8878fe4d08915c2f91d1be5b6a8bc27fc4d851dd64d43770d065690749f7af0,Ebook/tecnologia-e-informatica/portadas/ebook-763f894fbc73a7b8.webp,,REVISION_ENCUADRE,No existe un crop seguro para las marcas protegidas.,"[""Falta la editorial."", ""Falta un idioma válido.""]",73,impossible,"La fotografía del teclado llega a ambos laterales en la zona inferior. La banda azul izquierda solo protege la zona superior, por lo que un desplazamiento asimétrico también cortaría teclas/fotografía.",,,"{""width"": 220, ""height"": 320}",,,,
EBOOK,Ebook/inventario.csv,176,Visión artificial: aplicaciones prácticas con OpenCV - Python,"Domínguez Mínguez, Tomás",Tecnología e Informática,https://elibro.puce.elogim.com/es/lc/puce/titulos/281479,"Tecnología e Informática/originales/Visión artificial aplicaciones prácticas con OpenCV - Python - Domínguez Mínguez, Tomás.jpg","covers/Ebook/Tecnología e Informática/originales/Visión artificial aplicaciones prácticas con OpenCV - Python - Domínguez Mínguez, Tomás.jpg",5f9b7d1b0cf436bc5c42583323c4b2b27f573c91789e3db515b1748997e02b7d,Ebook/tecnologia-e-informatica/portadas/ebook-b72cd0aa79f9f119.webp,,REVISION_ENCUADRE,No existe un crop seguro para las marcas protegidas.,"[""Falta la editorial."", ""Falta un idioma válido.""]",74,impossible,La fotografía de personas con recuadros de reconocimiento ocupa ambos bordes de la mitad inferior; las líneas geométricas superiores también alcanzan los extremos. No hay recorte lateral sin perder imagen.,,,"{""width"": 220, ""height"": 320}",,,,
EBOOK,Ebook/inventario.csv,177,Análisis matemático,"Roca Martínez, Alicia; Jornet, David; Montesinos Santalucia, Vicente",Matemáticas,https://elibro.puce.elogim.com/es/lc/puce/titulos/60568,"Matemáticas/originales/Análisis matemático - Roca Martínez, Alicia; Jornet, David; Montesinos Santalucia, Vicente.jpg","covers/Ebook/Matemáticas/originales/Análisis matemático - Roca Martínez, Alicia; Jornet, David; Montesinos Santalucia, Vicente.jpg",df5730d18465fc47c9e5544bc667a0e8013a3106914674c258eb288e156f70cd,Ebook/Matematicas/portadas/ebook-a0afc19150ca51a9.webp,,METADATOS_PENDIENTES,Falta la editorial.; Falta un idioma válido.,"[""Falta la editorial."", ""Falta un idioma válido.""]",,automatic_normalization,,,generated/digital-batch/pending-images/Ebook/Matematicas/portadas/ebook-a0afc19150ca51a9.webp,"{""width"": 220, ""height"": 320}","{""width"": 720, ""height"": 1080}",86,46608,58dd5140a39b22b39ff8c96e2d50c40bbc803c843e06bda6a249bd188b1a7433
EBOOK,Ebook/inventario.csv,178,Análisis matemático,"Takeuchi, Yu",Matemáticas,https://elibro.puce.elogim.com/es/lc/puce/titulos/127753,"Matemáticas/originales/Análisis matemático - Takeuchi, Yu.jpg","covers/Ebook/Matemáticas/originales/Análisis matemático - Takeuchi, Yu.jpg",bed52ddf30ac6cbf91c7a6fac30115af9df60d1ca95cb15c9cd641b986d70de4,Ebook/Matematicas/portadas/ebook-714897609843648e.webp,,METADATOS_PENDIENTES,Falta la editorial.; Falta un idioma válido.,"[""Falta la editorial."", ""Falta un idioma válido.""]",,automatic_normalization,,,generated/digital-batch/pending-images/Ebook/Matematicas/portadas/ebook-714897609843648e.webp,"{""width"": 220, ""height"": 320}","{""width"": 720, ""height"": 1080}",86,20466,a635647e9da1b2cf73503b0c3c7dfc41d61184352121f74aa0944fcaf04ca6ac
EBOOK,Ebook/inventario.csv,179,El cerebro de los matemáticos,"Ruelle, David",Matemáticas,https://elibro.puce.elogim.com/es/lc/puce/titulos/60072,"Matemáticas/originales/El cerebro de los matemáticos - Ruelle, David.jpg","covers/Ebook/Matemáticas/originales/El cerebro de los matemáticos - Ruelle, David.jpg",7febe578bf56a145513db7d3ef4d7c64334b07792ea25eaa37b13923c98132e5,Ebook/Matematicas/portadas/ebook-1ea8ad86ccd7e8c0.webp,,REVISION_ENCUADRE,No existe un crop seguro para las marcas protegidas.,"[""Falta la editorial."", ""Falta un idioma válido.""]",75,impossible,"El retrato fotográfico y la silla/fondo llegan a ambos bordes. Los extremos contienen fotografía real, no margen externo; un crop centrado o asimétrico elimina parte de la cubierta.",,,"{""width"": 220, ""height"": 320}",,,,
EBOOK,Ebook/inventario.csv,180,Estadística matemática,"Cepeda Cuervo, Edilberto",Matemáticas,https://elibro.puce.elogim.com/es/lc/puce/titulos/129009,"Matemáticas/originales/Estadística matemática - Cepeda Cuervo, Edilberto.jpg","covers/Ebook/Matemáticas/originales/Estadística matemática - Cepeda Cuervo, Edilberto.jpg",0082860211f95104bbc0eb7dac8d8b925c320e221919b4a55becf3f544d0d5cf,Ebook/Matematicas/portadas/ebook-4c43b7b6b2f7d801.webp,,METADATOS_PENDIENTES,Falta la editorial.; Falta un idioma válido.,"[""Falta la editorial."", ""Falta un idioma válido.""]",,automatic_normalization,,,generated/digital-batch/pending-images/Ebook/Matematicas/portadas/ebook-4c43b7b6b2f7d801.webp,"{""width"": 220, ""height"": 320}","{""width"": 720, ""height"": 1080}",86,21502,dd71e85f0e2b340d3a65d902d55006155d195517251343c4fe12599ca0e85c19
EBOOK,Ebook/inventario.csv,181,Fundamentos de matemáticas,"Zalamea Traba, Fernando",Matemáticas,https://elibro.puce.elogim.com/es/lc/puce/titulos/128447,"Matemáticas/originales/Fundamentos de matemáticas - Zalamea Traba, Fernando.jpg","covers/Ebook/Matemáticas/originales/Fundamentos de matemáticas - Zalamea Traba, Fernando.jpg",aba68f23f78b91e3c6c5be85bfb7da2e7e9c20ea68652184db02d16d85aecec4,Ebook/Matematicas/portadas/ebook-e7ad27a2d7986fb8.webp,,METADATOS_PENDIENTES,Falta la editorial.; Falta un idioma válido.,"[""Falta la editorial."", ""Falta un idioma válido.""]",76,approved,"Se retira 1 px del fondo azul del borde izquierdo y 5,6667 px del fondo verde derecho. La inspección ampliada por columnas conserva las letras verticales de Colección, los extremos del título, el bloque azul, la estampilla y ambos logotipos; las franjas retiradas no contienen trazos identificables.","{""source_box"": [1.0, 0.0, 214.33333333333334, 320.0], ""coordinate_space"": ""exif_oriented_source_pixels"", ""source_sha256"": ""aba68f23f78b91e3c6c5be85bfb7da2e7e9c20ea68652184db02d16d85aecec4"", ""reason"": ""Se retira 1 px del fondo azul del borde izquierdo y 5,6667 px del fondo verde derecho. La inspección ampliada por columnas conserva las letras verticales de Colección, los extremos del título, el bloque azul, la estampilla y ambos logotipos; las franjas retiradas no contienen trazos identificables.""}",generated/digital-batch/pending-images/Ebook/Matematicas/portadas/ebook-e7ad27a2d7986fb8.webp,"{""width"": 220, ""height"": 320}","{""width"": 720, ""height"": 1080}",86,24820,2dda50c069e44ffec3c4113e18080f07dad2dd93599efef1c6a450e02597a061
EBOOK,Ebook/inventario.csv,182,Iniciación a las matemáticas,Juan Manuel García Dozagarat; Fernando Alonso Molina,Matemáticas,https://elibro.puce.elogim.com/es/lc/puce/titulos/49195,Matemáticas/originales/Iniciación a las matemáticas - Juan Manuel García Dozagarat; Fernando Alonso Molina.jpg,covers/Ebook/Matemáticas/originales/Iniciación a las matemáticas - Juan Manuel García Dozagarat; Fernando Alonso Molina.jpg,72415bf7e56ac081194fc23727d1a0ec54b8f50f51d6826e014f7d3e033570b6,Ebook/Matematicas/portadas/ebook-47d0e535b02ad600.webp,,METADATOS_PENDIENTES,Falta la editorial.; Falta un idioma válido.,"[""Falta la editorial."", ""Falta un idioma válido.""]",77,approved,"Se retiran exclusivamente los 6,6667 px derechos de margen blanco. La banda azul redondeada, su regla roja, el texto educación.es y los demás elementos terminan antes de x=213,3333; se conserva intacto el lateral izquierdo con emblemas a sangre.","{""source_box"": [0.0, 0.0, 213.33333333333334, 320.0], ""coordinate_space"": ""exif_oriented_source_pixels"", ""source_sha256"": ""72415bf7e56ac081194fc23727d1a0ec54b8f50f51d6826e014f7d3e033570b6"", ""reason"": ""Se retiran exclusivamente los 6,6667 px derechos de margen blanco. La banda azul redondeada, su regla roja, el texto educación.es y los demás elementos terminan antes de x=213,3333; se conserva intacto el lateral izquierdo con emblemas a sangre.""}",generated/digital-batch/pending-images/Ebook/Matematicas/portadas/ebook-47d0e535b02ad600.webp,"{""width"": 220, ""height"": 320}","{""width"": 720, ""height"": 1080}",86,16736,ec90efc8b0dc80ea5b971bbbd220b566f558b5bad19691d9b412bb9a5853dcdc
EBOOK,Ebook/inventario.csv,183,Introducción a las matemáticas,"Arévalo Ovalle, Diego; Zambrano Valentín, Martha Helena; Chappe Chappe, Angélica",Matemáticas,https://elibro.puce.elogim.com/es/lc/puce/titulos/70987,"Matemáticas/originales/Introducción a las matemáticas - Arévalo Ovalle, Diego; Zambrano Valentín, Martha Helena; Chappe Chappe, Angélica.jpg","covers/Ebook/Matemáticas/originales/Introducción a las matemáticas - Arévalo Ovalle, Diego; Zambrano Valentín, Martha Helena; Chappe Chappe, Angélica.jpg",9909240c26186aee459d54640eac7dba64ed07e442f64350eba15609ed9af01c,Ebook/Matematicas/portadas/ebook-0bb555fed263f27e.webp,,METADATOS_PENDIENTES,Falta la editorial.; Falta un idioma válido.,"[""Falta la editorial."", ""Falta un idioma válido.""]",,automatic_normalization,,,generated/digital-batch/pending-images/Ebook/Matematicas/portadas/ebook-0bb555fed263f27e.webp,"{""width"": 220, ""height"": 320}","{""width"": 720, ""height"": 1080}",86,39800,b990f416317029f7a73cc67304a91f675d421d6a91803a21bb23a12146efb207
EBOOK,Ebook/inventario.csv,184,Las matemáticas de la luz,"Timón, Ágata; León, Manuel de",Matemáticas,https://elibro.puce.elogim.com/es/lc/puce/titulos/100206,"Matemáticas/originales/Las matemáticas de la luz - Timón, Ágata; León, Manuel de.jpg","covers/Ebook/Matemáticas/originales/Las matemáticas de la luz - Timón, Ágata; León, Manuel de.jpg",4d25a10fd404d7f0b345db611ad2f48327b16d518df054364e3e461c76f7bb6e,Ebook/Matematicas/portadas/ebook-130f04b7f33dfe76.webp,,METADATOS_PENDIENTES,Falta la editorial.; Falta un idioma válido.,"[""Falta la editorial."", ""Falta un idioma válido.""]",,automatic_normalization,,,generated/digital-batch/pending-images/Ebook/Matematicas/portadas/ebook-130f04b7f33dfe76.webp,"{""width"": 220, ""height"": 320}","{""width"": 720, ""height"": 1080}",86,44082,12169133b04cf14e8ed8ebe7d28ed062b0be336477140f74a80a7efb98083c70
EBOOK,Ebook/inventario.csv,185,Las matemáticas de los cristales,"León, Manuel de; Timón, Ágata",Matemáticas,https://elibro.puce.elogim.com/es/lc/puce/titulos/41821,"Matemáticas/originales/Las matemáticas de los cristales - León, Manuel de; Timón, Ágata.jpg","covers/Ebook/Matemáticas/originales/Las matemáticas de los cristales - León, Manuel de; Timón, Ágata.jpg",adbeb04602c54f8fa9924b542b888454ca3f1bb8cf234034097b356c50da2cbf,Ebook/Matematicas/portadas/ebook-eca4b568c194b9d0.webp,,METADATOS_PENDIENTES,Falta la editorial.; Falta un idioma válido.,"[""Falta la editorial."", ""Falta un idioma válido.""]",78,approved,"El recorte centrado quita únicamente 3,3333 px blancos por lado. Se comprobaron ampliados los dos extremos horizontales del cristal, que quedan dentro del encuadre; título, autores y los dos logotipos inferiores permanecen completos.","{""source_box"": [3.3333333333333286, 0.0, 216.66666666666669, 320.0], ""coordinate_space"": ""exif_oriented_source_pixels"", ""source_sha256"": ""adbeb04602c54f8fa9924b542b888454ca3f1bb8cf234034097b356c50da2cbf"", ""reason"": ""El recorte centrado quita únicamente 3,3333 px blancos por lado. Se comprobaron ampliados los dos extremos horizontales del cristal, que quedan dentro del encuadre; título, autores y los dos logotipos inferiores permanecen completos.""}",generated/digital-batch/pending-images/Ebook/Matematicas/portadas/ebook-eca4b568c194b9d0.webp,"{""width"": 220, ""height"": 320}","{""width"": 720, ""height"": 1080}",86,55068,89dfe0bb7b0016671b5e1b3d8f79b251587221f4199d570bd65f42ee2dfeed23
EBOOK,Ebook/inventario.csv,186,Las matemáticas de nuestra vida,"Sepulcre Martínez, Juan Matías; Segura Abad, Lorena; Mulero González, Julio",Matemáticas,https://elibro.puce.elogim.com/es/lc/puce/titulos/117208,"Matemáticas/originales/Las matemáticas de nuestra vida - Sepulcre Martínez, Juan Matías; Segura Abad, Lorena; Mulero González, Julio.jpg","covers/Ebook/Matemáticas/originales/Las matemáticas de nuestra vida - Sepulcre Martínez, Juan Matías; Segura Abad, Lorena; Mulero González, Julio.jpg",284db4bfb7121de4c4b9cb6bf0d487be28662cd5f9fb27765aebda219a835c3b,Ebook/Matematicas/portadas/ebook-f8eb2117edbe4873.webp,,METADATOS_PENDIENTES,Falta la editorial.; Falta un idioma válido.,"[""Falta la editorial."", ""Falta un idioma válido.""]",,automatic_normalization,,,generated/digital-batch/pending-images/Ebook/Matematicas/portadas/ebook-f8eb2117edbe4873.webp,"{""width"": 220, ""height"": 320}","{""width"": 720, ""height"": 1080}",86,35152,43612a5f46cc52564d6e9ce3e4c698f3bac92a56194c778c7c36814be9784964
EBOOK,Ebook/inventario.csv,187,Las matemáticas ocultas,"Jamet, Robin",Matemáticas,https://elibro.puce.elogim.com/es/lc/puce/titulos/122863,"Matemáticas/originales/Las matemáticas ocultas - Jamet, Robin.jpg","covers/Ebook/Matemáticas/originales/Las matemáticas ocultas - Jamet, Robin.jpg",cebf0e3613ad7d2daaf84d8b6de4c5d4e94720abfa3e646fa83e9a2334c1b375,Ebook/Matematicas/portadas/ebook-dc02b5a84a5bfb29.webp,,METADATOS_PENDIENTES,Falta la editorial.; Falta un idioma válido.,"[""Falta la editorial."", ""Falta un idioma válido.""]",,automatic_normalization,,,generated/digital-batch/pending-images/Ebook/Matematicas/portadas/ebook-dc02b5a84a5bfb29.webp,"{""width"": 220, ""height"": 320}","{""width"": 720, ""height"": 1080}",86,36168,ce33116a73861ef3fd468b702be5d86c23698bad79ec232f511173896e30c07a
EBOOK,Ebook/inventario.csv,188,Lo imposible en matemáticas,"Prieto de Castro, Carlos",Matemáticas,https://elibro.puce.elogim.com/es/lc/puce/titulos/37796,"Matemáticas/originales/Lo imposible en matemáticas - Prieto de Castro, Carlos.jpg","covers/Ebook/Matemáticas/originales/Lo imposible en matemáticas - Prieto de Castro, Carlos.jpg",c4200fde125389ebd26bde460c9b2e5f3dd53efbd257484bbf2ab92da554a5c5,Ebook/Matematicas/portadas/ebook-d3d40c615e3ed52f.webp,,METADATOS_PENDIENTES,Falta la editorial.; Falta un idioma válido.,"[""Falta la editorial."", ""Falta un idioma válido.""]",,automatic_normalization,,,generated/digital-batch/pending-images/Ebook/Matematicas/portadas/ebook-d3d40c615e3ed52f.webp,"{""width"": 220, ""height"": 320}","{""width"": 720, ""height"": 1080}",86,54196,fdb50b221f8742173b68275e3e485a432265b36491c7dffea81b50d8e180c6e6
EBOOK,Ebook/inventario.csv,189,Matemática 1,"Ayarza, Mercedes; Reyna, Juliana; Tuffilaro, Darío",Matemáticas,https://elibro.puce.elogim.com/es/lc/puce/titulos/113108,"Matemáticas/originales/Matemática 1 - Ayarza, Mercedes; Reyna, Juliana; Tuffilaro, Darío.jpg","covers/Ebook/Matemáticas/originales/Matemática 1 - Ayarza, Mercedes; Reyna, Juliana; Tuffilaro, Darío.jpg",d9935c085982173b581db5b5c01e89285816cde0248397483344d88ab96fb1a4,Ebook/Matematicas/portadas/ebook-15350b11c44ff8b9.webp,,REVISION_ENCUADRE,No existe un crop seguro para las marcas protegidas.,"[""Falta la editorial."", ""Falta un idioma válido.""]",79,impossible,La fotografía de cables llena todo el ancho y llega a ambos bordes. No hay margen lateral vacío; cualquier recorte elimina hilos de la fotografía.,,,"{""width"": 220, ""height"": 320}",,,,
EBOOK,Ebook/inventario.csv,190,Matemática en espiral,"Falconí Asanza, Aldo; Hernández Crespo, Franco Manuel",Matemáticas,https://elibro.puce.elogim.com/es/lc/puce/titulos/131900,"Matemáticas/originales/Matemática en espiral - Falconí Asanza, Aldo; Hernández Crespo, Franco Manuel.jpg","covers/Ebook/Matemáticas/originales/Matemática en espiral - Falconí Asanza, Aldo; Hernández Crespo, Franco Manuel.jpg",b5ae548ae42598a32d8b7607a420a8086240a1905ef9ede7e4b2e3c363bc4a6b,Ebook/Matematicas/portadas/ebook-f92c6a802890688d.webp,,METADATOS_PENDIENTES,Falta la editorial.; Falta un idioma válido.,"[""Falta la editorial."", ""Falta un idioma válido.""]",,automatic_normalization,,,generated/digital-batch/pending-images/Ebook/Matematicas/portadas/ebook-f92c6a802890688d.webp,"{""width"": 220, ""height"": 320}","{""width"": 720, ""height"": 1080}",86,62300,602d19f2051a10b0b7c256cd3f943e2d8bf57ae890302552e1d6472524d629f5
EBOOK,Ebook/inventario.csv,191,Matemática estructural,"Forero Cuervo, Andrés",Matemáticas,https://elibro.puce.elogim.com/es/lc/puce/titulos/69334,"Matemáticas/originales/Matemática estructural - Forero Cuervo, Andrés.jpg","covers/Ebook/Matemáticas/originales/Matemática estructural - Forero Cuervo, Andrés.jpg",2fff8bb6f52cf4dc144891bb6141c3d09d9ef7a3596d9d36cc660a15a9c1789c,Ebook/Matematicas/portadas/ebook-ecb575e0c500e089.webp,,METADATOS_PENDIENTES,Falta la editorial.; Falta un idioma válido.,"[""Falta la editorial."", ""Falta un idioma válido.""]",,automatic_normalization,,,generated/digital-batch/pending-images/Ebook/Matematicas/portadas/ebook-ecb575e0c500e089.webp,"{""width"": 220, ""height"": 320}","{""width"": 720, ""height"": 1080}",86,37082,e67d4964b228d5d977646edaeea3a96fa94cd07a2305dec08aef94134feb5825
EBOOK,Ebook/inventario.csv,192,Matemática para Iñaki,"Zalduendo, Ignacio",Matemáticas,https://elibro.puce.elogim.com/es/lc/puce/titulos/37790,"Matemáticas/originales/Matemática para Iñaki - Zalduendo, Ignacio.jpg","covers/Ebook/Matemáticas/originales/Matemática para Iñaki - Zalduendo, Ignacio.jpg",b2b915dfe711284537fabf4b4c467cad2a3a01b8b8e34726fcc477444f06423f,Ebook/Matematicas/portadas/ebook-0d6f86c43e244bb7.webp,,REVISION_ENCUADRE,No existe un crop seguro para las marcas protegidas.,"[""Falta la editorial."", ""Falta un idioma válido.""]",80,impossible,La imagen estelar llega a ambos lados y el marcador rojo de colección toca el izquierdo. No existe franja vacía continua; recortar alteraría la ilustración de cielo y su diseño lateral.,,,"{""width"": 220, ""height"": 320}",,,,
EBOOK,Ebook/inventario.csv,193,Matemáticas 3 (2a. ed.),"Ortiz Campos, Francisco José",Matemáticas,https://elibro.puce.elogim.com/es/lc/puce/titulos/39472,"Matemáticas/originales/Matemáticas 3 (2a. ed.) - Ortiz Campos, Francisco José.jpg","covers/Ebook/Matemáticas/originales/Matemáticas 3 (2a. ed.) - Ortiz Campos, Francisco José.jpg",1c1a6c9976235f659e70e84e51436c2c93930055141650cc9eba37bb5bcf7630,Ebook/Matematicas/portadas/ebook-7ec1ff8d2f6b4fcb.webp,,REVISION_ENCUADRE,No existe un crop seguro para las marcas protegidas.,"[""Falta la editorial."", ""Falta un idioma válido.""]",81,impossible,"La fotografía de estructura arquitectónica ocupa ambos laterales arriba; además, la cifra 3 está pegada al borde derecho. Ningún desplazamiento lateral evita perder fotografía o contenido editorial.",,,"{""width"": 220, ""height"": 320}",,,,
EBOOK,Ebook/inventario.csv,194,Matemáticas 4 (2a. ed.),"Ortiz Campos, Francisco José; Ortiz Cerecedo, Fernando José",Matemáticas,https://elibro.puce.elogim.com/es/lc/puce/titulos/40361,"Matemáticas/originales/Matemáticas 4 (2a. ed.) - Ortiz Campos, Francisco José; Ortiz Cerecedo, Fernando José.jpg","covers/Ebook/Matemáticas/originales/Matemáticas 4 (2a. ed.) - Ortiz Campos, Francisco José; Ortiz Cerecedo, Fernando José.jpg",fb502b0fa600bf8d58737adaa3414401a7cb4f868e3644fbf4d03100c41ec207,Ebook/Matematicas/portadas/ebook-b42b2fb3938194aa.webp,,REVISION_ENCUADRE,No existe un crop seguro para las marcas protegidas.,"[""Falta la editorial."", ""Falta un idioma válido.""]",82,impossible,La fotografía de paneles geométricos llena todo el ancho superior y la cifra 4 se acerca al extremo derecho. Eliminar anchura por cualquiera de los lados corta la fotografía.,,,"{""width"": 220, ""height"": 320}",,,,
EBOOK,Ebook/inventario.csv,195,Matemáticas aplicadas. Ámbito de ciencias aplicadas,"Docampo Naray, María Isabel; Fraga Paz, Rebeca",Matemáticas,https://elibro.puce.elogim.com/es/lc/puce/titulos/305407,"Matemáticas/originales/Matemáticas aplicadas. Ámbito de ciencias aplicadas - Docampo Naray, María Isabel; Fraga Paz, Rebeca.jpg","covers/Ebook/Matemáticas/originales/Matemáticas aplicadas. Ámbito de ciencias aplicadas - Docampo Naray, María Isabel; Fraga Paz, Rebeca.jpg",b1982cded50f9fb3e4df3b9bb5f56d2a5acd327e51366b8de5ed56f12ba4c2a2,Ebook/Matematicas/portadas/ebook-72e8b24c014f4562.webp,,REVISION_ENCUADRE,No existe un crop seguro para las marcas protegidas.,"[""Falta la editorial."", ""Falta un idioma válido.""]",83,impossible,"La regla blanca que cruza el título recorre la cubierta de borde a borde. Aunque el fondo naranja deje aire alrededor de los iconos, retirar una franja lateral cortaría la regla del diseño y no solo fondo vacío.",,,"{""width"": 220, ""height"": 320}",,,,
EBOOK,Ebook/inventario.csv,196,Matemáticas básicas,Falcón Santana Sergio,Matemáticas,https://elibro.puce.elogim.com/es/lc/puce/titulos/57193,Matemáticas/originales/Matemáticas básicas - Falcón Santana Sergio.jpg,covers/Ebook/Matemáticas/originales/Matemáticas básicas - Falcón Santana Sergio.jpg,5d3a57ad32dc2225989f3537ee3ec820852c2a4d149233d5a35968959c779fc0,Ebook/Matematicas/portadas/ebook-cf9e385abf059d32.webp,,REVISION_ENCUADRE,No existe un crop seguro para las marcas protegidas.,"[""Falta la editorial."", ""Falta un idioma válido.""]",84,impossible,"Las reglas horizontales grises y azules sobre el pie negro recorren ambos bordes. No hay margen externo lateral continuo; cualquier crop cortaría esas reglas, aunque el título y los logotipos queden dentro.",,,"{""width"": 220, ""height"": 320}",,,,
EBOOK,Ebook/inventario.csv,197,Matemáticas básicas (4a. ed.),"Escudero Trujillo, Rafael",Matemáticas,https://elibro.puce.elogim.com/es/lc/puce/titulos/69967,"Matemáticas/originales/Matemáticas básicas (4a. ed.) - Escudero Trujillo, Rafael.jpg","covers/Ebook/Matemáticas/originales/Matemáticas básicas (4a. ed.) - Escudero Trujillo, Rafael.jpg",c85e3362b52bb4cd331ec9da8fa24f60b99ac16c46a2b5764b6086dd53fa3922,Ebook/Matematicas/portadas/ebook-b2ba6d8bffd99663.webp,,METADATOS_PENDIENTES,Falta la editorial.; Falta un idioma válido.,"[""Falta la editorial."", ""Falta un idioma válido.""]",,automatic_normalization,,,generated/digital-batch/pending-images/Ebook/Matematicas/portadas/ebook-b2ba6d8bffd99663.webp,"{""width"": 220, ""height"": 320}","{""width"": 720, ""height"": 1080}",86,42392,b171e32573ef4a11acdacafe0f237f01652b41734056fb07c0a9f396f251868a
EBOOK,Ebook/inventario.csv,198,Matemáticas para informática,"Gutiérrez García, Ismael",Matemáticas,https://elibro.puce.elogim.com/es/lc/puce/titulos/70065,"Matemáticas/originales/Matemáticas para informática - Gutiérrez García, Ismael.jpg","covers/Ebook/Matemáticas/originales/Matemáticas para informática - Gutiérrez García, Ismael.jpg",ce6955f28e6d9c5b387528432900060a05c6e55bdcddef0a6a7e765b2bc5419d,Ebook/Matematicas/portadas/ebook-8c07a729adc3d280.webp,,REVISION_ENCUADRE,No existe un crop seguro para las marcas protegidas.,"[""Falta la editorial."", ""Falta un idioma válido.""]",85,impossible,"El patrón de números y el diagrama de nodos se prolongan hasta ambos extremos del fondo. Se trata de ilustración identificable a sangre, sin franja lateral vacía para quitar 6,6667 px.",,,"{""width"": 220, ""height"": 320}",,,,
EBOOK,Ebook/inventario.csv,199,Matemáticas y ajedrez,"Iagar, Razvan Gabriel",Matemáticas,https://elibro.puce.elogim.com/es/lc/puce/titulos/41882,"Matemáticas/originales/Matemáticas y ajedrez - Iagar, Razvan Gabriel.jpg","covers/Ebook/Matemáticas/originales/Matemáticas y ajedrez - Iagar, Razvan Gabriel.jpg",eea5e9798ddcae8be487c8f7015200f0763eac3b30f7a403732f0d1ed55157f0,Ebook/Matematicas/portadas/ebook-09619af9e3ab2239.webp,,REVISION_ENCUADRE,No existe un crop seguro para las marcas protegidas.,"[""Falta la editorial."", ""Falta un idioma válido.""]",86,impossible,Las fórmulas manuscritas del fondo alcanzan los dos bordes; abajo también lo hace el tablero. Recortar por cualquier lado elimina trazos y fotografía de la cubierta.,,,"{""width"": 220, ""height"": 320}",,,,
EBOOK,Ebook/inventario.csv,200,Pensar en la matemática,"Lorenzo Martínez, Javier de",Matemáticas,https://elibro.puce.elogim.com/es/lc/puce/titulos/162803,"Matemáticas/originales/Pensar en la matemática - Lorenzo Martínez, Javier de.jpg","covers/Ebook/Matemáticas/originales/Pensar en la matemática - Lorenzo Martínez, Javier de.jpg",3d7308bd0931a5fadeb24c9ef313ee4b36cab2ce64409178820a3003a3c9be44,Ebook/Matematicas/portadas/ebook-c2773c7db8f50e89.webp,,METADATOS_PENDIENTES,Falta la editorial.; Falta un idioma válido.,"[""Falta la editorial."", ""Falta un idioma válido.""]",,automatic_normalization,,,generated/digital-batch/pending-images/Ebook/Matematicas/portadas/ebook-c2773c7db8f50e89.webp,"{""width"": 220, ""height"": 320}","{""width"": 720, ""height"": 1080}",86,17760,5b39c0f5ef04394cd21e4dac654e3270a16559a0f6fc1b7586d2f7a0227c78b4
EBOOK,Ebook/inventario.csv,201,Vivir las matemáticas (4a. ed.),"Canals Tolosa, Maria Antònia",Matemáticas,https://elibro.puce.elogim.com/es/lc/puce/titulos/61949,"Matemáticas/originales/Vivir las matemáticas (4a. ed.) - Canals Tolosa, Maria Antònia.jpg","covers/Ebook/Matemáticas/originales/Vivir las matemáticas (4a. ed.) - Canals Tolosa, Maria Antònia.jpg",a904668bbd8fd1ea5f92537a720fb6374b01215480925e201f9cc560b3729d03,Ebook/Matematicas/portadas/ebook-bb9d3378a4165548.webp,,REVISION_ENCUADRE,No existe un crop seguro para las marcas protegidas.,"[""Falta la editorial."", ""Falta un idioma válido.""]",87,impossible,La fotografía de personas y suelo ocupa todo el ancho inferior. Los fondos planos de arriba no proporcionan un margen vacío continuo a lo largo de la cubierta.,,,"{""width"": 220, ""height"": 320}",,,,
EBOOK,Ebook/inventario.csv,202,Anatomía general,"Gutiérrez, Francisco",Medicina,https://elibro.puce.elogim.com/es/lc/puce/titulos/36379,"Medicina/originales/Anatomía general - Gutiérrez, Francisco.jpg","covers/Ebook/Medicina/originales/Anatomía general - Gutiérrez, Francisco.jpg",d30a8586f2436d7b4fb4e10a1d0f79c5f8321ffebe8bb33d0f3b1d4366b55bf7,Ebook/medicina/portadas/ebook-36d210b116c5c9e4.webp,,METADATOS_PENDIENTES,Falta la editorial.; Falta un idioma válido.,"[""Falta la editorial."", ""Falta un idioma válido.""]",,automatic_normalization,,,generated/digital-batch/pending-images/Ebook/medicina/portadas/ebook-36d210b116c5c9e4.webp,"{""width"": 220, ""height"": 320}","{""width"": 720, ""height"": 1080}",86,15170,9e3687e0be51ce9e3972acd55a5643e1afff3344469d5a5ceab134c5eb61584b
EBOOK,Ebook/inventario.csv,203,Anatomía y fisiología humana (2a. ed.),"Le Vay, David",Medicina,https://elibro.puce.elogim.com/es/lc/puce/titulos/119186,"Medicina/originales/Anatomía y fisiología humana (2a. ed.) - Le Vay, David.jpg","covers/Ebook/Medicina/originales/Anatomía y fisiología humana (2a. ed.) - Le Vay, David.jpg",fa7626c71da6a22a8cbac391db9102e387e7a7cd122430b27174ba63ed5b5b92,Ebook/medicina/portadas/ebook-1c235256963e8c69.webp,,REVISION_ENCUADRE,No existe un crop seguro para las marcas protegidas.,"[""Falta la editorial."", ""Falta un idioma válido.""]",88,impossible,La ilustración anatómica llega a ambos bordes y las líneas blancas de encuadre también cruzan los extremos. Un crop lateral afectaría contenido anatómico/diseño real.,,,"{""width"": 220, ""height"": 320}",,,,
EBOOK,Ebook/inventario.csv,204,Aprenda medicina sonriendo... (2a. ed.),"Ruiz Speare, José Octavio; Alberto Barrón Vargas",Medicina,https://elibro.puce.elogim.com/es/lc/puce/titulos/40320,"Medicina/originales/Aprenda medicina sonriendo... (2a. ed.) - Ruiz Speare, José Octavio; Alberto Barrón Vargas.jpg","covers/Ebook/Medicina/originales/Aprenda medicina sonriendo... (2a. ed.) - Ruiz Speare, José Octavio; Alberto Barrón Vargas.jpg",fbe2ce91ef6a0b742e8874f503afcb8b3b9e1aa17108018546e3c0c9f91666f6,Ebook/medicina/portadas/ebook-717238e38e907656.webp,,REVISION_ENCUADRE,No existe un crop seguro para las marcas protegidas.,"[""Falta la editorial."", ""Falta un idioma válido.""]",89,impossible,"El libro ilustrado y la composición fotográfica llegan al lado izquierdo, y la mano enguantada y el fondo fotográfico al derecho. Ninguno de los laterales ofrece margen vacío continuo.",,,"{""width"": 220, ""height"": 320}",,,,
EBOOK,Ebook/inventario.csv,205,Bioquímica para Medicina,"Araque Marín, Pedronel",Medicina,https://elibro.puce.elogim.com/es/lc/puce/titulos/223081,"Medicina/originales/Bioquímica para Medicina - Araque Marín, Pedronel.jpg","covers/Ebook/Medicina/originales/Bioquímica para Medicina - Araque Marín, Pedronel.jpg",90bfd3b9f63b02e26e1a3a1667766fc4e6c44ada0cd1ee8ccc003a0cdac55514,Ebook/medicina/portadas/ebook-8bacb70c2a10b291.webp,,METADATOS_PENDIENTES,Falta la editorial.; Falta un idioma válido.,"[""Falta la editorial."", ""Falta un idioma válido.""]",,automatic_normalization,,,generated/digital-batch/pending-images/Ebook/medicina/portadas/ebook-8bacb70c2a10b291.webp,"{""width"": 220, ""height"": 320}","{""width"": 720, ""height"": 1080}",86,54766,37d3bf68f548251c0206fad7b927a3ddf72d5697e1ca494c4b989fb8c396e90f
EBOOK,Ebook/inventario.csv,206,Biotecnología aplicada a la medicina,"Tresguerres, Jesús Ángel; Martínez Fernández, Vicente; Navas Serrano, Víctor",Medicina,https://elibro.puce.elogim.com/es/lc/puce/titulos/53028,"Medicina/originales/Biotecnología aplicada a la medicina - Tresguerres, Jesús Ángel; Martínez Fernández, Vicente; Navas Serrano, Víctor.jpg","covers/Ebook/Medicina/originales/Biotecnología aplicada a la medicina - Tresguerres, Jesús Ángel; Martínez Fernández, Vicente; Navas Serrano, Víctor.jpg",fb3c7622ffc74a1a77e2ef81114493a1bdf6425cbde88537b387120453d14ccd,Ebook/medicina/portadas/ebook-1013c1955d12bfac.webp,,METADATOS_PENDIENTES,Falta la editorial.; Falta un idioma válido.,"[""Falta la editorial."", ""Falta un idioma válido.""]",90,approved,"El recorte centrado retira 3,3333 px por lado de textura continua de fondo beige, sin sujeto, objeto, trazo ornamental ni marco identificable en esas franjas. La ampliación confirma que el título, autores y logotipo quedan íntegros y separados del límite; solo cambia una porción diminuta del fondo repetitivo.","{""source_box"": [3.3333333333333286, 0.0, 216.66666666666669, 320.0], ""coordinate_space"": ""exif_oriented_source_pixels"", ""source_sha256"": ""fb3c7622ffc74a1a77e2ef81114493a1bdf6425cbde88537b387120453d14ccd"", ""reason"": ""El recorte centrado retira 3,3333 px por lado de textura continua de fondo beige, sin sujeto, objeto, trazo ornamental ni marco identificable en esas franjas. La ampliación confirma que el título, autores y logotipo quedan íntegros y separados del límite; solo cambia una porción diminuta del fondo repetitivo.""}",generated/digital-batch/pending-images/Ebook/medicina/portadas/ebook-1013c1955d12bfac.webp,"{""width"": 220, ""height"": 320}","{""width"": 720, ""height"": 1080}",86,57686,0fbeab76ed9dbfcc7073b10821059f68587b0bfb63ee346de8083197f5027cf3
EBOOK,Ebook/inventario.csv,207,Cómo estudiar anatomía,Emilio Martínez Marrero,Medicina,https://elibro.puce.elogim.com/es/lc/puce/titulos/69845,Medicina/originales/Cómo estudiar anatomía - Emilio Martínez Marrero.jpg,covers/Ebook/Medicina/originales/Cómo estudiar anatomía - Emilio Martínez Marrero.jpg,77fb5bc87135a5c15fbfc1cd4ff158328b91f4eeb2108e9d848088899ef8cfc6,Ebook/medicina/portadas/ebook-2ac65a32c913b4fc.webp,,REVISION_ENCUADRE,No existe un crop seguro para las marcas protegidas.,"[""Falta la editorial."", ""Falta un idioma válido.""]",91,impossible,"Las láminas anatómicas ocupan los dos laterales, en los cuadrantes superiores e inferiores. No hay franja exterior libre; cualquier distribución del recorte corta las ilustraciones.",,,"{""width"": 220, ""height"": 320}",,,,
EBOOK,Ebook/inventario.csv,208,Diccionario etimológico de medicina,"Segura Munguía, Santiago",Medicina,https://elibro.puce.elogim.com/es/lc/puce/titulos/42785,"Medicina/originales/Diccionario etimológico de medicina - Segura Munguía, Santiago.jpg","covers/Ebook/Medicina/originales/Diccionario etimológico de medicina - Segura Munguía, Santiago.jpg",f8fbbc981aa637c27ebc04d25353f88dc0e50f3195fc7c99c0119c8eabec1ca7,Ebook/medicina/portadas/ebook-732305bbd6f1cb11.webp,,METADATOS_PENDIENTES,Falta la editorial.; Falta un idioma válido.,"[""Falta la editorial."", ""Falta un idioma válido.""]",,automatic_normalization,,,generated/digital-batch/pending-images/Ebook/medicina/portadas/ebook-732305bbd6f1cb11.webp,"{""width"": 220, ""height"": 320}","{""width"": 720, ""height"": 1080}",86,27634,92bef533d43eb388375fddd1cf9f62d73790a6a868f0266248d6b51c478e0028
EBOOK,Ebook/inventario.csv,209,El ABC de la medicina interna,"Moreno Sánchez, Francisco; Jáuregui Camargo, Laura; Halabe Cherem, José",Medicina,https://elibro.puce.elogim.com/es/lc/puce/titulos/72757,"Medicina/originales/El ABC de la medicina interna - Moreno Sánchez, Francisco; Jáuregui Camargo, Laura; Halabe Cherem, José.jpg","covers/Ebook/Medicina/originales/El ABC de la medicina interna - Moreno Sánchez, Francisco; Jáuregui Camargo, Laura; Halabe Cherem, José.jpg",fbc018276ef1a46da028f863b043e0b82ca51d7bea62b1b825ea8ebcebf1ec7a,Ebook/medicina/portadas/ebook-3adc3af0416192dc.webp,,METADATOS_PENDIENTES,Falta la editorial.; Falta un idioma válido.,"[""Falta la editorial."", ""Falta un idioma válido.""]",,automatic_normalization,,,generated/digital-batch/pending-images/Ebook/medicina/portadas/ebook-3adc3af0416192dc.webp,"{""width"": 220, ""height"": 320}","{""width"": 720, ""height"": 1080}",86,52832,4a54fe4ac78f0bafcd6242d0abe47afcd318d9f5960cd988bb30d6d7a3324373
EBOOK,Ebook/inventario.csv,210,El lenguaje de la medicina,"Sarmiento González, Ramón; Vilches Vivancos, Fernando",Medicina,https://elibro.puce.elogim.com/es/lc/puce/titulos/58272,"Medicina/originales/El lenguaje de la medicina - Sarmiento González, Ramón; Vilches Vivancos, Fernando.jpg","covers/Ebook/Medicina/originales/El lenguaje de la medicina - Sarmiento González, Ramón; Vilches Vivancos, Fernando.jpg",ec371f50ee7cb5004130fabf39d27ad6dd682ad7a3558eeb7f214c06c8f54588,Ebook/medicina/portadas/ebook-02ab3e1a2d1bf720.webp,,METADATOS_PENDIENTES,Falta la editorial.; Falta un idioma válido.,"[""Falta la editorial."", ""Falta un idioma válido.""]",,automatic_normalization,,,generated/digital-batch/pending-images/Ebook/medicina/portadas/ebook-02ab3e1a2d1bf720.webp,"{""width"": 220, ""height"": 320}","{""width"": 720, ""height"": 1080}",86,29722,9a62dd0758d882aa7b62af635d16b5b66189068317834dd36bbd19f33101852b
EBOOK,Ebook/inventario.csv,211,Electrocardiografía en medicina prehospitalaria,"Illescas Fernández, Gerardo José",Medicina,https://elibro.puce.elogim.com/es/lc/puce/titulos/73456,"Medicina/originales/Electrocardiografía en medicina prehospitalaria - Illescas Fernández, Gerardo José.jpg","covers/Ebook/Medicina/originales/Electrocardiografía en medicina prehospitalaria - Illescas Fernández, Gerardo José.jpg",9fa48361a3e472f44dcfdd1efb05415b345c1c856686d9d856352abbcb2209a2,Ebook/medicina/portadas/ebook-a9d3e8cac852073e.webp,,METADATOS_PENDIENTES,Falta la editorial.; Falta un idioma válido.,"[""Falta la editorial."", ""Falta un idioma válido.""]",,automatic_normalization,,,generated/digital-batch/pending-images/Ebook/medicina/portadas/ebook-a9d3e8cac852073e.webp,"{""width"": 220, ""height"": 320}","{""width"": 720, ""height"": 1080}",86,59526,9c429e51343b4261dc89222c80f9d6451db99df25a268c95218f4dd26fd47125
EBOOK,Ebook/inventario.csv,212,Fundamentos de la medicina forense,"Pérez Pérez, Rosa M.",Medicina,https://elibro.puce.elogim.com/es/lc/puce/titulos/58579,"Medicina/originales/Fundamentos de la medicina forense - Pérez Pérez, Rosa M..jpg","covers/Ebook/Medicina/originales/Fundamentos de la medicina forense - Pérez Pérez, Rosa M..jpg",55e509c6fcc4390a0595414606750e3a60073182a239f182cb6ae772f9852127,Ebook/medicina/portadas/ebook-83015172611403ff.webp,,METADATOS_PENDIENTES,Falta la editorial.; Falta un idioma válido.,"[""Falta la editorial."", ""Falta un idioma válido.""]",,automatic_normalization,,,generated/digital-batch/pending-images/Ebook/medicina/portadas/ebook-83015172611403ff.webp,"{""width"": 220, ""height"": 320}","{""width"": 720, ""height"": 1080}",86,25930,293ad579ad84f5a71ffeb025e134e9d3e2f65f6b2b4d36760081eb3b26466cb4
EBOOK,Ebook/inventario.csv,213,Hacia la medicina del futuro,"Alcazar Montenegro, Heberto",Medicina,https://elibro.puce.elogim.com/es/lc/puce/titulos/72621,"Medicina/originales/Hacia la medicina del futuro - Alcazar Montenegro, Heberto.jpg","covers/Ebook/Medicina/originales/Hacia la medicina del futuro - Alcazar Montenegro, Heberto.jpg",0a07c07b60479520498c95ab66003f8fb03e238256b98a7e61456afd670d49db,Ebook/medicina/portadas/ebook-c62fc0afaeebeef1.webp,,METADATOS_PENDIENTES,Falta la editorial.; Falta un idioma válido.,"[""Falta la editorial."", ""Falta un idioma válido.""]",,automatic_normalization,,,generated/digital-batch/pending-images/Ebook/medicina/portadas/ebook-c62fc0afaeebeef1.webp,"{""width"": 220, ""height"": 320}","{""width"": 720, ""height"": 1080}",86,30068,b44e6508e3340edfc5a9f4616fd1ee9ab262527b87a392e8d854a702491a492f
EBOOK,Ebook/inventario.csv,214,Historia y filosofía de la medicina,"León Hernández, Saúl; Lara Padilla, Eleazar; Camarena Olmedo, Javier",Medicina,https://elibro.puce.elogim.com/es/lc/puce/titulos/73999,"Medicina/originales/Historia y filosofía de la medicina - León Hernández, Saúl; Lara Padilla, Eleazar; Camarena Olmedo, Javier.jpg","covers/Ebook/Medicina/originales/Historia y filosofía de la medicina - León Hernández, Saúl; Lara Padilla, Eleazar; Camarena Olmedo, Javier.jpg",648e6a185951c79bb06da771a155d0fe7b0fb0c4c280e0879b628c7a88c0c64f,Ebook/medicina/portadas/ebook-8538d91358940113.webp,,METADATOS_PENDIENTES,Falta la editorial.; Falta un idioma válido.,"[""Falta la editorial."", ""Falta un idioma válido.""]",,automatic_normalization,,,generated/digital-batch/pending-images/Ebook/medicina/portadas/ebook-8538d91358940113.webp,"{""width"": 220, ""height"": 320}","{""width"": 720, ""height"": 1080}",86,46624,f9472c6d9b883c33bfb1399027ef01c07401e10c41f3157387f8f66ee104f359
EBOOK,Ebook/inventario.csv,215,Introducción a la Medicina,"Barona, Josep Lluís",Medicina,https://elibro.puce.elogim.com/es/lc/puce/titulos/293446,"Medicina/originales/Introducción a la Medicina - Barona, Josep Lluís.jpg","covers/Ebook/Medicina/originales/Introducción a la Medicina - Barona, Josep Lluís.jpg",1908278a2778cdac160306fa5533568ae621a45ea71ad4f443ff11a63c90c27d,Ebook/medicina/portadas/ebook-8cc0d0f6ab2cc224.webp,,METADATOS_PENDIENTES,Falta la editorial.; Falta un idioma válido.,"[""Falta la editorial."", ""Falta un idioma válido.""]",,automatic_normalization,,,generated/digital-batch/pending-images/Ebook/medicina/portadas/ebook-8cc0d0f6ab2cc224.webp,"{""width"": 220, ""height"": 320}","{""width"": 720, ""height"": 1080}",86,29140,09f84dc38bd6390ff4e54197cd4faf6b346add3cd1e3c820f8a1797ca9016aa7
EBOOK,Ebook/inventario.csv,216,La física en la medicina (3a. ed.),"Piña Barba, María Cristina",Medicina,https://elibro.puce.elogim.com/es/lc/puce/titulos/71950,"Medicina/originales/La física en la medicina (3a. ed.) - Piña Barba, María Cristina.jpg","covers/Ebook/Medicina/originales/La física en la medicina (3a. ed.) - Piña Barba, María Cristina.jpg",87462e6bf065d09684f209674f6443c4ec2c06e8f52fbb4b777b58afbc35b445,Ebook/medicina/portadas/ebook-fd0821640112f205.webp,,METADATOS_PENDIENTES,Falta la editorial.; Falta un idioma válido.,"[""Falta la editorial."", ""Falta un idioma válido.""]",,automatic_normalization,,,generated/digital-batch/pending-images/Ebook/medicina/portadas/ebook-fd0821640112f205.webp,"{""width"": 220, ""height"": 320}","{""width"": 720, ""height"": 1080}",86,30834,9bf6533fec2a4f607b0a9da4c7d36463e53ec6d9b36d4b987b4503f016e0216f
EBOOK,Ebook/inventario.csv,217,La mujer en el ejercicio de la medicina,"Carrillo Esper, Raúl; Dubón Peniche, María del Carmen; Elizondo Argueta, Sandra; Carrillo Córdova, Dulce María",Medicina,https://elibro.puce.elogim.com/es/lc/puce/titulos/40870,"Medicina/originales/La mujer en el ejercicio de la medicina - Carrillo Esper, Raúl; Dubón Peniche, María del Carmen; Elizondo Argueta, Sandra; Carrillo Córdova, Dulce María.jpg","covers/Ebook/Medicina/originales/La mujer en el ejercicio de la medicina - Carrillo Esper, Raúl; Dubón Peniche, María del Carmen; Elizondo Argueta, Sandra; Carrillo Córdova, Dulce María.jpg",509287fb6fa0db0747b26357bb58fad57715d358f116505a69e7f1357c1a4372,Ebook/medicina/portadas/ebook-35f5ee7cd1dbd914.webp,,METADATOS_PENDIENTES,Falta la editorial.; Falta un idioma válido.,"[""Falta la editorial."", ""Falta un idioma válido.""]",,automatic_normalization,,,generated/digital-batch/pending-images/Ebook/medicina/portadas/ebook-35f5ee7cd1dbd914.webp,"{""width"": 220, ""height"": 320}","{""width"": 720, ""height"": 1080}",86,48950,638adbd975199d569b1aa8fd300caef428601aeeac6be6e87e32d6db2a531fa7
EBOOK,Ebook/inventario.csv,218,Láser en medicina,"Martí López, Luis; Altamirano Aguilar, Jorge H.",Medicina,https://elibro.puce.elogim.com/es/lc/puce/titulos/72229,"Medicina/originales/Láser en medicina - Martí López, Luis; Altamirano Aguilar, Jorge H..jpg","covers/Ebook/Medicina/originales/Láser en medicina - Martí López, Luis; Altamirano Aguilar, Jorge H..jpg",f6ac1a2b460ed9b9428f17c55f4e1ec573cd56a347861edd7b2ba0b3d362f2a9,Ebook/medicina/portadas/ebook-c2dfe127dab4c883.webp,,METADATOS_PENDIENTES,Falta la editorial.; Falta un idioma válido.,"[""Falta la editorial."", ""Falta un idioma válido.""]",,automatic_normalization,,,generated/digital-batch/pending-images/Ebook/medicina/portadas/ebook-c2dfe127dab4c883.webp,"{""width"": 220, ""height"": 320}","{""width"": 720, ""height"": 1080}",86,33602,40eeed0d457ac47b4585476bd5bfa98dca4110fcc9f6c5d5e9bb14a8b5cc861e
EBOOK,Ebook/inventario.csv,219,Manual de medicina paliativa,"Centeno Cortés, Carlos; Gómez Sancho, Marcos; Nabal Vicuña, María; Pascual López, Antonio",Medicina,https://elibro.puce.elogim.com/es/lc/puce/titulos/47085,"Medicina/originales/Manual de medicina paliativa - Centeno Cortés, Carlos; Gómez Sancho, Marcos; Nabal Vicuña, María; Pascual López, Antonio.jpg","covers/Ebook/Medicina/originales/Manual de medicina paliativa - Centeno Cortés, Carlos; Gómez Sancho, Marcos; Nabal Vicuña, María; Pascual López, Antonio.jpg",3d82673587ad0a3277a2f0ddfc7db3d27abcd46c5a1228241a75f7061ea33c22,Ebook/medicina/portadas/ebook-73116342027ce015.webp,,REVISION_ENCUADRE,No existe un crop seguro para las marcas protegidas.,"[""Falta la editorial."", ""Falta un idioma válido.""]",92,impossible,"El fondo ilustrado de colores y la gran curva atraviesan ambos bordes. La imagen ocupa todo el ancho, sin margen externo vacío; el recorte lateral elimina parte de la composición.",,,"{""width"": 220, ""height"": 320}",,,,
EBOOK,Ebook/inventario.csv,220,Medicina de bolsillo (5a. ed.),"Sabatine, Marc S.",Medicina,https://elibro.puce.elogim.com/es/lc/puce/titulos/125329,"Medicina/originales/Medicina de bolsillo (5a. ed.) - Sabatine, Marc S..jpg","covers/Ebook/Medicina/originales/Medicina de bolsillo (5a. ed.) - Sabatine, Marc S..jpg",fb1368277ba51331713f67a4e22aa3b9d9b3e41305574b5db5a954038cfb0e41,Ebook/medicina/portadas/ebook-a53be3387773971a.webp,,METADATOS_PENDIENTES,Falta la editorial.; Falta un idioma válido.,"[""Falta la editorial."", ""Falta un idioma válido.""]",,automatic_normalization,,,generated/digital-batch/pending-images/Ebook/medicina/portadas/ebook-a53be3387773971a.webp,"{""width"": 220, ""height"": 320}","{""width"": 720, ""height"": 1080}",86,26174,4ab919a3a5c55a0f2f1673c024cadcec0c1b361a5c50a07421c2f9efcec9c821
EBOOK,Ebook/inventario.csv,221,Medicina familiar,"Dávila Torres, Javier; Garza Sagástegui, María Gabriela",Medicina,https://elibro.puce.elogim.com/es/lc/puce/titulos/40852,"Medicina/originales/Medicina familiar - Dávila Torres, Javier; Garza Sagástegui, María Gabriela.jpg","covers/Ebook/Medicina/originales/Medicina familiar - Dávila Torres, Javier; Garza Sagástegui, María Gabriela.jpg",88bf4bac09125739d7fe32c1b4ef71289c1df0abe9e4b6d0e72cfe2452912b4d,Ebook/medicina/portadas/ebook-b46ee22af9f4c586.webp,,REVISION_ENCUADRE,No existe un crop seguro para las marcas protegidas.,"[""Falta la editorial."", ""Falta un idioma válido.""]",93,impossible,"El montaje fotográfico del médico, paciente y luces alcanza ambos extremos. La cubierta no tiene una franja lateral vacía que permita el cambio de proporción sin cortar fotografía.",,,"{""width"": 220, ""height"": 320}",,,,
EBOOK,Ebook/inventario.csv,222,Medicina humanitaria,"Estébanez Estébanez, Pilar",Medicina,https://elibro.puce.elogim.com/es/lc/puce/titulos/53098,"Medicina/originales/Medicina humanitaria - Estébanez Estébanez, Pilar.jpg","covers/Ebook/Medicina/originales/Medicina humanitaria - Estébanez Estébanez, Pilar.jpg",3f79851fed4447079f6a437b7fdd866f413b18844a2775f9304e8f412dbc40a2,Ebook/medicina/portadas/ebook-26949727c7f52ee9.webp,,METADATOS_PENDIENTES,Falta la editorial.; Falta un idioma válido.,"[""Falta la editorial."", ""Falta un idioma válido.""]",,automatic_normalization,,,generated/digital-batch/pending-images/Ebook/medicina/portadas/ebook-26949727c7f52ee9.webp,"{""width"": 220, ""height"": 320}","{""width"": 720, ""height"": 1080}",86,38036,fe522c3f43409494867e6b30fd6d71477a3a910e3a01404dfe8b7bf575fbadff
EBOOK,Ebook/inventario.csv,223,Medicina intensiva,"Lovesio, Carlos",Medicina,https://elibro.puce.elogim.com/es/lc/puce/titulos/67148,"Medicina/originales/Medicina intensiva - Lovesio, Carlos.jpg","covers/Ebook/Medicina/originales/Medicina intensiva - Lovesio, Carlos.jpg",bd9afcbff0c9858714502cbab0f7cca4672025385e3a9fe4755ee5960d1c6da7,Ebook/medicina/portadas/ebook-7eb366f26ec5faeb.webp,,METADATOS_PENDIENTES,Falta la editorial.; Falta un idioma válido.,"[""Falta la editorial."", ""Falta un idioma válido.""]",,automatic_normalization,,,generated/digital-batch/pending-images/Ebook/medicina/portadas/ebook-7eb366f26ec5faeb.webp,"{""width"": 220, ""height"": 320}","{""width"": 720, ""height"": 1080}",86,34334,f57236bb6f98e2c255ffd70ba9d209eb7f5a7e74f71b1763bee62020d79584d7
EBOOK,Ebook/inventario.csv,224,Medicina Legal (2a. ed.),"Carrillo Olmedo, Pedro Manuel",Medicina,https://elibro.puce.elogim.com/es/lc/puce/titulos/118658,"Medicina/originales/Medicina Legal (2a. ed.) - Carrillo Olmedo, Pedro Manuel.jpg","covers/Ebook/Medicina/originales/Medicina Legal (2a. ed.) - Carrillo Olmedo, Pedro Manuel.jpg",2dd270f57f035be72e51b273e92570b78bb3f6e07359e5dd5fb9940143036827,Ebook/medicina/portadas/ebook-fb9ab4ccfe851ce8.webp,,METADATOS_PENDIENTES,Falta la editorial.; Falta un idioma válido.,"[""Falta la editorial."", ""Falta un idioma válido.""]",,automatic_normalization,,,generated/digital-batch/pending-images/Ebook/medicina/portadas/ebook-fb9ab4ccfe851ce8.webp,"{""width"": 220, ""height"": 320}","{""width"": 720, ""height"": 1080}",86,26544,ab0b39e4a6614d92b3e0de166f59e4005928b1e31c1ff0f930690b0d5fcfe19f
EBOOK,Ebook/inventario.csv,225,Medicina oral,"Ghom, Anil",Medicina,https://elibro.puce.elogim.com/es/lc/puce/titulos/166522,"Medicina/originales/Medicina oral - Ghom, Anil.jpg","covers/Ebook/Medicina/originales/Medicina oral - Ghom, Anil.jpg",9623789239c5a0e5257ffb5d7eba978e60ea354986d27f02518dee6f2ad112b6,Ebook/medicina/portadas/ebook-78b763f3e9a280ce.webp,,REVISION_ENCUADRE,No existe un crop seguro para las marcas protegidas.,"[""Falta la editorial."", ""Falta un idioma válido.""]",94,impossible,Las reglas burdeos cruzan ambos lados; el nombre del autor además llega al extremo derecho. Desplazar el crop al izquierdo seguiría cortando las reglas del diseño.,,,"{""width"": 220, ""height"": 320}",,,,
EBOOK,Ebook/inventario.csv,226,Síndromes en medicina interna,"Sanguinetti, Carlos A.",Medicina,https://elibro.puce.elogim.com/es/lc/puce/titulos/67143,"Medicina/originales/Síndromes en medicina interna - Sanguinetti, Carlos A..jpg","covers/Ebook/Medicina/originales/Síndromes en medicina interna - Sanguinetti, Carlos A..jpg",c1758e1ff0247850e51d9e618366ff4ff78748532b8f79ca86825eaac1898333,Ebook/medicina/portadas/ebook-24ff9f953ed9a282.webp,,METADATOS_PENDIENTES,Falta la editorial.; Falta un idioma válido.,"[""Falta la editorial."", ""Falta un idioma válido.""]",,automatic_normalization,,,generated/digital-batch/pending-images/Ebook/medicina/portadas/ebook-24ff9f953ed9a282.webp,"{""width"": 220, ""height"": 320}","{""width"": 720, ""height"": 1080}",86,47364,4dc172de7701f0a77091202651d8f6d9bd5b12961d7d58a495e60c0e489a45e6
AUDIOBOOK,Audiolibros/inventario.csv,2,Cómo comportarse en la multitud: una novela,"Bordas, Camille",Literatura,https://elibro.puce.elogim.com/es/lc/puce/titulos/117024,"Literatura/originales/Cómo comportarse en la multitud una novela - Bordas, Camille.jpg","covers/Audiolibros/Literatura/originales/Cómo comportarse en la multitud una novela - Bordas, Camille.jpg",5e95ac44e8f5e776c672046e29d7a6bdb138697e94891588328c5cd4fb41a19a,Audiolibros/Literatura/portadas/audiobook-8a40bb278ab30a3b.webp,,METADATOS_PENDIENTES,"Falta la editorial.; Falta un idioma válido.; AUDIOBOOK requiere duración positiva, narradores y páginas null.","[""Falta la editorial."", ""Falta un idioma válido."", ""AUDIOBOOK requiere duración positiva, narradores y páginas null.""]",,automatic_normalization,,,generated/digital-batch/pending-images/Audiolibros/Literatura/portadas/audiobook-8a40bb278ab30a3b.webp,"{""width"": 220, ""height"": 320}","{""width"": 720, ""height"": 1080}",86,34474,b796105c841a842b761e0081af46ddd1b5878d04ee760e4cfecbeef9d3285a41
AUDIOBOOK,Audiolibros/inventario.csv,3,Cómo se hace una novela,"Unamuno, Miguel de",Literatura,https://elibro.puce.elogim.com/es/lc/puce/titulos/217630,"Literatura/originales/Cómo se hace una novela - Unamuno, Miguel de.jpg","covers/Audiolibros/Literatura/originales/Cómo se hace una novela - Unamuno, Miguel de.jpg",40da58d99c55a1805f5d90da645bb8861784ef2e78a7c36b82a82b856e232d15,Audiolibros/Literatura/portadas/audiobook-91b68a3cdb70cf6c.webp,,METADATOS_PENDIENTES,"Falta la editorial.; Falta un idioma válido.; AUDIOBOOK requiere duración positiva, narradores y páginas null.","[""Falta la editorial."", ""Falta un idioma válido."", ""AUDIOBOOK requiere duración positiva, narradores y páginas null.""]",,automatic_normalization,,,generated/digital-batch/pending-images/Audiolibros/Literatura/portadas/audiobook-91b68a3cdb70cf6c.webp,"{""width"": 220, ""height"": 320}","{""width"": 720, ""height"": 1080}",86,22684,853ef54ef26976fa03ce9b1975c75a766b57c9dbce538db0746048fc39015f20
AUDIOBOOK,Audiolibros/inventario.csv,4,Discurso y conflicto en la novela,"Parrilla Sotomayor, Eduardo Enrique",Literatura,https://elibro.puce.elogim.com/es/lc/puce/titulos/39117,"Literatura/originales/Discurso y conflicto en la novela - Parrilla Sotomayor, Eduardo Enrique.jpg","covers/Audiolibros/Literatura/originales/Discurso y conflicto en la novela - Parrilla Sotomayor, Eduardo Enrique.jpg",457220dc060ceb3d3b7461388a22b5aa9712cd64b13dc0476897990461b17d55,Audiolibros/Literatura/portadas/audiobook-3ce2558363ac8234.webp,,METADATOS_PENDIENTES,"Falta la editorial.; Falta un idioma válido.; AUDIOBOOK requiere duración positiva, narradores y páginas null.","[""Falta la editorial."", ""Falta un idioma válido."", ""AUDIOBOOK requiere duración positiva, narradores y páginas null.""]",,automatic_normalization,,,generated/digital-batch/pending-images/Audiolibros/Literatura/portadas/audiobook-3ce2558363ac8234.webp,"{""width"": 220, ""height"": 320}","{""width"": 720, ""height"": 1080}",86,36356,0ed92a8415bdf765ec3cc239734a52e882ded225926c0c3109effa706cffc540
AUDIOBOOK,Audiolibros/inventario.csv,5,El retorno de los desplazados: novela,"Gordillo Barahona, Beatriz",Literatura,https://elibro.puce.elogim.com/es/lc/puce/titulos/288325,"Literatura/originales/El retorno de los desplazados novela - Gordillo Barahona, Beatriz.jpg","covers/Audiolibros/Literatura/originales/El retorno de los desplazados novela - Gordillo Barahona, Beatriz.jpg",c088a36a7d9d766fe488daccde7ffaf9c48ff52f99798dd9f1550e594a14e560,Audiolibros/Literatura/portadas/audiobook-4058fa136c5702ee.webp,,METADATOS_PENDIENTES,"Falta la editorial.; Falta un idioma válido.; AUDIOBOOK requiere duración positiva, narradores y páginas null.","[""Falta la editorial."", ""Falta un idioma válido."", ""AUDIOBOOK requiere duración positiva, narradores y páginas null.""]",,automatic_normalization,,,generated/digital-batch/pending-images/Audiolibros/Literatura/portadas/audiobook-4058fa136c5702ee.webp,"{""width"": 220, ""height"": 320}","{""width"": 720, ""height"": 1080}",86,65520,f71e1ed0b2219c91e79b8baea873462bca6e31f0fa6230d913890d29b8be3fb0
AUDIOBOOK,Audiolibros/inventario.csv,6,El sicario en la novela colombiana,"Osorio, Óscar",Literatura,https://elibro.puce.elogim.com/es/lc/puce/titulos/70341,"Literatura/originales/El sicario en la novela colombiana - Osorio, Óscar.jpg","covers/Audiolibros/Literatura/originales/El sicario en la novela colombiana - Osorio, Óscar.jpg",e90dc2922900b635e89b7b2520db2a884fa7adaf6f8188c6114cd2ddb8b7c845,Audiolibros/Literatura/portadas/audiobook-db3c3462fbd853c8.webp,,REVISION_ENCUADRE,No existe un crop seguro para las marcas protegidas.,"[""Falta la editorial."", ""Falta un idioma válido."", ""AUDIOBOOK requiere duración positiva, narradores y páginas null.""]",95,impossible,La fotografía/textura de pared con grietas llena la cubierta hasta ambos bordes. No hay margen externo; cortar a cualquier lado suprime parte de la imagen de la pared.,,,"{""width"": 220, ""height"": 320}",,,,
AUDIOBOOK,Audiolibros/inventario.csv,7,Está temblando. Novela,"Pérez de Arce, Hermógenes",Literatura,https://elibro.puce.elogim.com/es/lc/puce/titulos/195499,"Literatura/originales/Está temblando. Novela - Pérez de Arce, Hermógenes.jpg","covers/Audiolibros/Literatura/originales/Está temblando. Novela - Pérez de Arce, Hermógenes.jpg",a9bc4c876b1088e6185f4562266de2ba6beb7ddec740243006688bc87e0cdf62,Audiolibros/Literatura/portadas/audiobook-227ccd7c091f9040.webp,,METADATOS_PENDIENTES,"Falta la editorial.; Falta un idioma válido.; AUDIOBOOK requiere duración positiva, narradores y páginas null.","[""Falta la editorial."", ""Falta un idioma válido."", ""AUDIOBOOK requiere duración positiva, narradores y páginas null.""]",,automatic_normalization,,,generated/digital-batch/pending-images/Audiolibros/Literatura/portadas/audiobook-227ccd7c091f9040.webp,"{""width"": 220, ""height"": 320}","{""width"": 720, ""height"": 1080}",86,28604,69f79ed9bb60133dbcfd7f43833183034d68679d08222eb79c323f89f9e69527
AUDIOBOOK,Audiolibros/inventario.csv,8,Hölderlin: una novela,"Härtling, Peter",Literatura,https://elibro.puce.elogim.com/es/lc/puce/titulos/209548,"Literatura/originales/Hölderlin una novela - Härtling, Peter.jpg","covers/Audiolibros/Literatura/originales/Hölderlin una novela - Härtling, Peter.jpg",2aa66cf3424cd13f8dfd396e811317fdc320c1f7bb844e8b344036eb0a0478df,Audiolibros/Literatura/portadas/audiobook-449aad127ebe524b.webp,,REVISION_ENCUADRE,No existe un crop seguro para las marcas protegidas.,"[""Falta la editorial."", ""Falta un idioma válido."", ""AUDIOBOOK requiere duración positiva, narradores y páginas null.""]",96,impossible,El marco rectangular del retrato y las reglas negras superiores llegan a los laterales; el logotipo inferior se aproxima mucho al izquierdo. Retirar anchura cortaría el marco aunque no afectara al rostro.,,,"{""width"": 220, ""height"": 320}",,,,
AUDIOBOOK,Audiolibros/inventario.csv,9,Itinerario de trenes: novela,"Marchán, Jaime",Literatura,https://elibro.puce.elogim.com/es/lc/puce/titulos/269501,"Literatura/originales/Itinerario de trenes novela - Marchán, Jaime.jpg","covers/Audiolibros/Literatura/originales/Itinerario de trenes novela - Marchán, Jaime.jpg",f9eb541219e7e3b5229facd5f2235eb4e9884c88ab79a793472f7815b772b6f7,Audiolibros/Literatura/portadas/audiobook-0bd92d33a9a59ef5.webp,,REVISION_ENCUADRE,No existe un crop seguro para las marcas protegidas.,"[""Falta la editorial."", ""Falta un idioma válido."", ""AUDIOBOOK requiere duración positiva, narradores y páginas null.""]",97,impossible,"La composición de ciudad, plaza y paisaje llega a ambos bordes. No existe una franja de fondo vacía continua; cualquier crop corta detalles del paisaje/edificios.",,,"{""width"": 220, ""height"": 320}",,,,
AUDIOBOOK,Audiolibros/inventario.csv,10,La baldomera: una novela incorrecta,"Ocampo, Juana",Literatura,https://elibro.puce.elogim.com/es/lc/puce/titulos/77320,"Literatura/originales/La baldomera una novela incorrecta - Ocampo, Juana.jpg","covers/Audiolibros/Literatura/originales/La baldomera una novela incorrecta - Ocampo, Juana.jpg",8a3054d44d6c083879b92419decb37eabe40d951e766619a9cc26ef1b7e00c98,Audiolibros/Literatura/portadas/audiobook-e4434d784c8c07c4.webp,,REVISION_ENCUADRE,No existe un crop seguro para las marcas protegidas.,"[""Falta la editorial."", ""Falta un idioma válido."", ""AUDIOBOOK requiere duración positiva, narradores y páginas null.""]",98,impossible,"La ilustración de ventana y figura llena ambos extremos de la cubierta. Un recorte lateral elimina partes del dibujo, sin alternativa en margen externo.",,,"{""width"": 220, ""height"": 320}",,,,
AUDIOBOOK,Audiolibros/inventario.csv,11,La confesión: novela,Hailji,Literatura,https://elibro.puce.elogim.com/es/lc/puce/titulos/270884,Literatura/originales/La confesión novela - Hailji.jpg,covers/Audiolibros/Literatura/originales/La confesión novela - Hailji.jpg,354fce9140502f26def44a12581197ed5eb04b8cbf1eee72124bb3c8b9380cda,Audiolibros/Literatura/portadas/audiobook-2de821b1482db906.webp,,METADATOS_PENDIENTES,"Falta la editorial.; Falta un idioma válido.; AUDIOBOOK requiere duración positiva, narradores y páginas null.","[""Falta la editorial."", ""Falta un idioma válido."", ""AUDIOBOOK requiere duración positiva, narradores y páginas null.""]",,automatic_normalization,,,generated/digital-batch/pending-images/Audiolibros/Literatura/portadas/audiobook-2de821b1482db906.webp,"{""width"": 220, ""height"": 320}","{""width"": 720, ""height"": 1080}",86,31186,ee028ef97b6ff9fffa5f328f553fd6f0c90993277f806a1588345c24727efe9d
AUDIOBOOK,Audiolibros/inventario.csv,12,La derrota: novela de estudiantes,"Sánchez Gómez, Gregorio",Literatura,https://elibro.puce.elogim.com/es/lc/puce/titulos/290772,"Literatura/originales/La derrota novela de estudiantes - Sánchez Gómez, Gregorio.jpg","covers/Audiolibros/Literatura/originales/La derrota novela de estudiantes - Sánchez Gómez, Gregorio.jpg",13d37203e26e9e80bbcecfab0efd6c899da14f219af9545b997d0b5fbeba54cd,Audiolibros/Literatura/portadas/audiobook-a6e805108ba65b9e.webp,,REVISION_ENCUADRE,No existe un crop seguro para las marcas protegidas.,"[""Falta la editorial."", ""Falta un idioma válido."", ""AUDIOBOOK requiere duración positiva, narradores y páginas null.""]",99,impossible,"La ampliación por columnas muestra el saliente de la locomotora muy próximo al borde izquierdo y la rueda/sombra del automóvil próxima al derecho. La suma de franjas realmente vacías es menor de 6,6667 px; ni centrar ni desplazar el crop conserva toda la composición.",,,"{""width"": 220, ""height"": 320}",,,,
AUDIOBOOK,Audiolibros/inventario.csv,13,La novela colombiana posmoderna,"Ponce de León, Gina",Literatura,https://elibro.puce.elogim.com/es/lc/puce/titulos/70951,"Literatura/originales/La novela colombiana posmoderna - Ponce de León, Gina.jpg","covers/Audiolibros/Literatura/originales/La novela colombiana posmoderna - Ponce de León, Gina.jpg",7d0b68309236eb228a000a7ac52490c6773551197c68196dd25207eeadb03aee,Audiolibros/Literatura/portadas/audiobook-09427200ea116b43.webp,,REVISION_ENCUADRE,No existe un crop seguro para las marcas protegidas.,"[""Falta la editorial."", ""Falta un idioma válido."", ""AUDIOBOOK requiere duración positiva, narradores y páginas null.""]",100,impossible,Las teclas y piezas de la máquina de escribir llegan a los dos bordes en la mitad inferior. El fondo naranja superior no forma un margen vacío continuo y no permite recortar sin perder imagen.,,,"{""width"": 220, ""height"": 320}",,,,
AUDIOBOOK,Audiolibros/inventario.csv,14,La novela inglesa: una introducción,"Eagleton, Terry",Literatura,https://elibro.puce.elogim.com/es/lc/puce/titulos/116127,"Literatura/originales/La novela inglesa una introducción - Eagleton, Terry.jpg","covers/Audiolibros/Literatura/originales/La novela inglesa una introducción - Eagleton, Terry.jpg",95c2d3f6e93489b583c9a61d4225fd03a49d2c59234215bd99ccf7403555ce02,Audiolibros/Literatura/portadas/audiobook-431b30a4699cde27.webp,,REVISION_ENCUADRE,No existe un crop seguro para las marcas protegidas.,"[""Falta la editorial."", ""Falta un idioma válido."", ""AUDIOBOOK requiere duración positiva, narradores y páginas null.""]",101,impossible,La trama amarilla sobre gris alcanza ambos bordes y la fotografía superior llega al derecho. Cualquier recorte lateral elimina trazos del diseño o fotografía.,,,"{""width"": 220, ""height"": 320}",,,,
AUDIOBOOK,Audiolibros/inventario.csv,15,La novela rosa,"González Lejárraga, Antonio",Literatura,https://elibro.puce.elogim.com/es/lc/puce/titulos/41629,"Literatura/originales/La novela rosa - González Lejárraga, Antonio.jpg","covers/Audiolibros/Literatura/originales/La novela rosa - González Lejárraga, Antonio.jpg",d340b294d8a5101db2ac16ea093e893534d27040189e57222f5b3ac6dc4aca5c,Audiolibros/Literatura/portadas/audiobook-d660454291ad5fa3.webp,,METADATOS_PENDIENTES,"Falta la editorial.; Falta un idioma válido.; AUDIOBOOK requiere duración positiva, narradores y páginas null.","[""Falta la editorial."", ""Falta un idioma válido."", ""AUDIOBOOK requiere duración positiva, narradores y páginas null.""]",,automatic_normalization,,,generated/digital-batch/pending-images/Audiolibros/Literatura/portadas/audiobook-d660454291ad5fa3.webp,"{""width"": 220, ""height"": 320}","{""width"": 720, ""height"": 1080}",86,65304,b8d36d2f4bac055b4489efe5e66525cd780ae65e161e6a937a373bab4ffba713
AUDIOBOOK,Audiolibros/inventario.csv,16,La vuelta al mundo de un novelista,"Blasco Ibáñez, Vicente",Literatura,https://elibro.puce.elogim.com/es/lc/puce/titulos/267855,"Literatura/originales/La vuelta al mundo de un novelista - Blasco Ibáñez, Vicente.jpg","covers/Audiolibros/Literatura/originales/La vuelta al mundo de un novelista - Blasco Ibáñez, Vicente.jpg",507c6bb88099ba4d8f2fe3d612beff55915b8a026e7d3d8795f7cec1637abf3d,Audiolibros/Literatura/portadas/audiobook-c237571839034131.webp,,REVISION_ENCUADRE,No existe un crop seguro para las marcas protegidas.,"[""Falta la editorial."", ""Falta un idioma válido."", ""AUDIOBOOK requiere duración positiva, narradores y páginas null.""]",102,impossible,"El mosaico fotográfico de monumentos, paisajes y transporte llega a ambos lados. No existe margen exterior continuo; el crop corta alguna de esas imágenes.",,,"{""width"": 220, ""height"": 320}",,,,
AUDIOBOOK,Audiolibros/inventario.csv,17,Lady Susan y otras novelas,"Austen, Jane",Literatura,https://elibro.puce.elogim.com/es/lc/puce/titulos/122857,"Literatura/originales/Lady Susan y otras novelas - Austen, Jane.jpg","covers/Audiolibros/Literatura/originales/Lady Susan y otras novelas - Austen, Jane.jpg",10eb503c7b74f795033b6cfaf4bdf521ebc470902e7db3fdfb6ca633fd711159,Audiolibros/Literatura/portadas/audiobook-98a1a860b5649584.webp,,METADATOS_PENDIENTES,"Falta la editorial.; Falta un idioma válido.; AUDIOBOOK requiere duración positiva, narradores y páginas null.","[""Falta la editorial."", ""Falta un idioma válido."", ""AUDIOBOOK requiere duración positiva, narradores y páginas null.""]",,automatic_normalization,,,generated/digital-batch/pending-images/Audiolibros/Literatura/portadas/audiobook-98a1a860b5649584.webp,"{""width"": 220, ""height"": 320}","{""width"": 720, ""height"": 1080}",86,36340,b1c667819ae20ab71068bba4a716c57ae1ac74ef0df858e2b604422674949a00
AUDIOBOOK,Audiolibros/inventario.csv,18,Las novelas de Torquemada,"Pérez Galdós, Benito",Literatura,https://elibro.puce.elogim.com/es/lc/puce/titulos/216008,"Literatura/originales/Las novelas de Torquemada - Pérez Galdós, Benito.jpg","covers/Audiolibros/Literatura/originales/Las novelas de Torquemada - Pérez Galdós, Benito.jpg",7615f7199083a303de23b5f5b3d7971b299a4c2cd86b63b2b534eb5508ad0879,Audiolibros/Literatura/portadas/audiobook-2b8c1c97bbc86318.webp,,METADATOS_PENDIENTES,"Falta la editorial.; Falta un idioma válido.; AUDIOBOOK requiere duración positiva, narradores y páginas null.","[""Falta la editorial."", ""Falta un idioma válido."", ""AUDIOBOOK requiere duración positiva, narradores y páginas null.""]",,automatic_normalization,,,generated/digital-batch/pending-images/Audiolibros/Literatura/portadas/audiobook-2b8c1c97bbc86318.webp,"{""width"": 220, ""height"": 320}","{""width"": 720, ""height"": 1080}",86,34768,30f48d3d61d39feb53176c61c8792a062bf311d537e47f8f0a186f9e5624d1b7
AUDIOBOOK,Audiolibros/inventario.csv,19,Novela negra con argentinos,"Valenzuela, Luisa",Literatura,https://elibro.puce.elogim.com/es/lc/puce/titulos/218933,"Literatura/originales/Novela negra con argentinos - Valenzuela, Luisa.jpg","covers/Audiolibros/Literatura/originales/Novela negra con argentinos - Valenzuela, Luisa.jpg",4bb5b0d7fc438ba6fadc8f63e119c5127c5d15d5f4a07e4b6f75c6b6f24bdbee,Audiolibros/Literatura/portadas/audiobook-d4d96850c4ea25cb.webp,,METADATOS_PENDIENTES,"Falta la editorial.; Falta un idioma válido.; AUDIOBOOK requiere duración positiva, narradores y páginas null.","[""Falta la editorial."", ""Falta un idioma válido."", ""AUDIOBOOK requiere duración positiva, narradores y páginas null.""]",,automatic_normalization,,,generated/digital-batch/pending-images/Audiolibros/Literatura/portadas/audiobook-d4d96850c4ea25cb.webp,"{""width"": 220, ""height"": 320}","{""width"": 720, ""height"": 1080}",86,42666,2c8e064eb148d08034ce544276191146ebdcbf8bb96c31539dc0ce3d97b67b6a
AUDIOBOOK,Audiolibros/inventario.csv,20,Novelas amorosas y ejemplares,"Zayas y Sotomayor, María de",Literatura,https://elibro.puce.elogim.com/es/lc/puce/titulos/267853,"Literatura/originales/Novelas amorosas y ejemplares - Zayas y Sotomayor, María de.jpg","covers/Audiolibros/Literatura/originales/Novelas amorosas y ejemplares - Zayas y Sotomayor, María de.jpg",591c5378bf33e43da11582908a843167bddc6801ce962cf7e742f32c66fa1894,Audiolibros/Literatura/portadas/audiobook-b917d2622c19f5b7.webp,,METADATOS_PENDIENTES,"Falta la editorial.; Falta un idioma válido.; AUDIOBOOK requiere duración positiva, narradores y páginas null.","[""Falta la editorial."", ""Falta un idioma válido."", ""AUDIOBOOK requiere duración positiva, narradores y páginas null.""]",,automatic_normalization,,,generated/digital-batch/pending-images/Audiolibros/Literatura/portadas/audiobook-b917d2622c19f5b7.webp,"{""width"": 220, ""height"": 320}","{""width"": 720, ""height"": 1080}",86,50386,870e7e1508c423e9823e960ca84f0ca65bb81bb90305a22ca8024f98949ffa42
AUDIOBOOK,Audiolibros/inventario.csv,21,Novelas ejemplares,"Cervantes Saavedra, Miguel de",Literatura,https://elibro.puce.elogim.com/es/lc/puce/titulos/127206,"Literatura/originales/Novelas ejemplares - Cervantes Saavedra, Miguel de.jpg","covers/Audiolibros/Literatura/originales/Novelas ejemplares - Cervantes Saavedra, Miguel de.jpg",9c3b56cea4b087aae968628ea4e7a491d5ec5223bfbddc60ed3ff86d328f9fed,Audiolibros/Literatura/portadas/audiobook-932d8abbec8fd30b.webp,,REVISION_ENCUADRE,No existe un crop seguro para las marcas protegidas.,"[""Falta la editorial."", ""Falta un idioma válido."", ""AUDIOBOOK requiere duración positiva, narradores y páginas null.""]",103,impossible,"La regla burdeos entra desde el borde izquierdo y la cinta diagonal roja llega al derecho. Además hay textura de papel en toda la superficie; ninguno de los lados proporciona 6,6667 px combinados de margen vacío sin cortar diseño.",,,"{""width"": 220, ""height"": 320}",,,,
AUDIOBOOK,Audiolibros/inventario.csv,22,Novelas históricas,"Solares, Ignacio",Literatura,https://elibro.puce.elogim.com/es/lc/puce/titulos/111002,"Literatura/originales/Novelas históricas - Solares, Ignacio.jpg","covers/Audiolibros/Literatura/originales/Novelas históricas - Solares, Ignacio.jpg",e5b1478e8811f46a1bfdf2c3b86b0f4ea59350113d85925e0a91b5e5054db291,Audiolibros/Literatura/portadas/audiobook-fe452d135f4f3f47.webp,,REVISION_ENCUADRE,No existe un crop seguro para las marcas protegidas.,"[""Falta la editorial."", ""Falta un idioma válido."", ""AUDIOBOOK requiere duración positiva, narradores y páginas null.""]",104,impossible,El manuscrito de fondo y la composición ilustrada llegan a ambos bordes. No hay margen externo libre; el cambio de proporción mediante crop cortaría escritura/dibujo de la portada.,,,"{""width"": 220, ""height"": 320}",,,,
AUDIOBOOK,Audiolibros/inventario.csv,23,OKTUBRE: la novela,"Bello, Carolina",Literatura,https://elibro.puce.elogim.com/es/lc/puce/titulos/286086,"Literatura/originales/OKTUBRE la novela - Bello, Carolina.jpg","covers/Audiolibros/Literatura/originales/OKTUBRE la novela - Bello, Carolina.jpg",6cc2b965d3fba6e92c1e92ec2f74c4c9761cbd625fa8e96aeef6aea29a5e5004,Audiolibros/Literatura/portadas/audiobook-799509193b1247da.webp,,REVISION_ENCUADRE,No existe un crop seguro para las marcas protegidas.,"[""Falta la editorial."", ""Falta un idioma válido."", ""AUDIOBOOK requiere duración positiva, narradores y páginas null.""]",105,impossible,La pintura de figuras y arquitectura ocupa todo el ancho y la fotografía inferior también llega a los extremos. Ningún crop lateral conserva toda la imagen.,,,"{""width"": 220, ""height"": 320}",,,,
AUDIOBOOK,Audiolibros/inventario.csv,24,Sin defensa posible: novela,"Ramírez C., Clinton",Literatura,https://elibro.puce.elogim.com/es/lc/puce/titulos/290339,"Literatura/originales/Sin defensa posible novela - Ramírez C., Clinton.jpg","covers/Audiolibros/Literatura/originales/Sin defensa posible novela - Ramírez C., Clinton.jpg",545871d65471a6feb34a90ac74bcb2a35309a4bd8629a45ea15df5f081b910f8,Audiolibros/Literatura/portadas/audiobook-bd1a86d2e363042a.webp,,REVISION_ENCUADRE,No existe un crop seguro para las marcas protegidas.,"[""Falta la editorial."", ""Falta un idioma válido."", ""AUDIOBOOK requiere duración positiva, narradores y páginas null.""]",106,impossible,"La fotografía de calle y edificios llena la cubierta de lado a lado. Las franjas laterales contienen pared/arquitectura real, no margen vacío, y no pueden recortarse bajo la restricción.",,,"{""width"": 220, ""height"": 320}",,,,
AUDIOBOOK,Audiolibros/inventario.csv,25,Succión: una novela,"Poblete Pardo, Nicolás",Literatura,https://elibro.puce.elogim.com/es/lc/puce/titulos/303162,"Literatura/originales/Succión una novela - Poblete Pardo, Nicolás.jpg","covers/Audiolibros/Literatura/originales/Succión una novela - Poblete Pardo, Nicolás.jpg",9e3616c4084dfec04e88b296b22212f747bac452a1c5e39790e2c4df247e7d92,Audiolibros/Literatura/portadas/audiobook-252f33c267db4281.webp,,REVISION_ENCUADRE,No existe un crop seguro para las marcas protegidas.,"[""Falta la editorial."", ""Falta un idioma válido."", ""AUDIOBOOK requiere duración positiva, narradores y páginas null.""]",107,impossible,"La fotografía del oso y su ropa alcanza ambos laterales, especialmente en la zona inferior. No hay margen lateral continuo vacío para hacer el recorte.",,,"{""width"": 220, ""height"": 320}",,,,
AUDIOBOOK,Audiolibros/inventario.csv,26,Valentín: novela histórica,"Hernández Beltrán, Rosalío",Literatura,https://elibro.puce.elogim.com/es/lc/puce/titulos/39199,"Literatura/originales/Valentín novela histórica - Hernández Beltrán, Rosalío.jpg","covers/Audiolibros/Literatura/originales/Valentín novela histórica - Hernández Beltrán, Rosalío.jpg",3071bd794704f2e9b34946e6144ea479e8917b3de4c13186000c9c07d08f09e2,Audiolibros/Literatura/portadas/audiobook-524d4e31cdfd7fd8.webp,,METADATOS_PENDIENTES,"Falta la editorial.; Falta un idioma válido.; AUDIOBOOK requiere duración positiva, narradores y páginas null.","[""Falta la editorial."", ""Falta un idioma válido."", ""AUDIOBOOK requiere duración positiva, narradores y páginas null.""]",,automatic_normalization,,,generated/digital-batch/pending-images/Audiolibros/Literatura/portadas/audiobook-524d4e31cdfd7fd8.webp,"{""width"": 220, ""height"": 320}","{""width"": 720, ""height"": 1080}",86,64858,3fff7a27405cc6fb53eb40139c2d0939bba821031084c791c1043019f0ca1e92
AUDIOBOOK,Audiolibros/inventario.csv,27,Escritos sobre ética,"García, Camilo",Filosofía,https://elibro.puce.elogim.com/es/lc/puce/titulos/70889,"Filosofía/originales/Escritos sobre ética - García, Camilo.jpg","covers/Audiolibros/Filosofía/originales/Escritos sobre ética - García, Camilo.jpg",d8de9985c57bc9e87d3a86b83fa2ba0b1b9ebaf53309fd23902ad0d376362542,Audiolibros/Filosofia/portadas/audiobook-c7c794efb03c3148.webp,,METADATOS_PENDIENTES,"Falta la editorial.; Falta un idioma válido.; AUDIOBOOK requiere duración positiva, narradores y páginas null.","[""Falta la editorial."", ""Falta un idioma válido."", ""AUDIOBOOK requiere duración positiva, narradores y páginas null.""]",,automatic_normalization,,,generated/digital-batch/pending-images/Audiolibros/Filosofia/portadas/audiobook-c7c794efb03c3148.webp,"{""width"": 220, ""height"": 320}","{""width"": 720, ""height"": 1080}",86,31518,ac9f914c84ec3ac51b928f5b173aace75ff2d0ec9fb1472f8469aec15b39e111
AUDIOBOOK,Audiolibros/inventario.csv,28,Introducción a la ética,"Torres Hernández, Zacarías",Filosofía,https://elibro.puce.elogim.com/es/lc/puce/titulos/39401,"Filosofía/originales/Introducción a la ética - Torres Hernández, Zacarías.jpg","covers/Audiolibros/Filosofía/originales/Introducción a la ética - Torres Hernández, Zacarías.jpg",78a222cad72f9c2b6e5bfda30fdb4ac12402564f8f3752a14f139644c73cadd3,Audiolibros/Filosofia/portadas/audiobook-8d57509cb330c828.webp,,REVISION_ENCUADRE,No existe un crop seguro para las marcas protegidas.,"[""Falta la editorial."", ""Falta un idioma válido."", ""AUDIOBOOK requiere duración positiva, narradores y páginas null.""]",108,impossible,"La fotografía de columnas llena todo el ancho central, las líneas ornamentales superiores tocan los bordes y el título está muy cerca de los extremos. Cualquier crop lateral corta contenido real.",,,"{""width"": 220, ""height"": 320}",,,,
AUDIOBOOK,Audiolibros/inventario.csv,29,La responsividad ética,"Patiño González, Susana Magdalena",Filosofía,https://elibro.puce.elogim.com/es/lc/puce/titulos/59505,"Filosofía/originales/La responsividad ética - Patiño González, Susana Magdalena.jpg","covers/Audiolibros/Filosofía/originales/La responsividad ética - Patiño González, Susana Magdalena.jpg",289dfb5fb1b8b47600e3b727cf47667c56df9b8cf50c65b1c445e63a1d134647,Audiolibros/Filosofia/portadas/audiobook-43dc30b23ed17e4e.webp,,METADATOS_PENDIENTES,"Falta la editorial.; Falta un idioma válido.; AUDIOBOOK requiere duración positiva, narradores y páginas null.","[""Falta la editorial."", ""Falta un idioma válido."", ""AUDIOBOOK requiere duración positiva, narradores y páginas null.""]",,automatic_normalization,,,generated/digital-batch/pending-images/Audiolibros/Filosofia/portadas/audiobook-43dc30b23ed17e4e.webp,"{""width"": 220, ""height"": 320}","{""width"": 720, ""height"": 1080}",86,13262,e9bdb93ec6a2c4e180af4694910de9ea29b833779965abf21b25e9a347c826b8
AUDIOBOOK,Audiolibros/inventario.csv,30,La ética amable,"Bosch, Magdalena",Filosofía,https://elibro.puce.elogim.com/es/lc/puce/titulos/47253,"Filosofía/originales/La ética amable - Bosch, Magdalena.jpg","covers/Audiolibros/Filosofía/originales/La ética amable - Bosch, Magdalena.jpg",7e92c2bd8633494c7188db0cbd7085954f462c7601b036371b17142df2a3da35,Audiolibros/Filosofia/portadas/audiobook-cb931d8fc1228bbb.webp,,REVISION_ENCUADRE,No existe un crop seguro para las marcas protegidas.,"[""Falta la editorial."", ""Falta un idioma válido."", ""AUDIOBOOK requiere duración positiva, narradores y páginas null.""]",109,impossible,La pintura abstracta multicolor llega a ambos bordes de la zona superior. El fondo plano inferior no ofrece una franja vacía continua; recortar pierde pintura.,,,"{""width"": 220, ""height"": 320}",,,,
AUDIOBOOK,Audiolibros/inventario.csv,31,La ética de la redistribución,"Jouvenel, Bertrand de",Filosofía,https://elibro.puce.elogim.com/es/lc/puce/titulos/61753,"Filosofía/originales/La ética de la redistribución - Jouvenel, Bertrand de.jpg","covers/Audiolibros/Filosofía/originales/La ética de la redistribución - Jouvenel, Bertrand de.jpg",2000856b363a0e723359cedb05f200307f53a3394aa2c537cc1baf4f64011f38,Audiolibros/Filosofia/portadas/audiobook-7e935bc7aebafda5.webp,,REVISION_ENCUADRE,No existe un crop seguro para las marcas protegidas.,"[""Falta la editorial."", ""Falta un idioma válido."", ""AUDIOBOOK requiere duración positiva, narradores y páginas null.""]",110,impossible,"La pintura de manos, monedas y mesa ocupa ambos extremos. No hay margen exterior vacío; un recorte centrado o asimétrico elimina parte de la obra.",,,"{""width"": 220, ""height"": 320}",,,,
AUDIOBOOK,Audiolibros/inventario.csv,32,La ética en la era de la tecnociencia,"Pulgar Castro, Rodrigo",Filosofía,https://elibro.puce.elogim.com/es/lc/puce/titulos/106271,"Filosofía/originales/La ética en la era de la tecnociencia - Pulgar Castro, Rodrigo.jpg","covers/Audiolibros/Filosofía/originales/La ética en la era de la tecnociencia - Pulgar Castro, Rodrigo.jpg",97a3ac2b5be821243834594b37f561ced940c61bcf909a398e9143063bdae2e9,Audiolibros/Filosofia/portadas/audiobook-724a798ecab60e86.webp,,METADATOS_PENDIENTES,"Falta la editorial.; Falta un idioma válido.; AUDIOBOOK requiere duración positiva, narradores y páginas null.","[""Falta la editorial."", ""Falta un idioma válido."", ""AUDIOBOOK requiere duración positiva, narradores y páginas null.""]",111,approved,"Se retiran los 6,6667 px derechos, que contienen únicamente blanco y textura turquesa continua de fondo. La balanza, ambos platillos, el título y los logotipos quedan bien insetados; el patrón de puntos del lateral izquierdo se conserva completo al no recortar ese lado.","{""source_box"": [0.0, 0.0, 213.33333333333334, 320.0], ""coordinate_space"": ""exif_oriented_source_pixels"", ""source_sha256"": ""97a3ac2b5be821243834594b37f561ced940c61bcf909a398e9143063bdae2e9"", ""reason"": ""Se retiran los 6,6667 px derechos, que contienen únicamente blanco y textura turquesa continua de fondo. La balanza, ambos platillos, el título y los logotipos quedan bien insetados; el patrón de puntos del lateral izquierdo se conserva completo al no recortar ese lado.""}",generated/digital-batch/pending-images/Audiolibros/Filosofia/portadas/audiobook-724a798ecab60e86.webp,"{""width"": 220, ""height"": 320}","{""width"": 720, ""height"": 1080}",86,51404,935a58d015ec74ab44909050759c0b489ccfa0707ab0431d1d26897e2832ef92
AUDIOBOOK,Audiolibros/inventario.csv,33,La ética explorada,"González, Ana Marta",Filosofía,https://elibro.puce.elogim.com/es/lc/puce/titulos/47307,"Filosofía/originales/La ética explorada - González, Ana Marta.jpg","covers/Audiolibros/Filosofía/originales/La ética explorada - González, Ana Marta.jpg",92d9d357e243eb5203143ab848e1a9323ccd3909a7483466da59aea4b0cb255e,Audiolibros/Filosofia/portadas/audiobook-2d0a07a10e6b0b80.webp,,METADATOS_PENDIENTES,"Falta la editorial.; Falta un idioma válido.; AUDIOBOOK requiere duración positiva, narradores y páginas null.","[""Falta la editorial."", ""Falta un idioma válido."", ""AUDIOBOOK requiere duración positiva, narradores y páginas null.""]",,automatic_normalization,,,generated/digital-batch/pending-images/Audiolibros/Filosofia/portadas/audiobook-2d0a07a10e6b0b80.webp,"{""width"": 220, ""height"": 320}","{""width"": 720, ""height"": 1080}",86,27178,d53a94099b7328438f40a47dc72cd7d6c7fc36bdbc219d0ddcfb01f77d0354f3
AUDIOBOOK,Audiolibros/inventario.csv,34,Lecciones de ética,"Polo Barrena, Leonardo",Filosofía,https://elibro.puce.elogim.com/es/lc/puce/titulos/47131,"Filosofía/originales/Lecciones de ética - Polo Barrena, Leonardo.jpg","covers/Audiolibros/Filosofía/originales/Lecciones de ética - Polo Barrena, Leonardo.jpg",a76c73f2b9e490129cd6e6be17e34824b6e8608d0836d1492dbc104f51653ab5,Audiolibros/Filosofia/portadas/audiobook-08e10bf92024e5d3.webp,,REVISION_ENCUADRE,No existe un crop seguro para las marcas protegidas.,"[""Falta la editorial."", ""Falta un idioma válido."", ""AUDIOBOOK requiere duración positiva, narradores y páginas null.""]",112,impossible,"La ilustración del árbol, cielo y paisaje alcanza ambos bordes laterales. No existe una franja continua vacía; el crop corta paisaje aunque conserve personajes y texto.",,,"{""width"": 220, ""height"": 320}",,,,
AUDIOBOOK,Audiolibros/inventario.csv,35,Metafísica de la pereza,"Valls Boix, Juan Evaristo",Filosofía,https://elibro.puce.elogim.com/es/lc/puce/titulos/218248,"Filosofía/originales/Metafísica de la pereza - Valls Boix, Juan Evaristo.jpg","covers/Audiolibros/Filosofía/originales/Metafísica de la pereza - Valls Boix, Juan Evaristo.jpg",4b03b83b4b9cac37e8f5a0acb74a7d26570819bfc681e3bb54dab4342372a15e,Audiolibros/Filosofia/portadas/audiobook-a4ee522ec5b545ce.webp,,REVISION_ENCUADRE,No existe un crop seguro para las marcas protegidas.,"[""Falta la editorial."", ""Falta un idioma válido."", ""AUDIOBOOK requiere duración positiva, narradores y páginas null.""]",113,impossible,"Las líneas de nubes y ondas llegan a ambos bordes de la ilustración. Recortar cualquier lateral corta trazos identificables del dibujo, no solo un campo liso.",,,"{""width"": 220, ""height"": 320}",,,,
AUDIOBOOK,Audiolibros/inventario.csv,36,Metafísica de la web,"Ferraris, Maurizio",Filosofía,https://elibro.puce.elogim.com/es/lc/puce/titulos/159993,"Filosofía/originales/Metafísica de la web - Ferraris, Maurizio.jpg","covers/Audiolibros/Filosofía/originales/Metafísica de la web - Ferraris, Maurizio.jpg",d5a260903d347ac00671a3dc36ab2ec31fa01e665f3d18fe5e6ba905e74df279,Audiolibros/Filosofia/portadas/audiobook-2e27906c918a7d2d.webp,,METADATOS_PENDIENTES,"Falta la editorial.; Falta un idioma válido.; AUDIOBOOK requiere duración positiva, narradores y páginas null.","[""Falta la editorial."", ""Falta un idioma válido."", ""AUDIOBOOK requiere duración positiva, narradores y páginas null.""]",,automatic_normalization,,,generated/digital-batch/pending-images/Audiolibros/Filosofia/portadas/audiobook-2e27906c918a7d2d.webp,"{""width"": 220, ""height"": 320}","{""width"": 720, ""height"": 1080}",86,31918,433fd5eb0390779e870394653668a1cd7e55ae3d70fd8379870f77b41416ada0
AUDIOBOOK,Audiolibros/inventario.csv,37,¿Hay que desconstruir la metafísica?,"Aubenque, Pierre",Filosofía,https://elibro.puce.elogim.com/es/lc/puce/titulos/61805,"Filosofía/originales/¿Hay que desconstruir la metafísica - Aubenque, Pierre.jpg","covers/Audiolibros/Filosofía/originales/¿Hay que desconstruir la metafísica - Aubenque, Pierre.jpg",f06303d64cb9ec83e6b06d904e9016098753f97dcdc69f72064078e4cb098a5e,Audiolibros/Filosofia/portadas/audiobook-f1fae131a4859d4d.webp,,METADATOS_PENDIENTES,"Falta la editorial.; Falta un idioma válido.; AUDIOBOOK requiere duración positiva, narradores y páginas null.","[""Falta la editorial."", ""Falta un idioma válido."", ""AUDIOBOOK requiere duración positiva, narradores y páginas null.""]",,automatic_normalization,,,generated/digital-batch/pending-images/Audiolibros/Filosofia/portadas/audiobook-f1fae131a4859d4d.webp,"{""width"": 220, ""height"": 320}","{""width"": 720, ""height"": 1080}",86,54904,25cff4a036eb2cc53c9b3c3e2e6887afe7ada9a3b87eb35d724f7c84911b5a0b
AUDIOBOOK,Audiolibros/inventario.csv,38,¿Qué es eso llamado metafísica?,"Garrett, Brian",Filosofía,https://elibro.puce.elogim.com/es/lc/puce/titulos/45443,"Filosofía/originales/¿Qué es eso llamado metafísica - Garrett, Brian.jpg","covers/Audiolibros/Filosofía/originales/¿Qué es eso llamado metafísica - Garrett, Brian.jpg",9763260428c234c5e8bba72e8a5c7870a2d3d37cdfde4d6c5dcdf427a63843c5,Audiolibros/Filosofia/portadas/audiobook-1b8619eae91a6a97.webp,,METADATOS_PENDIENTES,"Falta la editorial.; Falta un idioma válido.; AUDIOBOOK requiere duración positiva, narradores y páginas null.","[""Falta la editorial."", ""Falta un idioma válido."", ""AUDIOBOOK requiere duración positiva, narradores y páginas null.""]",114,approved,"El recorte centrado retira 3,3333 px por lado de una textura continua de bandas/lavados de color, sin figuras, marco, ornamentos ni detalle independiente en las franjas retiradas. Se conserva la composición cromática completa, el autor, todas las líneas del título y Alianza Editorial; no se corta tipografía ni un objeto representado.","{""source_box"": [3.3333333333333286, 0.0, 216.66666666666669, 320.0], ""coordinate_space"": ""exif_oriented_source_pixels"", ""source_sha256"": ""9763260428c234c5e8bba72e8a5c7870a2d3d37cdfde4d6c5dcdf427a63843c5"", ""reason"": ""El recorte centrado retira 3,3333 px por lado de una textura continua de bandas/lavados de color, sin figuras, marco, ornamentos ni detalle independiente en las franjas retiradas. Se conserva la composición cromática completa, el autor, todas las líneas del título y Alianza Editorial; no se corta tipografía ni un objeto representado.""}",generated/digital-batch/pending-images/Audiolibros/Filosofia/portadas/audiobook-1b8619eae91a6a97.webp,"{""width"": 220, ""height"": 320}","{""width"": 720, ""height"": 1080}",86,62508,92907d30e20f57fc374f8d1655afaf1bfc5597dbde277d75e1cf74e87c8ff6e4
AUDIOBOOK,Audiolibros/inventario.csv,39,Ética (3a. ed.),"Chávez Calderón, Pedro",Filosofía,https://elibro.puce.elogim.com/es/lc/puce/titulos/40400,"Filosofía/originales/Ética (3a. ed.) - Chávez Calderón, Pedro.jpg","covers/Audiolibros/Filosofía/originales/Ética (3a. ed.) - Chávez Calderón, Pedro.jpg",3562e16ca824393c5d474adbfda44f69fdc31641a78793756b92b983598ad982,Audiolibros/Filosofia/portadas/audiobook-be2bfb0ceb9b4bb6.webp,,REVISION_ENCUADRE,No existe un crop seguro para las marcas protegidas.,"[""Falta la editorial."", ""Falta un idioma válido."", ""AUDIOBOOK requiere duración positiva, narradores y páginas null.""]",115,impossible,"La fotografía de la manzana y aguja alcanza el borde derecho, mientras el patrón y las bandas de diseño llegan al izquierdo. No hay una distribución lateral de 6,6667 px que preserve todos esos elementos.",,,"{""width"": 220, ""height"": 320}",,,,
AUDIOBOOK,Audiolibros/inventario.csv,40,Ética básica (3a. ed.),"Etxeberria Mauleón, Xabier",Filosofía,https://elibro.puce.elogim.com/es/lc/puce/titulos/34160,"Filosofía/originales/Ética básica (3a. ed.) - Etxeberria Mauleón, Xabier.jpg","covers/Audiolibros/Filosofía/originales/Ética básica (3a. ed.) - Etxeberria Mauleón, Xabier.jpg",c8352490e8ba5e33be70f0ceb67b080277ae8affa733931d7379d3da22256919,Audiolibros/Filosofia/portadas/audiobook-1ec4175129c2f6f9.webp,,METADATOS_PENDIENTES,"Falta la editorial.; Falta un idioma válido.; AUDIOBOOK requiere duración positiva, narradores y páginas null.","[""Falta la editorial."", ""Falta un idioma válido."", ""AUDIOBOOK requiere duración positiva, narradores y páginas null.""]",,automatic_normalization,,,generated/digital-batch/pending-images/Audiolibros/Filosofia/portadas/audiobook-1ec4175129c2f6f9.webp,"{""width"": 220, ""height"": 320}","{""width"": 720, ""height"": 1080}",86,18084,16d2c0d9c6d8cf00beb1c4e4b1626d12cd64cb0426a909063bf7bb2c42d7bb0c
AUDIOBOOK,Audiolibros/inventario.csv,41,Ética con los clásicos,"Martínez Huerta, Miguel",Filosofía,https://elibro.puce.elogim.com/es/lc/puce/titulos/73299,"Filosofía/originales/Ética con los clásicos - Martínez Huerta, Miguel.jpg","covers/Audiolibros/Filosofía/originales/Ética con los clásicos - Martínez Huerta, Miguel.jpg",21293e2aa3148196f43f2889021cc89c9ead957911cc3f29e5480612b2a88d17,Audiolibros/Filosofia/portadas/audiobook-6486cef649c3414d.webp,,REVISION_ENCUADRE,No existe un crop seguro para las marcas protegidas.,"[""Falta la editorial."", ""Falta un idioma válido."", ""AUDIOBOOK requiere duración positiva, narradores y páginas null.""]",116,impossible,"La línea CON LOS CLÁSICOS llega prácticamente a ambos bordes. El margen combinado no admite quitar 6,6667 px sin cortar letras, aun desplazando el crop; la ilustración inferior también está próxima al izquierdo.",,,"{""width"": 220, ""height"": 320}",,,,
AUDIOBOOK,Audiolibros/inventario.csv,42,Ética de la comunicación,"Prado Flores, Rogelio del",Filosofía,https://elibro.puce.elogim.com/es/lc/puce/titulos/128281,"Filosofía/originales/Ética de la comunicación - Prado Flores, Rogelio del.jpg","covers/Audiolibros/Filosofía/originales/Ética de la comunicación - Prado Flores, Rogelio del.jpg",a41b1ba59cfb37e50ca73a927c3a20e8dbae0219dbca3eb8986d6e0616485c42,Audiolibros/Filosofia/portadas/audiobook-c922336fdf5b1257.webp,,METADATOS_PENDIENTES,"Falta la editorial.; Falta un idioma válido.; AUDIOBOOK requiere duración positiva, narradores y páginas null.","[""Falta la editorial."", ""Falta un idioma válido."", ""AUDIOBOOK requiere duración positiva, narradores y páginas null.""]",,automatic_normalization,,,generated/digital-batch/pending-images/Audiolibros/Filosofia/portadas/audiobook-c922336fdf5b1257.webp,"{""width"": 220, ""height"": 320}","{""width"": 720, ""height"": 1080}",86,60670,2a2079e80066310aa08819b4beeb118f90212695ee16e5d1672ddb39ffefacf6
AUDIOBOOK,Audiolibros/inventario.csv,43,Ética de la sexualidad,"Bonete, Enrique",Filosofía,https://elibro.puce.elogim.com/es/lc/puce/titulos/47807,"Filosofía/originales/Ética de la sexualidad - Bonete, Enrique.jpg","covers/Audiolibros/Filosofía/originales/Ética de la sexualidad - Bonete, Enrique.jpg",14f71343f0ae9c815187c944f5ceaa59b79b32e705c1419eb1d62f109e6ad222,Audiolibros/Filosofia/portadas/audiobook-7c148898de839f87.webp,,METADATOS_PENDIENTES,"Falta la editorial.; Falta un idioma válido.; AUDIOBOOK requiere duración positiva, narradores y páginas null.","[""Falta la editorial."", ""Falta un idioma válido."", ""AUDIOBOOK requiere duración positiva, narradores y páginas null.""]",,automatic_normalization,,,generated/digital-batch/pending-images/Audiolibros/Filosofia/portadas/audiobook-7c148898de839f87.webp,"{""width"": 220, ""height"": 320}","{""width"": 720, ""height"": 1080}",86,43190,64cdab670767f49b8a3e41bb8f440da876146e797d5d00d1b204ed3db3e5cf61
AUDIOBOOK,Audiolibros/inventario.csv,44,Ética de las nanotecnologías,"Ruiz Trujillo, Pere",Filosofía,https://elibro.puce.elogim.com/es/lc/puce/titulos/128199,"Filosofía/originales/Ética de las nanotecnologías - Ruiz Trujillo, Pere.jpg","covers/Audiolibros/Filosofía/originales/Ética de las nanotecnologías - Ruiz Trujillo, Pere.jpg",2e912f98ebbe2878e0c539b9dd3883e7ea234ce39f39e02411d5cc77356742ea,Audiolibros/Filosofia/portadas/audiobook-7af4d1003a034ea7.webp,,METADATOS_PENDIENTES,"Falta la editorial.; Falta un idioma válido.; AUDIOBOOK requiere duración positiva, narradores y páginas null.","[""Falta la editorial."", ""Falta un idioma válido."", ""AUDIOBOOK requiere duración positiva, narradores y páginas null.""]",,automatic_normalization,,,generated/digital-batch/pending-images/Audiolibros/Filosofia/portadas/audiobook-7af4d1003a034ea7.webp,"{""width"": 220, ""height"": 320}","{""width"": 720, ""height"": 1080}",86,16916,dffd36793130674623b991a4c79b648f3f33b632a3f5f78c48e49b1552c93d64
AUDIOBOOK,Audiolibros/inventario.csv,45,Ética extramuros (2a. ed.),"Riechmann, Jorge",Filosofía,https://elibro.puce.elogim.com/es/lc/puce/titulos/54040,"Filosofía/originales/Ética extramuros (2a. ed.) - Riechmann, Jorge.jpg","covers/Audiolibros/Filosofía/originales/Ética extramuros (2a. ed.) - Riechmann, Jorge.jpg",1419497cef7f7644a75ff5b30663ea2e2fbdb5c536d0dc8b4e14214cb7736473,Audiolibros/Filosofia/portadas/audiobook-b95491074946ed12.webp,,REVISION_ENCUADRE,No existe un crop seguro para las marcas protegidas.,"[""Falta la editorial."", ""Falta un idioma válido."", ""AUDIOBOOK requiere duración positiva, narradores y páginas null.""]",117,impossible,"Los motivos botánicos morados alcanzan ambos extremos. Eliminar anchura por cualquier lado corta ramas/hojas, aunque el título central permanezca completo.",,,"{""width"": 220, ""height"": 320}",,,,
AUDIOBOOK,Audiolibros/inventario.csv,46,Ética general (6a. ed.),"Rodríguez Luño, Ángel",Filosofía,https://elibro.puce.elogim.com/es/lc/puce/titulos/46946,"Filosofía/originales/Ética general (6a. ed.) - Rodríguez Luño, Ángel.jpg","covers/Audiolibros/Filosofía/originales/Ética general (6a. ed.) - Rodríguez Luño, Ángel.jpg",fee0c1f17eaf0e68a5dc23ff6dc209164ead3155e73cb5d39984a0178cd976ad,Audiolibros/Filosofia/portadas/audiobook-54322882e821818c.webp,,METADATOS_PENDIENTES,"Falta la editorial.; Falta un idioma válido.; AUDIOBOOK requiere duración positiva, narradores y páginas null.","[""Falta la editorial."", ""Falta un idioma válido."", ""AUDIOBOOK requiere duración positiva, narradores y páginas null.""]",,automatic_normalization,,,generated/digital-batch/pending-images/Audiolibros/Filosofia/portadas/audiobook-54322882e821818c.webp,"{""width"": 220, ""height"": 320}","{""width"": 720, ""height"": 1080}",86,16402,bcbed14ca4b3c51812734437a2169991d3f5ea7b49040152cce3071624e1ec20
AUDIOBOOK,Audiolibros/inventario.csv,47,Ética integral,"Blanco Blanco, Luis Antonio",Filosofía,https://elibro.puce.elogim.com/es/lc/puce/titulos/69262,"Filosofía/originales/Ética integral - Blanco Blanco, Luis Antonio.jpg","covers/Audiolibros/Filosofía/originales/Ética integral - Blanco Blanco, Luis Antonio.jpg",022ca3cdabd865076bf50c5ba9c9a37f9c09734c615f8998f321356053256c90,Audiolibros/Filosofia/portadas/audiobook-519a7c53764713c8.webp,,REVISION_ENCUADRE,No existe un crop seguro para las marcas protegidas.,"[""Falta la editorial."", ""Falta un idioma válido."", ""AUDIOBOOK requiere duración positiva, narradores y páginas null.""]",118,impossible,La ilustración de cabezas anidadas se prolonga hasta el borde izquierdo y la nariz/silueta hasta el derecho. No existe margen lateral vacío continuo.,,,"{""width"": 220, ""height"": 320}",,,,
AUDIOBOOK,Audiolibros/inventario.csv,48,Ética y cultura,"Ricoeur, Paul",Filosofía,https://elibro.puce.elogim.com/es/lc/puce/titulos/191960,"Filosofía/originales/Ética y cultura - Ricoeur, Paul.jpg","covers/Audiolibros/Filosofía/originales/Ética y cultura - Ricoeur, Paul.jpg",105453a971bbe90f8fb7cbd627d45d02aaa45b858d6b0b41e2f7fe7f5ea86225,Audiolibros/Filosofia/portadas/audiobook-c1b41020fd3c464c.webp,,METADATOS_PENDIENTES,"Falta la editorial.; Falta un idioma válido.; AUDIOBOOK requiere duración positiva, narradores y páginas null.","[""Falta la editorial."", ""Falta un idioma válido."", ""AUDIOBOOK requiere duración positiva, narradores y páginas null.""]",,automatic_normalization,,,generated/digital-batch/pending-images/Audiolibros/Filosofia/portadas/audiobook-c1b41020fd3c464c.webp,"{""width"": 220, ""height"": 320}","{""width"": 720, ""height"": 1080}",86,42642,bd4320bb20ca202d7bf958baf709824676c6b3bc5624bc42e7ceebd4c5b38f46
AUDIOBOOK,Audiolibros/inventario.csv,49,Ética y libertad,Roman Garate,Filosofía,https://elibro.puce.elogim.com/es/lc/puce/titulos/34123,Filosofía/originales/Ética y libertad - Roman Garate.jpg,covers/Audiolibros/Filosofía/originales/Ética y libertad - Roman Garate.jpg,2614702717e3f21aee3ac10e46527a4ce34e17657fc38eebf6e75db7ffc9f4ff,Audiolibros/Filosofia/portadas/audiobook-d6813d23c882b658.webp,,METADATOS_PENDIENTES,"Falta la editorial.; Falta un idioma válido.; AUDIOBOOK requiere duración positiva, narradores y páginas null.","[""Falta la editorial."", ""Falta un idioma válido."", ""AUDIOBOOK requiere duración positiva, narradores y páginas null.""]",,automatic_normalization,,,generated/digital-batch/pending-images/Audiolibros/Filosofia/portadas/audiobook-d6813d23c882b658.webp,"{""width"": 220, ""height"": 320}","{""width"": 720, ""height"": 1080}",86,28032,f32d987659b8185fbb0f9fa741dad4b1278d797c71c2672e519ca300fcda33fa
AUDIOBOOK,Audiolibros/inventario.csv,50,Ética y política,"Sánchez Vázquez, Adolfo",Filosofía,https://elibro.puce.elogim.com/es/lc/puce/titulos/110932,"Filosofía/originales/Ética y política - Sánchez Vázquez, Adolfo.jpg","covers/Audiolibros/Filosofía/originales/Ética y política - Sánchez Vázquez, Adolfo.jpg",0b6f43fc3718a556dbf1a6f5c2d795a1e2c520af24ee0e6a2337e04296094658,Audiolibros/Filosofia/portadas/audiobook-e13bdd919ce475f6.webp,,METADATOS_PENDIENTES,"Falta la editorial.; Falta un idioma válido.; AUDIOBOOK requiere duración positiva, narradores y páginas null.","[""Falta la editorial."", ""Falta un idioma válido."", ""AUDIOBOOK requiere duración positiva, narradores y páginas null.""]",,automatic_normalization,,,generated/digital-batch/pending-images/Audiolibros/Filosofia/portadas/audiobook-e13bdd919ce475f6.webp,"{""width"": 220, ""height"": 320}","{""width"": 720, ""height"": 1080}",86,47944,a04a3956529a2dcd43d2bd6d9efe6bed98f64ce38ee8ec803c6db9a7ba7e4aaa
AUDIOBOOK,Audiolibros/inventario.csv,51,Ética y psicoanálisis,"Fromm, Erich",Filosofía,https://elibro.puce.elogim.com/es/lc/puce/titulos/173449,"Filosofía/originales/Ética y psicoanálisis - Fromm, Erich.jpg","covers/Audiolibros/Filosofía/originales/Ética y psicoanálisis - Fromm, Erich.jpg",52c4bd55255fdc9335a73334414cb038d77887ff2a2c95bc616dd745df9ae796,Audiolibros/Filosofia/portadas/audiobook-e9c64ba5698c0cc9.webp,,METADATOS_PENDIENTES,"Falta la editorial.; Falta un idioma válido.; AUDIOBOOK requiere duración positiva, narradores y páginas null.","[""Falta la editorial."", ""Falta un idioma válido."", ""AUDIOBOOK requiere duración positiva, narradores y páginas null.""]",,automatic_normalization,,,generated/digital-batch/pending-images/Audiolibros/Filosofia/portadas/audiobook-e9c64ba5698c0cc9.webp,"{""width"": 220, ""height"": 320}","{""width"": 720, ""height"": 1080}",86,54514,22d3b509841304196b22e9cec9429db7417f3a153cbfcc7bf4bca2d1d6e8d144
AUDIOBOOK,Audiolibros/inventario.csv,52,24 ideas para una psicoterapia breve (2a. ed.),Mark Beyebach,Psicología,https://elibro.puce.elogim.com/es/lc/puce/titulos/45760,Psicología/originales/24 ideas para una psicoterapia breve (2a. ed.) - Mark Beyebach.jpg,covers/Audiolibros/Psicología/originales/24 ideas para una psicoterapia breve (2a. ed.) - Mark Beyebach.jpg,b27a2fe012721fa18ba9645db1031d7112f00eec2663cf5bc535f624d96e385b,Audiolibros/psicologia/portadas/audiobook-55c9e35ac75d34cf.webp,,METADATOS_PENDIENTES,"Falta la editorial.; Falta un idioma válido.; AUDIOBOOK requiere duración positiva, narradores y páginas null.","[""Falta la editorial."", ""Falta un idioma válido."", ""AUDIOBOOK requiere duración positiva, narradores y páginas null.""]",,automatic_normalization,,,generated/digital-batch/pending-images/Audiolibros/psicologia/portadas/audiobook-55c9e35ac75d34cf.webp,"{""width"": 220, ""height"": 320}","{""width"": 720, ""height"": 1080}",86,21846,6611a0c58763e2c68be9f2757ba31debe1affdf9a1addb6fd6d2e4ca7595eab6
AUDIOBOOK,Audiolibros/inventario.csv,53,Confieso que he sentido: historias secretas de psicoterapia,"León, Sebastián",Psicología,https://elibro.puce.elogim.com/es/lc/puce/titulos/67549,"Psicología/originales/Confieso que he sentido historias secretas de psicoterapia - León, Sebastián.jpg","covers/Audiolibros/Psicología/originales/Confieso que he sentido historias secretas de psicoterapia - León, Sebastián.jpg",8a02510ecc45148e2815e325747593c8cd780f5293eb0767d24285f466fadc5e,Audiolibros/psicologia/portadas/audiobook-e047127117b73527.webp,,REVISION_ENCUADRE,No existe un crop seguro para las marcas protegidas.,"[""Falta la editorial."", ""Falta un idioma válido."", ""AUDIOBOOK requiere duración positiva, narradores y páginas null.""]",119,impossible,"La fotografía de casilleros, llaves y herrajes ocupa ambos extremos en la zona superior. Recortar solo el fondo plano inferior no resuelve el ancho total y un crop lateral corta fotografía.",,,"{""width"": 220, ""height"": 320}",,,,
AUDIOBOOK,Audiolibros/inventario.csv,54,Constructivismo y psicoterapia (3a. ed.),"Feixas Viaplana, Guillem; Villegas Besora, Manuel",Psicología,https://elibro.puce.elogim.com/es/lc/puce/titulos/47644,"Psicología/originales/Constructivismo y psicoterapia (3a. ed.) - Feixas Viaplana, Guillem; Villegas Besora, Manuel.jpg","covers/Audiolibros/Psicología/originales/Constructivismo y psicoterapia (3a. ed.) - Feixas Viaplana, Guillem; Villegas Besora, Manuel.jpg",1a6ecc9f720820ee908c20f7d085c6a3629ea7c58e886470a4a67079ddf41d18,Audiolibros/psicologia/portadas/audiobook-4a795b65bdfd9ca1.webp,,METADATOS_PENDIENTES,"Falta la editorial.; Falta un idioma válido.; AUDIOBOOK requiere duración positiva, narradores y páginas null.","[""Falta la editorial."", ""Falta un idioma válido."", ""AUDIOBOOK requiere duración positiva, narradores y páginas null.""]",,automatic_normalization,,,generated/digital-batch/pending-images/Audiolibros/psicologia/portadas/audiobook-4a795b65bdfd9ca1.webp,"{""width"": 220, ""height"": 320}","{""width"": 720, ""height"": 1080}",86,23158,00cff5b9af71ae90cd33245f26af053c5934933f3ff3021ba701ce8eb0eb21e3
AUDIOBOOK,Audiolibros/inventario.csv,55,Crítica de la psicoterapia integrativa,Guillermo Cepeda Armijos,Psicología,https://elibro.puce.elogim.com/es/lc/puce/titulos/79874,Psicología/originales/Crítica de la psicoterapia integrativa - Guillermo Cepeda Armijos.jpg,covers/Audiolibros/Psicología/originales/Crítica de la psicoterapia integrativa - Guillermo Cepeda Armijos.jpg,2ffddc999c98d09373c9dec2782b2a8f85a3e6f81c7aaf885dc4db833c3cc1bd,Audiolibros/psicologia/portadas/audiobook-6e39f5b1f9e5f84f.webp,,METADATOS_PENDIENTES,"Falta la editorial.; Falta un idioma válido.; AUDIOBOOK requiere duración positiva, narradores y páginas null.","[""Falta la editorial."", ""Falta un idioma válido."", ""AUDIOBOOK requiere duración positiva, narradores y páginas null.""]",,automatic_normalization,,,generated/digital-batch/pending-images/Audiolibros/psicologia/portadas/audiobook-6e39f5b1f9e5f84f.webp,"{""width"": 220, ""height"": 320}","{""width"": 720, ""height"": 1080}",86,45638,2748cac3f39219d3c6577f751145c923c7bf7109613ff4dd95b71aeb2d924ae3
AUDIOBOOK,Audiolibros/inventario.csv,56,Escritos de psicoterapia cognitiva,"Keegan, Eduardo",Psicología,https://elibro.puce.elogim.com/es/lc/puce/titulos/66218,"Psicología/originales/Escritos de psicoterapia cognitiva - Keegan, Eduardo.jpg","covers/Audiolibros/Psicología/originales/Escritos de psicoterapia cognitiva - Keegan, Eduardo.jpg",52e1f69574c2a424df535c68763a5882b200f706d52614214a107abe7c4c1caf,Audiolibros/psicologia/portadas/audiobook-b2d3df9243256b1b.webp,,METADATOS_PENDIENTES,"Falta la editorial.; Falta un idioma válido.; AUDIOBOOK requiere duración positiva, narradores y páginas null.","[""Falta la editorial."", ""Falta un idioma válido."", ""AUDIOBOOK requiere duración positiva, narradores y páginas null.""]",,automatic_normalization,,,generated/digital-batch/pending-images/Audiolibros/psicologia/portadas/audiobook-b2d3df9243256b1b.webp,"{""width"": 220, ""height"": 320}","{""width"": 720, ""height"": 1080}",86,50250,ebd90f80a420e2269c9462804bf94faa5d08eca218fdf18e478290d36502ee82
AUDIOBOOK,Audiolibros/inventario.csv,57,Historia de la psicología,"Santamaría, Carlos",Psicología,https://elibro.puce.elogim.com/es/lc/puce/titulos/293923,"Psicología/originales/Historia de la psicología - Santamaría, Carlos.jpg","covers/Audiolibros/Psicología/originales/Historia de la psicología - Santamaría, Carlos.jpg",bbdeaed1bb920151e292feca82e99c312ed6ca7996664456efab2bd8a6850630,Audiolibros/psicologia/portadas/audiobook-37f13fad292b679a.webp,,METADATOS_PENDIENTES,"Falta la editorial.; Falta un idioma válido.; AUDIOBOOK requiere duración positiva, narradores y páginas null.","[""Falta la editorial."", ""Falta un idioma válido."", ""AUDIOBOOK requiere duración positiva, narradores y páginas null.""]",,automatic_normalization,,,generated/digital-batch/pending-images/Audiolibros/psicologia/portadas/audiobook-37f13fad292b679a.webp,"{""width"": 220, ""height"": 320}","{""width"": 720, ""height"": 1080}",86,34240,2d968ef9c5ceb108af325ccce5f0fb8de301e8e93a6ee03b88a99807790e52fa
AUDIOBOOK,Audiolibros/inventario.csv,58,Historia de la psicología en Colombia,"Ardila, Rubén",Psicología,https://elibro.puce.elogim.com/es/lc/puce/titulos/71159,"Psicología/originales/Historia de la psicología en Colombia - Ardila, Rubén.jpg","covers/Audiolibros/Psicología/originales/Historia de la psicología en Colombia - Ardila, Rubén.jpg",39645d7a5684e2058b41ae32b946e5498e8a16a1a1643b3d5da56e6a8cdb75e3,Audiolibros/psicologia/portadas/audiobook-515007baa9e819ef.webp,,METADATOS_PENDIENTES,"Falta la editorial.; Falta un idioma válido.; AUDIOBOOK requiere duración positiva, narradores y páginas null.","[""Falta la editorial."", ""Falta un idioma válido."", ""AUDIOBOOK requiere duración positiva, narradores y páginas null.""]",,automatic_normalization,,,generated/digital-batch/pending-images/Audiolibros/psicologia/portadas/audiobook-515007baa9e819ef.webp,"{""width"": 220, ""height"": 320}","{""width"": 720, ""height"": 1080}",86,43776,0514e5a68d103a6528a185c88c412cadc3b373b414e23cc0a3c7ee11f5e4dcb5
AUDIOBOOK,Audiolibros/inventario.csv,59,Infancia: psicoterapia gestáltica,"Valle Bevilacqua, Liliana del",Psicología,https://elibro.puce.elogim.com/es/lc/puce/titulos/78191,"Psicología/originales/Infancia psicoterapia gestáltica - Valle Bevilacqua, Liliana del.jpg","covers/Audiolibros/Psicología/originales/Infancia psicoterapia gestáltica - Valle Bevilacqua, Liliana del.jpg",50946a92230a8ec792867fcd9a60dd8863f57a60faf68c693230a0620b0b9c07,Audiolibros/psicologia/portadas/audiobook-cd417836b30b75f2.webp,,REVISION_ENCUADRE,No existe un crop seguro para las marcas protegidas.,"[""Falta la editorial."", ""Falta un idioma válido."", ""AUDIOBOOK requiere duración positiva, narradores y páginas null.""]",120,impossible,"La fotografía del niño llega al borde izquierdo. A la derecha, la ampliación por columnas muestra que las últimas letras azules de Psicoterapia/Gestáltica ocupan x=213 y su suavizado llega a x=214; el límite requerido x=213,3333 cortaría esas letras, por lo que no cabe todo el recorte en el blanco derecho.",,,"{""width"": 220, ""height"": 320}",,,,
AUDIOBOOK,Audiolibros/inventario.csv,60,Lecciones de psicología cognitiva,"Fernández, Humberto",Psicología,https://elibro.puce.elogim.com/es/lc/puce/titulos/77154,"Psicología/originales/Lecciones de psicología cognitiva - Fernández, Humberto.jpg","covers/Audiolibros/Psicología/originales/Lecciones de psicología cognitiva - Fernández, Humberto.jpg",c50ee91e8e2dda211eb20ebe262d86fca4e4c24c5afda029adb12b34a766da06,Audiolibros/psicologia/portadas/audiobook-c66b08fc14cb351c.webp,,METADATOS_PENDIENTES,"Falta la editorial.; Falta un idioma válido.; AUDIOBOOK requiere duración positiva, narradores y páginas null.","[""Falta la editorial."", ""Falta un idioma válido."", ""AUDIOBOOK requiere duración positiva, narradores y páginas null.""]",,automatic_normalization,,,generated/digital-batch/pending-images/Audiolibros/psicologia/portadas/audiobook-c66b08fc14cb351c.webp,"{""width"": 220, ""height"": 320}","{""width"": 720, ""height"": 1080}",86,26896,0efaea0199010648f6b292dcb88c800cb235e36a624128b1967ac56cf588982c
AUDIOBOOK,Audiolibros/inventario.csv,61,Manual práctico de psicoterapia Gestalt (7a. ed.),"Martín, Ángeles",Psicología,https://elibro.puce.elogim.com/es/lc/puce/titulos/47794,"Psicología/originales/Manual práctico de psicoterapia Gestalt (7a. ed.) - Martín, Ángeles.jpg","covers/Audiolibros/Psicología/originales/Manual práctico de psicoterapia Gestalt (7a. ed.) - Martín, Ángeles.jpg",ffd1c61e3a75a99e22892a65e6f37ebf7b67d6182cfa623a95b3617c45020df3,Audiolibros/psicologia/portadas/audiobook-5a61a34c290181ac.webp,,REVISION_ENCUADRE,No existe un crop seguro para las marcas protegidas.,"[""Falta la editorial."", ""Falta un idioma válido."", ""AUDIOBOOK requiere duración positiva, narradores y páginas null.""]",121,impossible,La fotografía llena el lateral izquierdo y el autor/título llegan prácticamente al derecho; Gestalt alcanza el extremo. No hay franja vacía continua ni margen combinado suficiente sin cortar imagen o letras.,,,"{""width"": 220, ""height"": 320}",,,,
AUDIOBOOK,Audiolibros/inventario.csv,62,Principios de una psicoterapia de la psicosis,"Álvarez, José María",Psicología,https://elibro.puce.elogim.com/es/lc/puce/titulos/128573,"Psicología/originales/Principios de una psicoterapia de la psicosis - Álvarez, José María.jpg","covers/Audiolibros/Psicología/originales/Principios de una psicoterapia de la psicosis - Álvarez, José María.jpg",af5ff30b04f6474dc83a708e39cd3fd4aad698b64157cd934238ad965a905fb1,Audiolibros/psicologia/portadas/audiobook-688c3a28f1d3c7da.webp,,METADATOS_PENDIENTES,"Falta la editorial.; Falta un idioma válido.; AUDIOBOOK requiere duración positiva, narradores y páginas null.","[""Falta la editorial."", ""Falta un idioma válido."", ""AUDIOBOOK requiere duración positiva, narradores y páginas null.""]",,automatic_normalization,,,generated/digital-batch/pending-images/Audiolibros/psicologia/portadas/audiobook-688c3a28f1d3c7da.webp,"{""width"": 220, ""height"": 320}","{""width"": 720, ""height"": 1080}",86,31786,ea23342e2f9fb086c3ba8e178c995f00d9bf704b27151f0efcd99b4d05f69afb
AUDIOBOOK,Audiolibros/inventario.csv,63,Psicología aplicada a la publicidad,"Thomas Currás, Helena; García Dauder, Silvia",Psicología,https://elibro.puce.elogim.com/es/lc/puce/titulos/63129,"Psicología/originales/Psicología aplicada a la publicidad - Thomas Currás, Helena; García Dauder, Silvia.jpg","covers/Audiolibros/Psicología/originales/Psicología aplicada a la publicidad - Thomas Currás, Helena; García Dauder, Silvia.jpg",959295f6b4e2fe1240cc69d8e1f241a307872bc981ba2da16c2f1f05a868a7a7,Audiolibros/psicologia/portadas/audiobook-3db31c6682e01c21.webp,,REVISION_ENCUADRE,No existe un crop seguro para las marcas protegidas.,"[""Falta la editorial."", ""Falta un idioma válido."", ""AUDIOBOOK requiere duración positiva, narradores y páginas null.""]",122,impossible,El emblema de publicaciones inferior llega casi al borde izquierdo y las marcas repetidas de universidad llegan al derecho. La banda roja también cruza el izquierdo; no existe recorte lateral vacío seguro.,,,"{""width"": 220, ""height"": 320}",,,,
AUDIOBOOK,Audiolibros/inventario.csv,64,Psicología básica,"Eysenck, Michael W.",Psicología,https://elibro.puce.elogim.com/es/lc/puce/titulos/174631,"Psicología/originales/Psicología básica - Eysenck, Michael W..jpg","covers/Audiolibros/Psicología/originales/Psicología básica - Eysenck, Michael W..jpg",ef72a810670877f7dbc4c8337573c33092cc8c8d7eca0f9c0ce105fa980bf8f5,Audiolibros/psicologia/portadas/audiobook-ea776125fbb2cee8.webp,,REVISION_ENCUADRE,No existe un crop seguro para las marcas protegidas.,"[""Falta la editorial."", ""Falta un idioma válido."", ""AUDIOBOOK requiere duración positiva, narradores y páginas null.""]",123,impossible,La ilustración/fotografía de nodos luminosos llena ambos extremos. No hay un margen externo vacío para reducir el ancho sin eliminar parte de la red.,,,"{""width"": 220, ""height"": 320}",,,,
AUDIOBOOK,Audiolibros/inventario.csv,65,Psicología de la música,"Schön, Daniele; Akiva-Kabiri, Lilach; Vecchi, Tomaso",Psicología,https://elibro.puce.elogim.com/es/lc/puce/titulos/216569,"Psicología/originales/Psicología de la música - Schön, Daniele; Akiva-Kabiri, Lilach; Vecchi, Tomaso.jpg","covers/Audiolibros/Psicología/originales/Psicología de la música - Schön, Daniele; Akiva-Kabiri, Lilach; Vecchi, Tomaso.jpg",f82ccfa2a8fb3d38f199ec396a1f21d920ea02e1f0dfd599d150608178471731,Audiolibros/psicologia/portadas/audiobook-75d305b10d871ee4.webp,,METADATOS_PENDIENTES,"Falta la editorial.; Falta un idioma válido.; AUDIOBOOK requiere duración positiva, narradores y páginas null.","[""Falta la editorial."", ""Falta un idioma válido."", ""AUDIOBOOK requiere duración positiva, narradores y páginas null.""]",,automatic_normalization,,,generated/digital-batch/pending-images/Audiolibros/psicologia/portadas/audiobook-75d305b10d871ee4.webp,"{""width"": 220, ""height"": 320}","{""width"": 720, ""height"": 1080}",86,22178,31d3bd8f7f5e178fe04c2d79f1a913e21742c518dc06d6b36b48d7e60e6ad43d
AUDIOBOOK,Audiolibros/inventario.csv,66,Psicología de la personalidad (7a. ed.),"Larsen, Randy; Buss, David M.",Psicología,https://elibro.puce.elogim.com/es/lc/puce/titulos/295095,"Psicología/originales/Psicología de la personalidad (7a. ed.) - Larsen, Randy; Buss, David M..jpg","covers/Audiolibros/Psicología/originales/Psicología de la personalidad (7a. ed.) - Larsen, Randy; Buss, David M..jpg",50a80fbfc6df061bc00663bab8f697e4cde49bc731b775b0edcef81b8123fa7a,Audiolibros/psicologia/portadas/audiobook-97d13cdec3b121c1.webp,,REVISION_ENCUADRE,No existe un crop seguro para las marcas protegidas.,"[""Falta la editorial."", ""Falta un idioma válido."", ""AUDIOBOOK requiere duración positiva, narradores y páginas null.""]",124,impossible,Los medallones de imágenes están a sangre a la izquierda y el retrato superior a la derecha; también hay partículas de la mano cerca del derecho. Cualquier crop lateral corta una imagen.,,,"{""width"": 220, ""height"": 320}",,,,
AUDIOBOOK,Audiolibros/inventario.csv,67,Psicología del crecimiento interior,"Ramírez Villafáñez, Amado",Psicología,https://elibro.puce.elogim.com/es/lc/puce/titulos/63002,"Psicología/originales/Psicología del crecimiento interior - Ramírez Villafáñez, Amado.jpg","covers/Audiolibros/Psicología/originales/Psicología del crecimiento interior - Ramírez Villafáñez, Amado.jpg",b4fe994282c0192939fb41727c6fb4ba0cd5bdb1d35914f527e7424f7f4f1f8e,Audiolibros/psicologia/portadas/audiobook-392b2831c54b8b36.webp,,METADATOS_PENDIENTES,"Falta la editorial.; Falta un idioma válido.; AUDIOBOOK requiere duración positiva, narradores y páginas null.","[""Falta la editorial."", ""Falta un idioma válido."", ""AUDIOBOOK requiere duración positiva, narradores y páginas null.""]",,automatic_normalization,,,generated/digital-batch/pending-images/Audiolibros/psicologia/portadas/audiobook-392b2831c54b8b36.webp,"{""width"": 220, ""height"": 320}","{""width"": 720, ""height"": 1080}",86,42090,d2c57fec75585ee01fb249eceb45c077f1708f6fb0aafce68d9115025e24c2d7
AUDIOBOOK,Audiolibros/inventario.csv,68,Psicología del delincuente,"Pollitz, Paul",Psicología,https://elibro.puce.elogim.com/es/lc/puce/titulos/240116,"Psicología/originales/Psicología del delincuente - Pollitz, Paul.jpg","covers/Audiolibros/Psicología/originales/Psicología del delincuente - Pollitz, Paul.jpg",c240d094587db48e9408a6d9d5ab43f23b6fca2dea11fb5350ea41cd7eea0f82,Audiolibros/psicologia/portadas/audiobook-bc5d121d338cba2f.webp,,METADATOS_PENDIENTES,"Falta la editorial.; Falta un idioma válido.; AUDIOBOOK requiere duración positiva, narradores y páginas null.","[""Falta la editorial."", ""Falta un idioma válido."", ""AUDIOBOOK requiere duración positiva, narradores y páginas null.""]",125,approved,"Se retiran solo 6,6667 px de la franja crema izquierda. La ampliación por columnas sitúa los trazos del apellido vertical a partir de x=7 y los conserva completos; la pintura, el bloque azul, el título y los logotipos quedan íntegros. No se recorta el lado derecho a sangre.","{""source_box"": [6.666666666666657, 0.0, 220.0, 320.0], ""coordinate_space"": ""exif_oriented_source_pixels"", ""source_sha256"": ""c240d094587db48e9408a6d9d5ab43f23b6fca2dea11fb5350ea41cd7eea0f82"", ""reason"": ""Se retiran solo 6,6667 px de la franja crema izquierda. La ampliación por columnas sitúa los trazos del apellido vertical a partir de x=7 y los conserva completos; la pintura, el bloque azul, el título y los logotipos quedan íntegros. No se recorta el lado derecho a sangre.""}",generated/digital-batch/pending-images/Audiolibros/psicologia/portadas/audiobook-bc5d121d338cba2f.webp,"{""width"": 220, ""height"": 320}","{""width"": 720, ""height"": 1080}",86,43742,7ef8d42c7ece6a651188d6a97dbaaa1ffb6fb0df6445bff261e3de6c7fbb7c02
AUDIOBOOK,Audiolibros/inventario.csv,69,Psicología del desarrollo de la niñez,"Faas, Ana Eugenia",Psicología,https://elibro.puce.elogim.com/es/lc/puce/titulos/78809,"Psicología/originales/Psicología del desarrollo de la niñez - Faas, Ana Eugenia.jpg","covers/Audiolibros/Psicología/originales/Psicología del desarrollo de la niñez - Faas, Ana Eugenia.jpg",579701ae0baa704fb78dd54fa2c893399fc878fd182442e85cb462c0d5c3ce45,Audiolibros/psicologia/portadas/audiobook-a753af2f12da514a.webp,,REVISION_ENCUADRE,No existe un crop seguro para las marcas protegidas.,"[""Falta la editorial."", ""Falta un idioma válido."", ""AUDIOBOOK requiere duración positiva, narradores y páginas null.""]",126,impossible,"El bebé llega cerca del izquierdo y la extremidad de la niña cerca del derecho. La revisión por columnas muestra contenido del bebé desde aproximadamente x=3 y de la niña hasta x=216, con suavizado adyacente; el margen combinado es menor que 6,6667 px. La línea gris exterior tampoco ofrece ancho suficiente.",,,"{""width"": 220, ""height"": 320}",,,,
AUDIOBOOK,Audiolibros/inventario.csv,70,Psicología del Poder,"Población, Pablo",Psicología,https://elibro.puce.elogim.com/es/lc/puce/titulos/189415,"Psicología/originales/Psicología del Poder - Población, Pablo.jpg","covers/Audiolibros/Psicología/originales/Psicología del Poder - Población, Pablo.jpg",129b4a69921588526d89c625f368770f37abeef20a07766ae0abf8b5468210e8,Audiolibros/psicologia/portadas/audiobook-2958ef439959c6b6.webp,,METADATOS_PENDIENTES,"Falta la editorial.; Falta un idioma válido.; AUDIOBOOK requiere duración positiva, narradores y páginas null.","[""Falta la editorial."", ""Falta un idioma válido."", ""AUDIOBOOK requiere duración positiva, narradores y páginas null.""]",,automatic_normalization,,,generated/digital-batch/pending-images/Audiolibros/psicologia/portadas/audiobook-2958ef439959c6b6.webp,"{""width"": 220, ""height"": 320}","{""width"": 720, ""height"": 1080}",86,30322,0577aa4a63da2d7232e5bf150a9ceb62b07086d6459b0d3321c5225fe8da5990
AUDIOBOOK,Audiolibros/inventario.csv,71,Psicología y cultura de los adolescentes,"Yuni, José Alberto; Urbano, Claudio Ariel",Psicología,https://elibro.puce.elogim.com/es/lc/puce/titulos/77443,"Psicología/originales/Psicología y cultura de los adolescentes - Yuni, José Alberto; Urbano, Claudio Ariel.jpg","covers/Audiolibros/Psicología/originales/Psicología y cultura de los adolescentes - Yuni, José Alberto; Urbano, Claudio Ariel.jpg",0821db1acc2915fa9801ef4d09a875460ef6e9cc41d857b571c075d00a928347,Audiolibros/psicologia/portadas/audiobook-0e764b84c6567f0a.webp,,REVISION_ENCUADRE,No existe un crop seguro para las marcas protegidas.,"[""Falta la editorial."", ""Falta un idioma válido."", ""AUDIOBOOK requiere duración positiva, narradores y páginas null.""]",127,impossible,La fotografía del grupo de adolescentes alcanza ambos laterales. No hay margen vacío continuo y retirar ancho cortaría ropa/cuerpos de la fotografía.,,,"{""width"": 220, ""height"": 320}",,,,
AUDIOBOOK,Audiolibros/inventario.csv,72,Psicología y economía,"Bonavía Martín, Tomás; Quintanilla Pardo, Ismael",Psicología,https://elibro.puce.elogim.com/es/lc/puce/titulos/297354,"Psicología/originales/Psicología y economía - Bonavía Martín, Tomás; Quintanilla Pardo, Ismael.jpg","covers/Audiolibros/Psicología/originales/Psicología y economía - Bonavía Martín, Tomás; Quintanilla Pardo, Ismael.jpg",ed3634d12bec57323e6de2adabc6af813e2592e371a54b01cfe2e494e1dc0c42,Audiolibros/psicologia/portadas/audiobook-87dc5625316c2b97.webp,,REVISION_ENCUADRE,No existe un crop seguro para las marcas protegidas.,"[""Falta la editorial."", ""Falta un idioma válido."", ""AUDIOBOOK requiere duración positiva, narradores y páginas null.""]",128,impossible,"Solo hay una línea blanca externa muy estrecha a ambos lados, insuficiente para 6,6667 px en total. Inmediatamente detrás comienza la fotografía de libros, reflejo y mesa; cualquier crop exacto 2:3 cortaría esa fotografía.",,,"{""width"": 220, ""height"": 320}",,,,
AUDIOBOOK,Audiolibros/inventario.csv,73,Psicoterapia (2a. ed.),Lucio Balarezo,Psicología,https://elibro.puce.elogim.com/es/lc/puce/titulos/80160,Psicología/originales/Psicoterapia (2a. ed.) - Lucio Balarezo.jpg,covers/Audiolibros/Psicología/originales/Psicoterapia (2a. ed.) - Lucio Balarezo.jpg,0314ac90a4e6641e3eb4fa4a9048380df73f51c09586540e4d7a517a957be466,Audiolibros/psicologia/portadas/audiobook-a7bbf2b70d4c026e.webp,,REVISION_ENCUADRE,No existe un crop seguro para las marcas protegidas.,"[""Falta la editorial."", ""Falta un idioma válido."", ""AUDIOBOOK requiere duración positiva, narradores y páginas null.""]",129,impossible,Las cintas y luces azules de la imagen abstracta cruzan ambos bordes. No hay margen externo vacío; el crop lateral quitaría parte de esa ilustración.,,,"{""width"": 220, ""height"": 320}",,,,
AUDIOBOOK,Audiolibros/inventario.csv,74,"Psicoterapia, asesoramiento y consejería (2a. ed.)",Lucio Balarezo Chiriboga,Psicología,https://elibro.puce.elogim.com/es/lc/puce/titulos/80166,"Psicología/originales/Psicoterapia, asesoramiento y consejería (2a. ed.) - Lucio Balarezo Chiriboga.jpg","covers/Audiolibros/Psicología/originales/Psicoterapia, asesoramiento y consejería (2a. ed.) - Lucio Balarezo Chiriboga.jpg",fd0e6fd8f534b27a326f1a271ec7ee9c64c6374ef6998df6f5d1f5d072773006,Audiolibros/psicologia/portadas/audiobook-fc7e8871dd33f964.webp,,METADATOS_PENDIENTES,"Falta la editorial.; Falta un idioma válido.; AUDIOBOOK requiere duración positiva, narradores y páginas null.","[""Falta la editorial."", ""Falta un idioma válido."", ""AUDIOBOOK requiere duración positiva, narradores y páginas null.""]",,automatic_normalization,,,generated/digital-batch/pending-images/Audiolibros/psicologia/portadas/audiobook-fc7e8871dd33f964.webp,"{""width"": 220, ""height"": 320}","{""width"": 720, ""height"": 1080}",86,43514,1de08b400baa0b8625ee764dc25dca4c40d2592f93ebd920f36139587c388067
AUDIOBOOK,Audiolibros/inventario.csv,75,Temas de psicología práctica,"Sarráis Oteo, Fernando",Psicología,https://elibro.puce.elogim.com/es/lc/puce/titulos/47120,"Psicología/originales/Temas de psicología práctica - Sarráis Oteo, Fernando.jpg","covers/Audiolibros/Psicología/originales/Temas de psicología práctica - Sarráis Oteo, Fernando.jpg",42fa81bdf23fe9d57e83825957fe4307f469298096ccb2cf1197ffe4e98251c6,Audiolibros/psicologia/portadas/audiobook-b3f705160d54dbfe.webp,,METADATOS_PENDIENTES,"Falta la editorial.; Falta un idioma válido.; AUDIOBOOK requiere duración positiva, narradores y páginas null.","[""Falta la editorial."", ""Falta un idioma válido."", ""AUDIOBOOK requiere duración positiva, narradores y páginas null.""]",,automatic_normalization,,,generated/digital-batch/pending-images/Audiolibros/psicologia/portadas/audiobook-b3f705160d54dbfe.webp,"{""width"": 220, ""height"": 320}","{""width"": 720, ""height"": 1080}",86,21622,dc3388e7233ff27baf5e24eff4482b6ab4df4c7b23d4aea6a470ce57e02c6072
AUDIOBOOK,Audiolibros/inventario.csv,76,Teoría y técnica de la psicoterapia psicoanalítica,"González Núñez, José de Jesús; Rodríguez Cortés, María del Pilar",Psicología,https://elibro.puce.elogim.com/es/lc/puce/titulos/75485,"Psicología/originales/Teoría y técnica de la psicoterapia psicoanalítica - González Núñez, José de Jesús; Rodríguez Cortés, María del Pilar.jpg","covers/Audiolibros/Psicología/originales/Teoría y técnica de la psicoterapia psicoanalítica - González Núñez, José de Jesús; Rodríguez Cortés, María del Pilar.jpg",20250a7a799abbb81bb44c03d28ee9b226dd60c16d6e8c40ad7fc586df0be9d8,Audiolibros/psicologia/portadas/audiobook-fcd4ee9a90e733d4.webp,,METADATOS_PENDIENTES,"Falta la editorial.; Falta un idioma válido.; AUDIOBOOK requiere duración positiva, narradores y páginas null.","[""Falta la editorial."", ""Falta un idioma válido."", ""AUDIOBOOK requiere duración positiva, narradores y páginas null.""]",,automatic_normalization,,,generated/digital-batch/pending-images/Audiolibros/psicologia/portadas/audiobook-fcd4ee9a90e733d4.webp,"{""width"": 220, ""height"": 320}","{""width"": 720, ""height"": 1080}",86,41546,b4d903c8565afba817059546be3d42449a3f1dce609264dbcdfad6339d25bd86
AUDIOBOOK,Audiolibros/inventario.csv,77,Cleopatra: una vida,"Schiff, Stacy",Historia,https://elibro.puce.elogim.com/es/lc/puce/titulos/247386,"Historia/originales/Cleopatra una vida - Schiff, Stacy.jpg","covers/Audiolibros/Historia/originales/Cleopatra una vida - Schiff, Stacy.jpg",72a78fc0f502e3e2f98538506af0ca2b8cce2ad3db8d91d7e3c270f3c44d754f,Audiolibros/historia/portadas/audiobook-5ffda6c39b6efed0.webp,,METADATOS_PENDIENTES,"Falta la editorial.; Falta un idioma válido.; AUDIOBOOK requiere duración positiva, narradores y páginas null.","[""Falta la editorial."", ""Falta un idioma válido."", ""AUDIOBOOK requiere duración positiva, narradores y páginas null.""]",,automatic_normalization,,,generated/digital-batch/pending-images/Audiolibros/historia/portadas/audiobook-5ffda6c39b6efed0.webp,"{""width"": 220, ""height"": 320}","{""width"": 720, ""height"": 1080}",86,37516,353e0c91e77eb0452fb71f904e216d019a77f89288f1497582b7dda363bfe668
AUDIOBOOK,Audiolibros/inventario.csv,78,Historia mínima de Bolivia,"Klein, Herbert",Historia,https://elibro.puce.elogim.com/es/lc/puce/titulos/194870,"Historia/originales/Historia mínima de Bolivia - Klein, Herbert.jpg","covers/Audiolibros/Historia/originales/Historia mínima de Bolivia - Klein, Herbert.jpg",113db31300ddb2affe7195f228e0a71172bf813ff1c4eee5df7fa3fbc94c0378,Audiolibros/historia/portadas/audiobook-471cf2a4520676e2.webp,,REVISION_ENCUADRE,No existe un crop seguro para las marcas protegidas.,"[""Falta la editorial."", ""Falta un idioma válido."", ""AUDIOBOOK requiere duración positiva, narradores y páginas null.""]",130,impossible,"El cuadro abstracto empieza en el borde izquierdo. La inspección de columnas derechas muestra pintura hasta x=213 y transición en x=214, de modo que la franja derecha es menor de 6,6667 px: el límite x=213,3333 corta el cuadro. No existe alternativa desplazada sin cortar pintura por el izquierdo.",,,"{""width"": 220, ""height"": 320}",,,,
AUDIOBOOK,Audiolibros/inventario.csv,79,Historia mínima de Brasil,"Fausto, Boris",Historia,https://elibro.puce.elogim.com/es/lc/puce/titulos/226347,"Historia/originales/Historia mínima de Brasil - Fausto, Boris.jpg","covers/Audiolibros/Historia/originales/Historia mínima de Brasil - Fausto, Boris.jpg",7476036011934ba906257916643f0d319d6985862dd6d73a2fd6e6f552038e1e,Audiolibros/historia/portadas/audiobook-c010fe1dc07ad8d9.webp,,METADATOS_PENDIENTES,"Falta la editorial.; Falta un idioma válido.; AUDIOBOOK requiere duración positiva, narradores y páginas null.","[""Falta la editorial."", ""Falta un idioma válido."", ""AUDIOBOOK requiere duración positiva, narradores y páginas null.""]",,automatic_normalization,,,generated/digital-batch/pending-images/Audiolibros/historia/portadas/audiobook-c010fe1dc07ad8d9.webp,"{""width"": 220, ""height"": 320}","{""width"": 720, ""height"": 1080}",86,24586,a4799f49d6444b83413f95a22adb5c68d1ac8923afbc1ce506265db213e6ac14
AUDIOBOOK,Audiolibros/inventario.csv,80,Historia mínima de Centroamérica,"Pastor, Rodolfo",Historia,https://elibro.puce.elogim.com/es/lc/puce/titulos/193611,"Historia/originales/Historia mínima de Centroamérica - Pastor, Rodolfo.jpg","covers/Audiolibros/Historia/originales/Historia mínima de Centroamérica - Pastor, Rodolfo.jpg",dc722cc9795aceb87ab9c388278d4eefd2e9aac6e77715b4dc4a63c615a85da6,Audiolibros/historia/portadas/audiobook-c5aaef0d8aa67d63.webp,,METADATOS_PENDIENTES,"Falta la editorial.; Falta un idioma válido.; AUDIOBOOK requiere duración positiva, narradores y páginas null.","[""Falta la editorial."", ""Falta un idioma válido."", ""AUDIOBOOK requiere duración positiva, narradores y páginas null.""]",,automatic_normalization,,,generated/digital-batch/pending-images/Audiolibros/historia/portadas/audiobook-c5aaef0d8aa67d63.webp,"{""width"": 220, ""height"": 320}","{""width"": 720, ""height"": 1080}",86,37330,e9e58003fe2e5b9546a5f9f9be9e6aa897ee1d211b9f737fb8ddfd4bd8d30c26
AUDIOBOOK,Audiolibros/inventario.csv,81,Historia mínima de Chile,"Sagredo Baeza, Rafael",Historia,https://elibro.puce.elogim.com/es/lc/puce/titulos/193635,"Historia/originales/Historia mínima de Chile - Sagredo Baeza, Rafael.jpg","covers/Audiolibros/Historia/originales/Historia mínima de Chile - Sagredo Baeza, Rafael.jpg",5b6c8ece8a96e9ae897be2494cee9d4328dc436eb7f6b0df3a893565f5a5212c,Audiolibros/historia/portadas/audiobook-93b9e1556ed1909c.webp,,METADATOS_PENDIENTES,"Falta la editorial.; Falta un idioma válido.; AUDIOBOOK requiere duración positiva, narradores y páginas null.","[""Falta la editorial."", ""Falta un idioma válido."", ""AUDIOBOOK requiere duración positiva, narradores y páginas null.""]",,automatic_normalization,,,generated/digital-batch/pending-images/Audiolibros/historia/portadas/audiobook-93b9e1556ed1909c.webp,"{""width"": 220, ""height"": 320}","{""width"": 720, ""height"": 1080}",86,37588,1d927443fb51cef8c0d2025358808adfa8679ecd2d48ef2818a1d7c0e5c4b8e1
AUDIOBOOK,Audiolibros/inventario.csv,82,Historia mínima de Cuba,"Zanetti Lecuona, Oscar",Historia,https://elibro.puce.elogim.com/es/lc/puce/titulos/193629,"Historia/originales/Historia mínima de Cuba - Zanetti Lecuona, Oscar.jpg","covers/Audiolibros/Historia/originales/Historia mínima de Cuba - Zanetti Lecuona, Oscar.jpg",c87d89a18489285cbe3160e642dbdedaa50728e34e2c2bd385fb8ae9160e8f54,Audiolibros/historia/portadas/audiobook-8353ef125b47830b.webp,,METADATOS_PENDIENTES,"Falta la editorial.; Falta un idioma válido.; AUDIOBOOK requiere duración positiva, narradores y páginas null.","[""Falta la editorial."", ""Falta un idioma válido."", ""AUDIOBOOK requiere duración positiva, narradores y páginas null.""]",,automatic_normalization,,,generated/digital-batch/pending-images/Audiolibros/historia/portadas/audiobook-8353ef125b47830b.webp,"{""width"": 220, ""height"": 320}","{""width"": 720, ""height"": 1080}",86,28082,32b4139c5145118f9bee8fbb6b0c4679c2ba1169a667e4ef17ea09b74a88a936
AUDIOBOOK,Audiolibros/inventario.csv,83,Historia mínima de Filipinas,"Machuca Chávez, Paulina",Historia,https://elibro.puce.elogim.com/es/lc/puce/titulos/194884,"Historia/originales/Historia mínima de Filipinas - Machuca Chávez, Paulina.jpg","covers/Audiolibros/Historia/originales/Historia mínima de Filipinas - Machuca Chávez, Paulina.jpg",ccb20fa597cc5eeed90fd245a4756e37c793f44400a87910613a6f5ec84dcf38,Audiolibros/historia/portadas/audiobook-5ce7895763a94ba2.webp,,METADATOS_PENDIENTES,"Falta la editorial.; Falta un idioma válido.; AUDIOBOOK requiere duración positiva, narradores y páginas null.","[""Falta la editorial."", ""Falta un idioma válido."", ""AUDIOBOOK requiere duración positiva, narradores y páginas null.""]",,automatic_normalization,,,generated/digital-batch/pending-images/Audiolibros/historia/portadas/audiobook-5ce7895763a94ba2.webp,"{""width"": 220, ""height"": 320}","{""width"": 720, ""height"": 1080}",86,25342,b983d1e8997c85d4c01a4f8596af87b0f8e5c1f44ad852977e95d1295e1ae5f3
AUDIOBOOK,Audiolibros/inventario.csv,84,Historia mínima de Israel,"Sznajder, Mario",Historia,https://elibro.puce.elogim.com/es/lc/puce/titulos/214100,"Historia/originales/Historia mínima de Israel - Sznajder, Mario.jpg","covers/Audiolibros/Historia/originales/Historia mínima de Israel - Sznajder, Mario.jpg",7bcc7b023514a5f4ab222c6d81cbbb0ba81f3a56423f643798f4bce0917fbec4,Audiolibros/historia/portadas/audiobook-3e4cdaec6f0f53ba.webp,,METADATOS_PENDIENTES,"Falta la editorial.; Falta un idioma válido.; AUDIOBOOK requiere duración positiva, narradores y páginas null.","[""Falta la editorial."", ""Falta un idioma válido."", ""AUDIOBOOK requiere duración positiva, narradores y páginas null.""]",,automatic_normalization,,,generated/digital-batch/pending-images/Audiolibros/historia/portadas/audiobook-3e4cdaec6f0f53ba.webp,"{""width"": 220, ""height"": 320}","{""width"": 720, ""height"": 1080}",86,20872,af92c3c98a60df22c4a42b82923e20935fa5a409f6b8369ee125e12dd6126fad
AUDIOBOOK,Audiolibros/inventario.csv,85,Historia mínima de la deuda externa de Latinoamérica,"Marichal Salinas, Carlos",Historia,https://elibro.puce.elogim.com/es/lc/puce/titulos/193604,"Historia/originales/Historia mínima de la deuda externa de Latinoamérica - Marichal Salinas, Carlos.jpg","covers/Audiolibros/Historia/originales/Historia mínima de la deuda externa de Latinoamérica - Marichal Salinas, Carlos.jpg",f7647437c2eeb592727686aa92f115ea6d123270981656a4c70f81a0a4be3a43,Audiolibros/historia/portadas/audiobook-4fe7602af2ff65e0.webp,,METADATOS_PENDIENTES,"Falta la editorial.; Falta un idioma válido.; AUDIOBOOK requiere duración positiva, narradores y páginas null.","[""Falta la editorial."", ""Falta un idioma válido."", ""AUDIOBOOK requiere duración positiva, narradores y páginas null.""]",,automatic_normalization,,,generated/digital-batch/pending-images/Audiolibros/historia/portadas/audiobook-4fe7602af2ff65e0.webp,"{""width"": 220, ""height"": 320}","{""width"": 720, ""height"": 1080}",86,32496,54fbe7390903e77cfe48795cb233e8de5ff6d5a0e4fada3bc643b0cd5f183989
AUDIOBOOK,Audiolibros/inventario.csv,86,Historia mínima de la eugenesia en América Latina,"Reggiani, Andrés Horacio",Historia,https://elibro.puce.elogim.com/es/lc/puce/titulos/194927,"Historia/originales/Historia mínima de la eugenesia en América Latina - Reggiani, Andrés Horacio.jpg","covers/Audiolibros/Historia/originales/Historia mínima de la eugenesia en América Latina - Reggiani, Andrés Horacio.jpg",1a055bea4ef36613231bc5ee2a26cdba839b69ac3e265df6150d7365a70bff61,Audiolibros/historia/portadas/audiobook-c43379ed1e172b68.webp,,METADATOS_PENDIENTES,"Falta la editorial.; Falta un idioma válido.; AUDIOBOOK requiere duración positiva, narradores y páginas null.","[""Falta la editorial."", ""Falta un idioma válido."", ""AUDIOBOOK requiere duración positiva, narradores y páginas null.""]",,automatic_normalization,,,generated/digital-batch/pending-images/Audiolibros/historia/portadas/audiobook-c43379ed1e172b68.webp,"{""width"": 220, ""height"": 320}","{""width"": 720, ""height"": 1080}",86,28854,7f29f1be1dbab154ca9f794d40a66e2588a49cbbb30a9d397da70ad31db9227e
AUDIOBOOK,Audiolibros/inventario.csv,87,Historia mínima de la globalización temprana,"Hausberger, Bernd",Historia,https://elibro.puce.elogim.com/es/lc/puce/titulos/194996,"Historia/originales/Historia mínima de la globalización temprana - Hausberger, Bernd.jpg","covers/Audiolibros/Historia/originales/Historia mínima de la globalización temprana - Hausberger, Bernd.jpg",cc472d9e1541c9c71e7802e25b5f0d63407f19f0bbc7e55119ec35d621120b52,Audiolibros/historia/portadas/audiobook-8a8026589089416b.webp,,METADATOS_PENDIENTES,"Falta la editorial.; Falta un idioma válido.; AUDIOBOOK requiere duración positiva, narradores y páginas null.","[""Falta la editorial."", ""Falta un idioma válido."", ""AUDIOBOOK requiere duración positiva, narradores y páginas null.""]",131,approved,"El recorte centrado elimina 3,3333 px de campos planos verde/amarillo a cada lado. El cuadro central está ampliamente insetado, igual que el título, autor y sello superior; no se cruzan marcos, trazos ni imagen en las franjas retiradas.","{""source_box"": [3.3333333333333286, 0.0, 216.66666666666669, 320.0], ""coordinate_space"": ""exif_oriented_source_pixels"", ""source_sha256"": ""cc472d9e1541c9c71e7802e25b5f0d63407f19f0bbc7e55119ec35d621120b52"", ""reason"": ""El recorte centrado elimina 3,3333 px de campos planos verde/amarillo a cada lado. El cuadro central está ampliamente insetado, igual que el título, autor y sello superior; no se cruzan marcos, trazos ni imagen en las franjas retiradas.""}",generated/digital-batch/pending-images/Audiolibros/historia/portadas/audiobook-8a8026589089416b.webp,"{""width"": 220, ""height"": 320}","{""width"": 720, ""height"": 1080}",86,61448,9b1865917a87c87f644b851fd6fea709a21643d9927c9b22ffeeb05896def73d
AUDIOBOOK,Audiolibros/inventario.csv,88,Historia mínima de la Inquisición,"Torres Puga, Gabriel",Historia,https://elibro.puce.elogim.com/es/lc/puce/titulos/194928,"Historia/originales/Historia mínima de la Inquisición - Torres Puga, Gabriel.jpg","covers/Audiolibros/Historia/originales/Historia mínima de la Inquisición - Torres Puga, Gabriel.jpg",2af2956f3aea6ca0ca8d2ed90e776125d2052d1dc287fe6119663f46490a2e59,Audiolibros/historia/portadas/audiobook-176d5792f8d5303e.webp,,METADATOS_PENDIENTES,"Falta la editorial.; Falta un idioma válido.; AUDIOBOOK requiere duración positiva, narradores y páginas null.","[""Falta la editorial."", ""Falta un idioma válido."", ""AUDIOBOOK requiere duración positiva, narradores y páginas null.""]",,automatic_normalization,,,generated/digital-batch/pending-images/Audiolibros/historia/portadas/audiobook-176d5792f8d5303e.webp,"{""width"": 220, ""height"": 320}","{""width"": 720, ""height"": 1080}",86,31004,252735602ded6168a5c17f26063d31f5eb512867a2824371cdcfcfd1bffad0ae
AUDIOBOOK,Audiolibros/inventario.csv,89,Historia mínima de la Revolución cubana,"Rojas, Rafael",Historia,https://elibro.puce.elogim.com/es/lc/puce/titulos/193640,"Historia/originales/Historia mínima de la Revolución cubana - Rojas, Rafael.jpg","covers/Audiolibros/Historia/originales/Historia mínima de la Revolución cubana - Rojas, Rafael.jpg",611d170342f93a899771949c3d9451f1c731cc62744dc60b0fa2523e4eceb0b5,Audiolibros/historia/portadas/audiobook-f3621ba9427d736d.webp,,METADATOS_PENDIENTES,"Falta la editorial.; Falta un idioma válido.; AUDIOBOOK requiere duración positiva, narradores y páginas null.","[""Falta la editorial."", ""Falta un idioma válido."", ""AUDIOBOOK requiere duración positiva, narradores y páginas null.""]",,automatic_normalization,,,generated/digital-batch/pending-images/Audiolibros/historia/portadas/audiobook-f3621ba9427d736d.webp,"{""width"": 220, ""height"": 320}","{""width"": 720, ""height"": 1080}",86,43970,6198efed4b8a07b37dc7aa4af418cb3afd0d3f0e3220965a2d88bdd1136c320e
AUDIOBOOK,Audiolibros/inventario.csv,90,Historia mínima de la transición democrática en México,"Woldenberg, José",Historia,https://elibro.puce.elogim.com/es/lc/puce/titulos/193613,"Historia/originales/Historia mínima de la transición democrática en México - Woldenberg, José.jpg","covers/Audiolibros/Historia/originales/Historia mínima de la transición democrática en México - Woldenberg, José.jpg",572f75ed2e5db0af81da8d7609b0d76dd985408797fbc5ce0be6e2657cc26c95,Audiolibros/historia/portadas/audiobook-2882f30b93bec4e1.webp,,METADATOS_PENDIENTES,"Falta la editorial.; Falta un idioma válido.; AUDIOBOOK requiere duración positiva, narradores y páginas null.","[""Falta la editorial."", ""Falta un idioma válido."", ""AUDIOBOOK requiere duración positiva, narradores y páginas null.""]",,automatic_normalization,,,generated/digital-batch/pending-images/Audiolibros/historia/portadas/audiobook-2882f30b93bec4e1.webp,"{""width"": 220, ""height"": 320}","{""width"": 720, ""height"": 1080}",86,33512,07bf4e5269f82cdd458e103943681f206cb5f164f6931c4a763075876cc87b25
AUDIOBOOK,Audiolibros/inventario.csv,91,Historia mínima de las constituciones en México,"Serrano Migallón, Fernando",Historia,https://elibro.puce.elogim.com/es/lc/puce/titulos/193644,"Historia/originales/Historia mínima de las constituciones en México - Serrano Migallón, Fernando.jpg","covers/Audiolibros/Historia/originales/Historia mínima de las constituciones en México - Serrano Migallón, Fernando.jpg",522f60f2ba6a089d4209c6be26e8e460ee19d16da919144c26e06493959184e9,Audiolibros/historia/portadas/audiobook-8bfa074835747bda.webp,,METADATOS_PENDIENTES,"Falta la editorial.; Falta un idioma válido.; AUDIOBOOK requiere duración positiva, narradores y páginas null.","[""Falta la editorial."", ""Falta un idioma válido."", ""AUDIOBOOK requiere duración positiva, narradores y páginas null.""]",,automatic_normalization,,,generated/digital-batch/pending-images/Audiolibros/historia/portadas/audiobook-8bfa074835747bda.webp,"{""width"": 220, ""height"": 320}","{""width"": 720, ""height"": 1080}",86,36464,67ab06f448931e53e55238dbd862953cd9ab625a07115b7c8c8ab5e4f059fb44
AUDIOBOOK,Audiolibros/inventario.csv,92,Historia mínima de las izquierdas en México,"Rodríguez Kuri, Ariel",Historia,https://elibro.puce.elogim.com/es/lc/puce/titulos/194932,"Historia/originales/Historia mínima de las izquierdas en México - Rodríguez Kuri, Ariel.jpg","covers/Audiolibros/Historia/originales/Historia mínima de las izquierdas en México - Rodríguez Kuri, Ariel.jpg",e6bca1d27f908e1815b5c1e3aacf7ab650871cf8aef5820bb9f32992a04525b3,Audiolibros/historia/portadas/audiobook-68e899b54c542016.webp,,METADATOS_PENDIENTES,"Falta la editorial.; Falta un idioma válido.; AUDIOBOOK requiere duración positiva, narradores y páginas null.","[""Falta la editorial."", ""Falta un idioma válido."", ""AUDIOBOOK requiere duración positiva, narradores y páginas null.""]",,automatic_normalization,,,generated/digital-batch/pending-images/Audiolibros/historia/portadas/audiobook-68e899b54c542016.webp,"{""width"": 220, ""height"": 320}","{""width"": 720, ""height"": 1080}",86,29970,da4d8fcb7da8aafc4bcdc80f4ef8a01eb82224f7447f97a00b9ca01996081525
AUDIOBOOK,Audiolibros/inventario.csv,93,Historia mínima de los judíos en la antigüedad,"Roitman, Adolfo D.",Historia,https://elibro.puce.elogim.com/es/lc/puce/titulos/194893,"Historia/originales/Historia mínima de los judíos en la antigüedad - Roitman, Adolfo D..jpg","covers/Audiolibros/Historia/originales/Historia mínima de los judíos en la antigüedad - Roitman, Adolfo D..jpg",ab7f627b95c4217b4bb1a465609b5d4c888d4ecee606d3335b3bbba5832128ce,Audiolibros/historia/portadas/audiobook-cf1f2cbe3ef1e9db.webp,,METADATOS_PENDIENTES,"Falta la editorial.; Falta un idioma válido.; AUDIOBOOK requiere duración positiva, narradores y páginas null.","[""Falta la editorial."", ""Falta un idioma válido."", ""AUDIOBOOK requiere duración positiva, narradores y páginas null.""]",,automatic_normalization,,,generated/digital-batch/pending-images/Audiolibros/historia/portadas/audiobook-cf1f2cbe3ef1e9db.webp,"{""width"": 220, ""height"": 320}","{""width"": 720, ""height"": 1080}",86,31594,21854e1958e2886d811c7d4329fea8bb9447ceb4cdc815f91406039b57395176
AUDIOBOOK,Audiolibros/inventario.csv,94,Historia mínima de Perú,"Contreras, Carlos; Zuloaga, Marina",Historia,https://elibro.puce.elogim.com/es/lc/puce/titulos/193634,"Historia/originales/Historia mínima de Perú - Contreras, Carlos; Zuloaga, Marina.jpg","covers/Audiolibros/Historia/originales/Historia mínima de Perú - Contreras, Carlos; Zuloaga, Marina.jpg",0a7b2033fb078a797cb987986e913b8707f1e15e9e5b4d3386b7dc878d6f2d54,Audiolibros/historia/portadas/audiobook-659960efe616ad92.webp,,METADATOS_PENDIENTES,"Falta la editorial.; Falta un idioma válido.; AUDIOBOOK requiere duración positiva, narradores y páginas null.","[""Falta la editorial."", ""Falta un idioma válido."", ""AUDIOBOOK requiere duración positiva, narradores y páginas null.""]",132,approved,"Se eliminan 3,3333 px por cada lado de los campos planos ocre/marrón. La revisión ampliada por columnas confirma que el textil y sus reglas están insetados aproximadamente entre x=5 y x=215; el crop [3,3333,216,6667] conserva todos los motivos y reglas, además de textos y sello.","{""source_box"": [3.3333333333333286, 0.0, 216.66666666666669, 320.0], ""coordinate_space"": ""exif_oriented_source_pixels"", ""source_sha256"": ""0a7b2033fb078a797cb987986e913b8707f1e15e9e5b4d3386b7dc878d6f2d54"", ""reason"": ""Se eliminan 3,3333 px por cada lado de los campos planos ocre/marrón. La revisión ampliada por columnas confirma que el textil y sus reglas están insetados aproximadamente entre x=5 y x=215; el crop [3,3333,216,6667] conserva todos los motivos y reglas, además de textos y sello.""}",generated/digital-batch/pending-images/Audiolibros/historia/portadas/audiobook-659960efe616ad92.webp,"{""width"": 220, ""height"": 320}","{""width"": 720, ""height"": 1080}",86,62268,b8c006b332efed8ebc7c494a932f6541c147819b8a21f951b541b2d4128d9088
AUDIOBOOK,Audiolibros/inventario.csv,95,Historia mínima de Rusia,"Matos Franco, Rainer María",Historia,https://elibro.puce.elogim.com/es/lc/puce/titulos/214112,"Historia/originales/Historia mínima de Rusia - Matos Franco, Rainer María.jpg","covers/Audiolibros/Historia/originales/Historia mínima de Rusia - Matos Franco, Rainer María.jpg",891e73666db8152743d1e0c882530a30c2b7256168df7a9311f138ab3d6b1d02,Audiolibros/historia/portadas/audiobook-3df916b31d9a1795.webp,,METADATOS_PENDIENTES,"Falta la editorial.; Falta un idioma válido.; AUDIOBOOK requiere duración positiva, narradores y páginas null.","[""Falta la editorial."", ""Falta un idioma válido."", ""AUDIOBOOK requiere duración positiva, narradores y páginas null.""]",,automatic_normalization,,,generated/digital-batch/pending-images/Audiolibros/historia/portadas/audiobook-3df916b31d9a1795.webp,"{""width"": 220, ""height"": 320}","{""width"": 720, ""height"": 1080}",86,16774,c48bb14e87e9c86a7a3c1c490c527b14ed822e7625fc33cfc68c21ae0dad3094
AUDIOBOOK,Audiolibros/inventario.csv,96,Historia mínima de Uruguay,"Caetano, Gerardo",Historia,https://elibro.puce.elogim.com/es/lc/puce/titulos/194885,"Historia/originales/Historia mínima de Uruguay - Caetano, Gerardo.jpg","covers/Audiolibros/Historia/originales/Historia mínima de Uruguay - Caetano, Gerardo.jpg",b84ddeb0c58bf870d2faede9d820df2ce28aecb7c87ba3785a9efe37a09b14c7,Audiolibros/historia/portadas/audiobook-b86df2c25680b773.webp,,METADATOS_PENDIENTES,"Falta la editorial.; Falta un idioma válido.; AUDIOBOOK requiere duración positiva, narradores y páginas null.","[""Falta la editorial."", ""Falta un idioma válido."", ""AUDIOBOOK requiere duración positiva, narradores y páginas null.""]",,automatic_normalization,,,generated/digital-batch/pending-images/Audiolibros/historia/portadas/audiobook-b86df2c25680b773.webp,"{""width"": 220, ""height"": 320}","{""width"": 720, ""height"": 1080}",86,10596,b87a9677da5494c936b8ddc8b4589172de5bcbf29d35ecc4ada78428e63c4fbb
AUDIOBOOK,Audiolibros/inventario.csv,97,Historia mínima del PRI,"Hernández Rodríguez, Rogelio",Historia,https://elibro.puce.elogim.com/es/lc/puce/titulos/194981,"Historia/originales/Historia mínima del PRI - Hernández Rodríguez, Rogelio.jpg","covers/Audiolibros/Historia/originales/Historia mínima del PRI - Hernández Rodríguez, Rogelio.jpg",9af2eec2dd8e89563bda48f542d4e786a6b3a0164254140578b7982eee1de8d5,Audiolibros/historia/portadas/audiobook-7411ad44a2e96d63.webp,,METADATOS_PENDIENTES,"Falta la editorial.; Falta un idioma válido.; AUDIOBOOK requiere duración positiva, narradores y páginas null.","[""Falta la editorial."", ""Falta un idioma válido."", ""AUDIOBOOK requiere duración positiva, narradores y páginas null.""]",,automatic_normalization,,,generated/digital-batch/pending-images/Audiolibros/historia/portadas/audiobook-7411ad44a2e96d63.webp,"{""width"": 220, ""height"": 320}","{""width"": 720, ""height"": 1080}",86,46598,97fdee242717125ed84c3e23ead263d95a1bcc1664ec2302b3c8ea84dbb6a04b
AUDIOBOOK,Audiolibros/inventario.csv,98,Historia mínima del Tequila,"Muria, José M.",Historia,https://elibro.puce.elogim.com/es/lc/puce/titulos/287524,"Historia/originales/Historia mínima del Tequila - Muria, José M..jpg","covers/Audiolibros/Historia/originales/Historia mínima del Tequila - Muria, José M..jpg",903dd0db7f68dfcd3938b86b14c5b3bc72f8bc46a1b3892a4061d22cc7d5df6a,Audiolibros/historia/portadas/audiobook-0387aad921ca05d3.webp,,METADATOS_PENDIENTES,"Falta la editorial.; Falta un idioma válido.; AUDIOBOOK requiere duración positiva, narradores y páginas null.","[""Falta la editorial."", ""Falta un idioma válido."", ""AUDIOBOOK requiere duración positiva, narradores y páginas null.""]",,automatic_normalization,,,generated/digital-batch/pending-images/Audiolibros/historia/portadas/audiobook-0387aad921ca05d3.webp,"{""width"": 220, ""height"": 320}","{""width"": 720, ""height"": 1080}",86,24734,acc75ef16ee0928e54736170dddbaef0a5f5b546b963957d5ef853d19fb2d981
AUDIOBOOK,Audiolibros/inventario.csv,99,Los hombres del faraón: el ejército a finales del Reino Nuevo en el Antiguo Egipto,"Alonso García, José",Historia,https://elibro.puce.elogim.com/es/lc/puce/titulos/34085,"Historia/originales/Los hombres del faraón el ejército a finales del Reino Nuevo en el Antiguo Egipto - Alonso García, José.jpg","covers/Audiolibros/Historia/originales/Los hombres del faraón el ejército a finales del Reino Nuevo en el Antiguo Egipto - Alonso García, José.jpg",0aa8bc060c8411fda6615d423ab71275b14add7fc16d69c7876e056807a594ce,Audiolibros/historia/portadas/audiobook-d29c2b72f2da902e.webp,,METADATOS_PENDIENTES,"Falta la editorial.; Falta un idioma válido.; AUDIOBOOK requiere duración positiva, narradores y páginas null.","[""Falta la editorial."", ""Falta un idioma válido."", ""AUDIOBOOK requiere duración positiva, narradores y páginas null.""]",,automatic_normalization,,,generated/digital-batch/pending-images/Audiolibros/historia/portadas/audiobook-d29c2b72f2da902e.webp,"{""width"": 220, ""height"": 320}","{""width"": 720, ""height"": 1080}",86,33104,488c35a2b7c5d635a471d90afb3dfccb116b36a6f7acdf709dae5c89ab35dd86
AUDIOBOOK,Audiolibros/inventario.csv,100,Momias: la derrota de la muerte en el Antiguo Egipto,"Parra, José Miguel",Historia,https://elibro.puce.elogim.com/es/lc/puce/titulos/294171,"Historia/originales/Momias la derrota de la muerte en el Antiguo Egipto - Parra, José Miguel.jpg","covers/Audiolibros/Historia/originales/Momias la derrota de la muerte en el Antiguo Egipto - Parra, José Miguel.jpg",66bfeb64129c112c1b77c0561116c93e50d6901ac58314dd5790c65f3a58cea2,Audiolibros/historia/portadas/audiobook-628e39aa018228ce.webp,,REVISION_ENCUADRE,No existe un crop seguro para las marcas protegidas.,"[""Falta la editorial."", ""Falta un idioma válido."", ""AUDIOBOOK requiere duración positiva, narradores y páginas null.""]",133,impossible,"La fotografía de la momia, vendas y entorno llena ambos bordes. No existe margen vacío lateral; cualquier crop perdería parte de la imagen arqueológica.",,,"{""width"": 220, ""height"": 320}",,,,
AUDIOBOOK,Audiolibros/inventario.csv,101,"Pirámides, templos y estrellas: astronomía y arqueología en el Egipto antiguo","Belmonte Avilés, Juan Antonio",Historia,https://elibro.puce.elogim.com/es/lc/puce/titulos/293627,"Historia/originales/Pirámides, templos y estrellas astronomía y arqueología en el Egipto antiguo - Belmonte Avilés, Juan Antonio.jpg","covers/Audiolibros/Historia/originales/Pirámides, templos y estrellas astronomía y arqueología en el Egipto antiguo - Belmonte Avilés, Juan Antonio.jpg",1fd02a2985f6c5ea23a70ec7802c688abcec2257ca8f15596cea052b9e1185dd,Audiolibros/historia/portadas/audiobook-be5cb4237d0c750c.webp,,METADATOS_PENDIENTES,"Falta la editorial.; Falta un idioma válido.; AUDIOBOOK requiere duración positiva, narradores y páginas null.","[""Falta la editorial."", ""Falta un idioma válido."", ""AUDIOBOOK requiere duración positiva, narradores y páginas null.""]",,automatic_normalization,,,generated/digital-batch/pending-images/Audiolibros/historia/portadas/audiobook-be5cb4237d0c750c.webp,"{""width"": 220, ""height"": 320}","{""width"": 720, ""height"": 1080}",86,49100,00a4ab0116ed4e2cdd690e38a02d33de851b7306ede43b77dedc9b09a1915d0f
AUDIOBOOK,Audiolibros/inventario.csv,102,Antropología,Juan Oliver Sánchez Fernández,Ciencias Sociales,https://elibro.puce.elogim.com/es/lc/puce/titulos/45451,Ciencias Sociales/originales/Antropología - Juan Oliver Sánchez Fernández.jpg,covers/Audiolibros/Ciencias Sociales/originales/Antropología - Juan Oliver Sánchez Fernández.jpg,ad9626472621572734d8df8f03fa40e3056bf7988c1e46f66d41f94189b91b84,Audiolibros/ciencias-sociales/portadas/audiobook-00d683e13d8fa691.webp,,REVISION_ENCUADRE,No existe un crop seguro para las marcas protegidas.,"[""Falta la editorial."", ""Falta un idioma válido."", ""AUDIOBOOK requiere duración positiva, narradores y páginas null.""]",134,impossible,Las líneas del rostro/máscara ocupan ambos laterales. No es fondo vacío: cortar las franjas externas eliminaría trazos del diseño principal.,,,"{""width"": 220, ""height"": 320}",,,,
AUDIOBOOK,Audiolibros/inventario.csv,103,Antropología,"Lahera Almeida, Nubis",Ciencias Sociales,https://elibro.puce.elogim.com/es/lc/puce/titulos/175598,"Ciencias Sociales/originales/Antropología - Lahera Almeida, Nubis.jpg","covers/Audiolibros/Ciencias Sociales/originales/Antropología - Lahera Almeida, Nubis.jpg",817a1bff30e4d415f5f866b5a281b842d4d32837a62eb092e77924b65d10f141,Audiolibros/ciencias-sociales/portadas/audiobook-1d8bfe84a7efd553.webp,,REVISION_ENCUADRE,No existe un crop seguro para las marcas protegidas.,"[""Falta la editorial."", ""Falta un idioma válido."", ""AUDIOBOOK requiere duración positiva, narradores y páginas null.""]",135,impossible,"El collage antropológico llega a ambos extremos, con figuras recortadas a sangre en la fotografía central. No hay una franja lateral continua vacía que pueda retirarse.",,,"{""width"": 220, ""height"": 320}",,,,
AUDIOBOOK,Audiolibros/inventario.csv,104,Antropología ambiental: fundamentos,"Jaquenod De Zsögön, Silvia",Ciencias Sociales,https://elibro.puce.elogim.com/es/lc/puce/titulos/118397,"Ciencias Sociales/originales/Antropología ambiental fundamentos - Jaquenod De Zsögön, Silvia.jpg","covers/Audiolibros/Ciencias Sociales/originales/Antropología ambiental fundamentos - Jaquenod De Zsögön, Silvia.jpg",b9c9444f02fca434d3f2fab31cd2657e15f7f41a5fee4b66b99fe9d228575abd,Audiolibros/ciencias-sociales/portadas/audiobook-046571228ee95a8b.webp,,REVISION_ENCUADRE,No existe un crop seguro para las marcas protegidas.,"[""Falta la editorial."", ""Falta un idioma válido."", ""AUDIOBOOK requiere duración positiva, narradores y páginas null.""]",136,impossible,"El marco de rectángulos multicolores ocupa y toca los cuatro bordes. El crop lateral cortaría piezas y líneas negras del marco, aunque el texto interior quede intacto.",,,"{""width"": 220, ""height"": 320}",,,,
AUDIOBOOK,Audiolibros/inventario.csv,105,Antropología de la ciudad,"Duch, Lluís",Ciencias Sociales,https://elibro.puce.elogim.com/es/lc/puce/titulos/114382,"Ciencias Sociales/originales/Antropología de la ciudad - Duch, Lluís.jpg","covers/Audiolibros/Ciencias Sociales/originales/Antropología de la ciudad - Duch, Lluís.jpg",63a19053049e63d98775e924ebe633938cd49463042a472d6b2554ab2f2ac4a1,Audiolibros/ciencias-sociales/portadas/audiobook-04c452c27b67c61d.webp,,REVISION_ENCUADRE,No existe un crop seguro para las marcas protegidas.,"[""Falta la editorial."", ""Falta un idioma válido."", ""AUDIOBOOK requiere duración positiva, narradores y páginas null.""]",137,impossible,La ilustración urbana y las manchas de color llegan a ambos extremos. No existe margen externo vacío; recortar altera edificios/trazos del dibujo.,,,"{""width"": 220, ""height"": 320}",,,,
AUDIOBOOK,Audiolibros/inventario.csv,106,Antropología de la religión,"Duch, Lluís",Ciencias Sociales,https://elibro.puce.elogim.com/es/lc/puce/titulos/45819,"Ciencias Sociales/originales/Antropología de la religión - Duch, Lluís.jpg","covers/Audiolibros/Ciencias Sociales/originales/Antropología de la religión - Duch, Lluís.jpg",a99a19b56e807e21f71fb33c07e303b740c27c81462e203c9d5832d7c60ceb61,Audiolibros/ciencias-sociales/portadas/audiobook-3d0d136ef42177f4.webp,,METADATOS_PENDIENTES,"Falta la editorial.; Falta un idioma válido.; AUDIOBOOK requiere duración positiva, narradores y páginas null.","[""Falta la editorial."", ""Falta un idioma válido."", ""AUDIOBOOK requiere duración positiva, narradores y páginas null.""]",,automatic_normalization,,,generated/digital-batch/pending-images/Audiolibros/ciencias-sociales/portadas/audiobook-3d0d136ef42177f4.webp,"{""width"": 220, ""height"": 320}","{""width"": 720, ""height"": 1080}",86,31106,681c86f7012239f5e8226ce8c4364f27d7f002687e94ee89a314667fb074c82b
AUDIOBOOK,Audiolibros/inventario.csv,107,Antropología de la sexualidad (2a. ed.),"Choza, Jacinto",Ciencias Sociales,https://elibro.puce.elogim.com/es/lc/puce/titulos/59981,"Ciencias Sociales/originales/Antropología de la sexualidad (2a. ed.) - Choza, Jacinto.jpg","covers/Audiolibros/Ciencias Sociales/originales/Antropología de la sexualidad (2a. ed.) - Choza, Jacinto.jpg",f5379234cf5116ac1d436985b7221bc009dd1e95df047da55cdc487edfe4bf9a,Audiolibros/ciencias-sociales/portadas/audiobook-73771c507c8407af.webp,,METADATOS_PENDIENTES,"Falta la editorial.; Falta un idioma válido.; AUDIOBOOK requiere duración positiva, narradores y páginas null.","[""Falta la editorial."", ""Falta un idioma válido."", ""AUDIOBOOK requiere duración positiva, narradores y páginas null.""]",,automatic_normalization,,,generated/digital-batch/pending-images/Audiolibros/ciencias-sociales/portadas/audiobook-73771c507c8407af.webp,"{""width"": 220, ""height"": 320}","{""width"": 720, ""height"": 1080}",86,12854,d2eccebff0721ebe3f3a5ccdcb0d290abe08a36910c9fbb48c204aba11b92dc4
AUDIOBOOK,Audiolibros/inventario.csv,108,Antropología del dolor,"Breton, David Le",Ciencias Sociales,https://elibro.puce.elogim.com/es/lc/puce/titulos/209018,"Ciencias Sociales/originales/Antropología del dolor - Breton, David Le.jpg","covers/Audiolibros/Ciencias Sociales/originales/Antropología del dolor - Breton, David Le.jpg",770c7db70ad31f105865c4cfe3abd85463b65dfe8fda63dff6ac30258ea58f4b,Audiolibros/ciencias-sociales/portadas/audiobook-bab1813a0052f264.webp,,REVISION_ENCUADRE,No existe un crop seguro para las marcas protegidas.,"[""Falta la editorial."", ""Falta un idioma válido."", ""AUDIOBOOK requiere duración positiva, narradores y páginas null.""]",138,impossible,"Las líneas negras geométricas y la imagen de fondo alcanzan ambos bordes. No hay una franja lateral vacía continua, y un crop cortaría esos trazos del diseño.",,,"{""width"": 220, ""height"": 320}",,,,
AUDIOBOOK,Audiolibros/inventario.csv,109,Antropología en perspectiva ambiental,"Cárdenas Támara, Felipe",Ciencias Sociales,https://elibro.puce.elogim.com/es/lc/puce/titulos/68803,"Ciencias Sociales/originales/Antropología en perspectiva ambiental - Cárdenas Támara, Felipe.jpg","covers/Audiolibros/Ciencias Sociales/originales/Antropología en perspectiva ambiental - Cárdenas Támara, Felipe.jpg",01c01b7ebe7e4011f3efeb7da4406061391565c4135a0b2ae1db01e3b94307d5,Audiolibros/ciencias-sociales/portadas/audiobook-6ca82e872a23f412.webp,,REVISION_ENCUADRE,No existe un crop seguro para las marcas protegidas.,"[""Falta la editorial."", ""Falta un idioma válido."", ""AUDIOBOOK requiere duración positiva, narradores y páginas null.""]",139,impossible,La fotografía de barca y niña arriba y el detalle fotográfico inferior alcanzan los laterales. La banda roja central no proporciona un margen vacío continuo; cualquier crop pierde fotografía.,,,"{""width"": 220, ""height"": 320}",,,,
AUDIOBOOK,Audiolibros/inventario.csv,110,"Cultura, antropología y otras tonterías",Ángel Díaz de Rada,Ciencias Sociales,https://elibro.puce.elogim.com/es/lc/puce/titulos/61258,"Ciencias Sociales/originales/Cultura, antropología y otras tonterías - Ángel Díaz de Rada.jpg","covers/Audiolibros/Ciencias Sociales/originales/Cultura, antropología y otras tonterías - Ángel Díaz de Rada.jpg",a8e76482c54018abb53865ded9048a0903b7a9b33c41f6db259174f0213e2345,Audiolibros/ciencias-sociales/portadas/audiobook-7f4d556e0ebc44b3.webp,,METADATOS_PENDIENTES,"Falta la editorial.; Falta un idioma válido.; AUDIOBOOK requiere duración positiva, narradores y páginas null.","[""Falta la editorial."", ""Falta un idioma válido."", ""AUDIOBOOK requiere duración positiva, narradores y páginas null.""]",,automatic_normalization,,,generated/digital-batch/pending-images/Audiolibros/ciencias-sociales/portadas/audiobook-7f4d556e0ebc44b3.webp,"{""width"": 220, ""height"": 320}","{""width"": 720, ""height"": 1080}",86,13062,6426eb226d4cdc174e1e6cb306d6aa459651855f04a9b001269a556e8e6815b8
AUDIOBOOK,Audiolibros/inventario.csv,111,Diccionario básico de antropología,"Campo A., A. Lorena",Ciencias Sociales,https://elibro.puce.elogim.com/es/lc/puce/titulos/79954,"Ciencias Sociales/originales/Diccionario básico de antropología - Campo A., A. Lorena.jpg","covers/Audiolibros/Ciencias Sociales/originales/Diccionario básico de antropología - Campo A., A. Lorena.jpg",2c859d8d4849b8132e98b9881d57ae2c9dedfa2590c8f5dbe9c130b93622500f,Audiolibros/ciencias-sociales/portadas/audiobook-f14fc023b95afe6b.webp,,METADATOS_PENDIENTES,"Falta la editorial.; Falta un idioma válido.; AUDIOBOOK requiere duración positiva, narradores y páginas null.","[""Falta la editorial."", ""Falta un idioma válido."", ""AUDIOBOOK requiere duración positiva, narradores y páginas null.""]",,automatic_normalization,,,generated/digital-batch/pending-images/Audiolibros/ciencias-sociales/portadas/audiobook-f14fc023b95afe6b.webp,"{""width"": 220, ""height"": 320}","{""width"": 720, ""height"": 1080}",86,37344,7c38a4a76226a50e9eb87bf9ae9f67f216ca18c47ac40b7345f1bb408b41e9c8
AUDIOBOOK,Audiolibros/inventario.csv,112,La antropología y el derecho,"Manouvrier, Léonce",Ciencias Sociales,https://elibro.puce.elogim.com/es/lc/puce/titulos/247794,"Ciencias Sociales/originales/La antropología y el derecho - Manouvrier, Léonce.jpg","covers/Audiolibros/Ciencias Sociales/originales/La antropología y el derecho - Manouvrier, Léonce.jpg",13fb57a2e52881f10dc3ea46a1ea6b0d4d0e0c30ce88280c36f7e3ec789e3cd2,Audiolibros/ciencias-sociales/portadas/audiobook-e442876860219c72.webp,,REVISION_ENCUADRE,No existe un crop seguro para las marcas protegidas.,"[""Falta la editorial."", ""Falta un idioma válido."", ""AUDIOBOOK requiere duración positiva, narradores y páginas null.""]",140,hold,"QA independiente y revisión visual de root: el apellido vertical MANOUVRIER tiene suavizado significativo, alineado con los trazos, en x=6. Un límite izquierdo 20/3=6,6666667 elimina parte de esa columna; el borde derecho contiene pintura a sangre y no ofrece un desplazamiento alternativo seguro. Se retiene por conservación estricta del contenido; no se depende del muestreo Lanczos exterior.",,,"{""width"": 220, ""height"": 320}",,,,
AUDIOBOOK,Audiolibros/inventario.csv,113,Manual de Sociología de la Familia,"Donati, Pierpaolo",Ciencias Sociales,https://elibro.puce.elogim.com/es/lc/puce/titulos/47451,"Ciencias Sociales/originales/Manual de Sociología de la Familia - Donati, Pierpaolo.jpg","covers/Audiolibros/Ciencias Sociales/originales/Manual de Sociología de la Familia - Donati, Pierpaolo.jpg",9e279e10cc5254e089772e2fce18d51c04ca3683f852889563a3f3d2ec07d197,Audiolibros/ciencias-sociales/portadas/audiobook-066ff6da2eef4a7c.webp,,METADATOS_PENDIENTES,"Falta la editorial.; Falta un idioma válido.; AUDIOBOOK requiere duración positiva, narradores y páginas null.","[""Falta la editorial."", ""Falta un idioma válido."", ""AUDIOBOOK requiere duración positiva, narradores y páginas null.""]",,automatic_normalization,,,generated/digital-batch/pending-images/Audiolibros/ciencias-sociales/portadas/audiobook-066ff6da2eef4a7c.webp,"{""width"": 220, ""height"": 320}","{""width"": 720, ""height"": 1080}",86,7310,b801a08072fc861ef156ce2b7983a0822021a0af8290e663f750c302578705db
AUDIOBOOK,Audiolibros/inventario.csv,114,Paisajes de antropología urbana,"Cátedra, María",Ciencias Sociales,https://elibro.puce.elogim.com/es/lc/puce/titulos/59734,"Ciencias Sociales/originales/Paisajes de antropología urbana - Cátedra, María.jpg","covers/Audiolibros/Ciencias Sociales/originales/Paisajes de antropología urbana - Cátedra, María.jpg",d1bee4b2320969503fefe8f457403461c6930c177295cbd42c69c891c95f7f1b,Audiolibros/ciencias-sociales/portadas/audiobook-37860ea43ea9c32a.webp,,METADATOS_PENDIENTES,"Falta la editorial.; Falta un idioma válido.; AUDIOBOOK requiere duración positiva, narradores y páginas null.","[""Falta la editorial."", ""Falta un idioma válido."", ""AUDIOBOOK requiere duración positiva, narradores y páginas null.""]",,automatic_normalization,,,generated/digital-batch/pending-images/Audiolibros/ciencias-sociales/portadas/audiobook-37860ea43ea9c32a.webp,"{""width"": 220, ""height"": 320}","{""width"": 720, ""height"": 1080}",86,15246,6a218fbec916705c6501141990370a1e7686ac227a3ae366447bd9e4efb9fc60
AUDIOBOOK,Audiolibros/inventario.csv,115,Pragmatismo y sociología,"Durkheim, Émile",Ciencias Sociales,https://elibro.puce.elogim.com/es/lc/puce/titulos/223685,"Ciencias Sociales/originales/Pragmatismo y sociología - Durkheim, Émile.jpg","covers/Audiolibros/Ciencias Sociales/originales/Pragmatismo y sociología - Durkheim, Émile.jpg",660097689f3283b7bc8cc13526db16e533bc5ffb2596e915f811336f0295d919,Audiolibros/ciencias-sociales/portadas/audiobook-630f169ce3e6f75f.webp,,REVISION_ENCUADRE,No existe un crop seguro para las marcas protegidas.,"[""Falta la editorial."", ""Falta un idioma válido."", ""AUDIOBOOK requiere duración positiva, narradores y páginas null.""]",141,impossible,"El gran nombre claro del fondo tiene el borde de la D en la franja izquierda de unos 6–7 px; la pestaña negra del editor llega al borde derecho. Quitar 6⅔ px a la izquierda invade el contorno de la letra, y trasladar el recorte a la derecha corta la pestaña. La textura no es por sí sola el impedimento.",,,"{""width"": 220, ""height"": 320}",,,,
AUDIOBOOK,Audiolibros/inventario.csv,116,Sociología,"Cruz Diloné, Efraín",Ciencias Sociales,https://elibro.puce.elogim.com/es/lc/puce/titulos/175803,"Ciencias Sociales/originales/Sociología - Cruz Diloné, Efraín.jpg","covers/Audiolibros/Ciencias Sociales/originales/Sociología - Cruz Diloné, Efraín.jpg",eabc417be04049120853ee433bf6b9a320a67899b769189b26a5a2c588ae7f6c,Audiolibros/ciencias-sociales/portadas/audiobook-a2f011f88740b6a6.webp,,REVISION_ENCUADRE,No existe un crop seguro para las marcas protegidas.,"[""Falta la editorial."", ""Falta un idioma válido."", ""AUDIOBOOK requiere duración positiva, narradores y páginas null.""]",142,impossible,La ilustración de estudiantes llega a ambos laterales: una persona y su brazo a la izquierda y otra figura a la derecha. No hay margen exterior continuo suficiente; desplazar el recorte seguiría cortando la ilustración.,,,"{""width"": 220, ""height"": 320}",,,,
AUDIOBOOK,Audiolibros/inventario.csv,117,Sociología,Luis Pérez Cruz,Ciencias Sociales,https://elibro.puce.elogim.com/es/lc/puce/titulos/40394,Ciencias Sociales/originales/Sociología - Luis Pérez Cruz.jpg,covers/Audiolibros/Ciencias Sociales/originales/Sociología - Luis Pérez Cruz.jpg,ab6485a77c09bd923ea1698d42455288e7d3d6804ab09e6e8bf05a411807f5a5,Audiolibros/ciencias-sociales/portadas/audiobook-3c4d815f63109b21.webp,,REVISION_ENCUADRE,No existe un crop seguro para las marcas protegidas.,"[""Falta la editorial."", ""Falta un idioma válido."", ""AUDIOBOOK requiere duración positiva, narradores y páginas null.""]",143,impossible,El montaje fotográfico de personas ocupa los dos bordes y la banda vertical izquierda también contiene letras. Ni un recorte centrado ni uno unilateral de 6⅔ px conserva todo el contenido.,,,"{""width"": 220, ""height"": 320}",,,,
AUDIOBOOK,Audiolibros/inventario.csv,118,Sociología (3a. ed.),"Paradeda, Daniel; Pintos Andrade, Esteban W.; Ríos, Alejandra",Ciencias Sociales,https://elibro.puce.elogim.com/es/lc/puce/titulos/183872,"Ciencias Sociales/originales/Sociología (3a. ed.) - Paradeda, Daniel; Pintos Andrade, Esteban W.; Ríos, Alejandra.jpg","covers/Audiolibros/Ciencias Sociales/originales/Sociología (3a. ed.) - Paradeda, Daniel; Pintos Andrade, Esteban W.; Ríos, Alejandra.jpg",518ffa0762138c99af559585f9b65dcee14832b2075595912a4a1d6ee5721690,Audiolibros/ciencias-sociales/portadas/audiobook-37ca9eeef690d721.webp,,REVISION_ENCUADRE,No existe un crop seguro para las marcas protegidas.,"[""Falta la editorial."", ""Falta un idioma válido."", ""AUDIOBOOK requiere duración positiva, narradores y páginas null.""]",144,impossible,El emblema amarillo inferior está a pocos píxeles de la izquierda y la cinta de edición diagonal termina en la esquina derecha. La suma de los márgenes vacíos no permite quitar 6⅔ px sin tocar emblema o cinta; no se rechaza por la textura marrón.,,,"{""width"": 220, ""height"": 320}",,,,
AUDIOBOOK,Audiolibros/inventario.csv,119,Sociología criminal,"Ferri, Enrico",Ciencias Sociales,https://elibro.puce.elogim.com/es/lc/puce/titulos/251021,"Ciencias Sociales/originales/Sociología criminal - Ferri, Enrico.jpg","covers/Audiolibros/Ciencias Sociales/originales/Sociología criminal - Ferri, Enrico.jpg",448ca75a5cb1da94830bd8af1638b388a5b12b8bce2672a5b30c9b8a238c7d6f,Audiolibros/ciencias-sociales/portadas/audiobook-da60551f03495d38.webp,,METADATOS_PENDIENTES,"Falta la editorial.; Falta un idioma válido.; AUDIOBOOK requiere duración positiva, narradores y páginas null.","[""Falta la editorial."", ""Falta un idioma válido."", ""AUDIOBOOK requiere duración positiva, narradores y páginas null.""]",,automatic_normalization,,,generated/digital-batch/pending-images/Audiolibros/ciencias-sociales/portadas/audiobook-da60551f03495d38.webp,"{""width"": 220, ""height"": 320}","{""width"": 720, ""height"": 1080}",86,39226,0fde21aafefbb915f3311adb73cbc6e078861d70a05e50cfd2671e30ecaa0577
AUDIOBOOK,Audiolibros/inventario.csv,120,Sociología de la educación,"Rodríguez González, Raysa",Ciencias Sociales,https://elibro.puce.elogim.com/es/lc/puce/titulos/176661,"Ciencias Sociales/originales/Sociología de la educación - Rodríguez González, Raysa.jpg","covers/Audiolibros/Ciencias Sociales/originales/Sociología de la educación - Rodríguez González, Raysa.jpg",d04ae2e03d72f0746c58b3393d27140e4d1f6ed3cfec77f536cd40b1224b520c,Audiolibros/ciencias-sociales/portadas/audiobook-034c5578c65f08bc.webp,,REVISION_ENCUADRE,No existe un crop seguro para las marcas protegidas.,"[""Falta la editorial."", ""Falta un idioma válido."", ""AUDIOBOOK requiere duración positiva, narradores y páginas null.""]",145,impossible,La fotografía central llega a ambos lados: la escena y los árboles continúan hasta sus bordes. Los espacios lisos superiores e inferiores no forman un margen vertical continuo; cualquier desplazamiento corta fotografía.,,,"{""width"": 220, ""height"": 320}",,,,
AUDIOBOOK,Audiolibros/inventario.csv,121,Sociología del derecho,"Aubert, Vilhelm",Ciencias Sociales,https://elibro.puce.elogim.com/es/lc/puce/titulos/235290,"Ciencias Sociales/originales/Sociología del derecho - Aubert, Vilhelm.jpg","covers/Audiolibros/Ciencias Sociales/originales/Sociología del derecho - Aubert, Vilhelm.jpg",984c87f421fb6775911f2f4754feabfa3aaa1ee44c02b510011e6fd5ad1650d1,Audiolibros/ciencias-sociales/portadas/audiobook-418a2221723ba5e3.webp,,REVISION_ENCUADRE,No existe un crop seguro para las marcas protegidas.,"[""Falta la editorial."", ""Falta un idioma válido."", ""AUDIOBOOK requiere duración positiva, narradores y páginas null.""]",146,impossible,"El nombre vertical VILHELM AUBERT está prácticamente pegado al borde izquierdo; por la derecha llegan la pintura, la marca Lex y el recuadro del editor. No existe una franja vacía lateral suficiente.",,,"{""width"": 220, ""height"": 320}",,,,
AUDIOBOOK,Audiolibros/inventario.csv,122,Sociología del Derecho,"Lévy-Bruhl, Henri",Ciencias Sociales,https://elibro.puce.elogim.com/es/lc/puce/titulos/235286,"Ciencias Sociales/originales/Sociología del Derecho - Lévy-Bruhl, Henri.jpg","covers/Audiolibros/Ciencias Sociales/originales/Sociología del Derecho - Lévy-Bruhl, Henri.jpg",9c13c56db2cc7cdbed9946c9108dcdaf394a23e00585c76ce10ed2b7f4e63d45,Audiolibros/ciencias-sociales/portadas/audiobook-f3d7ec00b1a4d1db.webp,,REVISION_ENCUADRE,No existe un crop seguro para las marcas protegidas.,"[""Falta la editorial."", ""Falta un idioma válido."", ""AUDIOBOOK requiere duración positiva, narradores y páginas null.""]",147,impossible,El autor vertical HENRI LÉVY-BRUHL alcanza la franja izquierda y el retrato y la marca superior alcanzan la derecha. Recortar por cualquiera de los lados elimina letras o pintura.,,,"{""width"": 220, ""height"": 320}",,,,
AUDIOBOOK,Audiolibros/inventario.csv,123,Sociología del derecho,"Rehbinder, Manfred",Ciencias Sociales,https://elibro.puce.elogim.com/es/lc/puce/titulos/235253,"Ciencias Sociales/originales/Sociología del derecho - Rehbinder, Manfred.jpg","covers/Audiolibros/Ciencias Sociales/originales/Sociología del derecho - Rehbinder, Manfred.jpg",f1fea996993464654c78fe997a1a0453b6badf8d2147273796e5827cef3471cf,Audiolibros/ciencias-sociales/portadas/audiobook-e57807da5473045b.webp,,REVISION_ENCUADRE,No existe un crop seguro para las marcas protegidas.,"[""Falta la editorial."", ""Falta un idioma válido."", ""AUDIOBOOK requiere duración positiva, narradores y páginas null.""]",148,impossible,El apellido vertical REHBINDER ocupa el estrecho lateral izquierdo; la pintura cubista y el bloque editorial alcanzan la derecha. No se puede reunir el ancho requerido de margen sin cortar contenido.,,,"{""width"": 220, ""height"": 320}",,,,
AUDIOBOOK,Audiolibros/inventario.csv,124,Sociología del Renacimiento,"Martín, Alfred von",Ciencias Sociales,https://elibro.puce.elogim.com/es/lc/puce/titulos/110396,"Ciencias Sociales/originales/Sociología del Renacimiento - Martín, Alfred von.jpg","covers/Audiolibros/Ciencias Sociales/originales/Sociología del Renacimiento - Martín, Alfred von.jpg",3e214e302f5fa1d2535a211c6d2ec4b7bff8df94787926ded51ab47a1f98ef47,Audiolibros/ciencias-sociales/portadas/audiobook-6e184162cc357663.webp,,METADATOS_PENDIENTES,"Falta la editorial.; Falta un idioma válido.; AUDIOBOOK requiere duración positiva, narradores y páginas null.","[""Falta la editorial."", ""Falta un idioma válido."", ""AUDIOBOOK requiere duración positiva, narradores y páginas null.""]",,automatic_normalization,,,generated/digital-batch/pending-images/Audiolibros/ciencias-sociales/portadas/audiobook-6e184162cc357663.webp,"{""width"": 220, ""height"": 320}","{""width"": 720, ""height"": 1080}",86,104018,79c8593fef38e7465d63cfdb3bb99f8ea99d4bf7abea53c7db0e06f761156788
AUDIOBOOK,Audiolibros/inventario.csv,125,Sociología jurídica,"Nardi-Greco, Carlo",Ciencias Sociales,https://elibro.puce.elogim.com/es/lc/puce/titulos/235515,"Ciencias Sociales/originales/Sociología jurídica - Nardi-Greco, Carlo.jpg","covers/Audiolibros/Ciencias Sociales/originales/Sociología jurídica - Nardi-Greco, Carlo.jpg",b8be24573b142cea7d60155c144a579e1f5d8a5e1f6afce6600f308ac63497da,Audiolibros/ciencias-sociales/portadas/audiobook-73794c8ae65d8a98.webp,,REVISION_ENCUADRE,No existe un crop seguro para las marcas protegidas.,"[""Falta la editorial."", ""Falta un idioma válido."", ""AUDIOBOOK requiere duración positiva, narradores y páginas null.""]",149,impossible,El nombre NARDI-GRECO está junto al borde izquierdo y la pintura y el encabezado Lex llegan al derecho. Un desplazamiento asimétrico tampoco deja 6⅔ px de fondo vacío.,,,"{""width"": 220, ""height"": 320}",,,,
AUDIOBOOK,Audiolibros/inventario.csv,126,Sociología: los conceptos esenciales,"Izquierdo Escribano, Antonio",Ciencias Sociales,https://elibro.puce.elogim.com/es/lc/puce/titulos/36407,"Ciencias Sociales/originales/Sociología los conceptos esenciales - Izquierdo Escribano, Antonio.jpg","covers/Audiolibros/Ciencias Sociales/originales/Sociología los conceptos esenciales - Izquierdo Escribano, Antonio.jpg",3aa6a99429c36992f821d1e30ca923ae6345443acfb9509be3bd20b687b1e197,Audiolibros/ciencias-sociales/portadas/audiobook-3e4d69b0972fe857.webp,,REVISION_ENCUADRE,No existe un crop seguro para las marcas protegidas.,"[""Falta la editorial."", ""Falta un idioma válido."", ""AUDIOBOOK requiere duración positiva, narradores y páginas null.""]",150,impossible,La línea de autor y la composición de perfiles llegan a los dos límites laterales. Los perfiles y las reglas del diseño no dejan una banda exterior prescindible en ninguno de los lados.,,,"{""width"": 220, ""height"": 320}",,,,
AUDIOBOOK,Audiolibros/inventario.csv,127,Apuntes de ecología microbiana,"Gutiérrez Castrejón, Teodoro",Ciencias,https://elibro.puce.elogim.com/es/lc/puce/titulos/72775,"Ciencias/originales/Apuntes de ecología microbiana - Gutiérrez Castrejón, Teodoro.jpg","covers/Audiolibros/Ciencias/originales/Apuntes de ecología microbiana - Gutiérrez Castrejón, Teodoro.jpg",899a31c8097bef442ea6f4d0f149137d49fa259156fd3f29892424544ec88784,Audiolibros/ciencias/portadas/audiobook-e8a8d5d56c6bbdae.webp,,METADATOS_PENDIENTES,"Falta la editorial.; Falta un idioma válido.; AUDIOBOOK requiere duración positiva, narradores y páginas null.","[""Falta la editorial."", ""Falta un idioma válido."", ""AUDIOBOOK requiere duración positiva, narradores y páginas null.""]",,automatic_normalization,,,generated/digital-batch/pending-images/Audiolibros/ciencias/portadas/audiobook-e8a8d5d56c6bbdae.webp,"{""width"": 220, ""height"": 320}","{""width"": 720, ""height"": 1080}",86,23188,bd1bcd21e34fece00274580fa871a586afdd1b0834b834efb0c5df79f82161ed
AUDIOBOOK,Audiolibros/inventario.csv,128,Astronomía a ras del suelo,"Zandanel, Armando Eugenio",Ciencias,https://elibro.puce.elogim.com/es/lc/puce/titulos/258772,"Ciencias/originales/Astronomía a ras del suelo - Zandanel, Armando Eugenio.jpg","covers/Audiolibros/Ciencias/originales/Astronomía a ras del suelo - Zandanel, Armando Eugenio.jpg",75785e564b4a601e8c200707da672aeee1844d52f657e61a0e4eac3e3413ed44,Audiolibros/ciencias/portadas/audiobook-2942eaf8ce9d29dc.webp,,REVISION_ENCUADRE,No existe un crop seguro para las marcas protegidas.,"[""Falta la editorial."", ""Falta un idioma válido."", ""AUDIOBOOK requiere duración positiva, narradores y páginas null.""]",151,impossible,"El disco lunar llega al borde izquierdo y casi al derecho, y hay texto vertical en el extremo inferior izquierdo. Un recorte de la anchura requerida corta la Luna o la inscripción; no hay margen alternativo continuo.",,,"{""width"": 220, ""height"": 320}",,,,
AUDIOBOOK,Audiolibros/inventario.csv,129,Astronomía: de la tierra al cosmos,"Zandanel, Armando Eugenio",Ciencias,https://elibro.puce.elogim.com/es/lc/puce/titulos/112787,"Ciencias/originales/Astronomía de la tierra al cosmos - Zandanel, Armando Eugenio.jpg","covers/Audiolibros/Ciencias/originales/Astronomía de la tierra al cosmos - Zandanel, Armando Eugenio.jpg",d98dae54581be7efaec008d2bedcbd77c5b6cb70db749b4339573ef8d351fa61,Audiolibros/ciencias/portadas/audiobook-2a754808d8c97445.webp,,METADATOS_PENDIENTES,"Falta la editorial.; Falta un idioma válido.; AUDIOBOOK requiere duración positiva, narradores y páginas null.","[""Falta la editorial."", ""Falta un idioma válido."", ""AUDIOBOOK requiere duración positiva, narradores y páginas null.""]",,automatic_normalization,,,generated/digital-batch/pending-images/Audiolibros/ciencias/portadas/audiobook-2a754808d8c97445.webp,"{""width"": 220, ""height"": 320}","{""width"": 720, ""height"": 1080}",86,53662,9b4680698e44ef0fabdf73b568b8db7d4323a1537e5633313b975d24eb81a1b8
AUDIOBOOK,Audiolibros/inventario.csv,130,Botánica aplicada,"Molina Abril, José Antonio",Ciencias,https://elibro.puce.elogim.com/es/lc/puce/titulos/131465,"Ciencias/originales/Botánica aplicada - Molina Abril, José Antonio.jpg","covers/Audiolibros/Ciencias/originales/Botánica aplicada - Molina Abril, José Antonio.jpg",40dd9627c7b7c357322e988026ca2e39ec0e64073c06b5be9a86c3af7d781c09,Audiolibros/ciencias/portadas/audiobook-f8ceb3a2ee2a1163.webp,,METADATOS_PENDIENTES,"Falta la editorial.; Falta un idioma válido.; AUDIOBOOK requiere duración positiva, narradores y páginas null.","[""Falta la editorial."", ""Falta un idioma válido."", ""AUDIOBOOK requiere duración positiva, narradores y páginas null.""]",,automatic_normalization,,,generated/digital-batch/pending-images/Audiolibros/ciencias/portadas/audiobook-f8ceb3a2ee2a1163.webp,"{""width"": 220, ""height"": 320}","{""width"": 720, ""height"": 1080}",86,31216,f6b7c7b69ea9cac1b3ca7e7636b11e8035c3e913689dc54afca7846bfcac1841
AUDIOBOOK,Audiolibros/inventario.csv,131,Clima y tiempo en Ontiyent,"Guerra Ángel, Pablo",Ciencias,https://elibro.puce.elogim.com/es/lc/puce/titulos/298777,"Ciencias/originales/Clima y tiempo en Ontiyent - Guerra Ángel, Pablo.jpg","covers/Audiolibros/Ciencias/originales/Clima y tiempo en Ontiyent - Guerra Ángel, Pablo.jpg",12f6073fd8b06d279d6e862ccddd16341e4ebe142b72e1cf5f1e237204c269a3,Audiolibros/ciencias/portadas/audiobook-a3e0fdfaa77c4435.webp,,REVISION_ENCUADRE,El margen exterior supera 5 % por lado.,"[""Falta la editorial."", ""Falta un idioma válido."", ""AUDIOBOOK requiere duración positiva, narradores y páginas null.""]",152,impossible,"La foto está bien encajada, pero la banda curva y sus filetes superiores llegan a ambos lados. Recortar por cualquiera de los lados secciona esa geometría; el blanco central no constituye un margen exterior a toda altura.",,,"{""width"": 220, ""height"": 320}",,,,
AUDIOBOOK,Audiolibros/inventario.csv,132,Colapso: cuando el clima lo cambia todo,"Baquedano, Manuel",Ciencias,https://elibro.puce.elogim.com/es/lc/puce/titulos/190898,"Ciencias/originales/Colapso cuando el clima lo cambia todo - Baquedano, Manuel.jpg","covers/Audiolibros/Ciencias/originales/Colapso cuando el clima lo cambia todo - Baquedano, Manuel.jpg",e6e7c30cbfcd4122d926f5078fa4d041d6ae9b970bbc8f9e714208f6bbd27483,Audiolibros/ciencias/portadas/audiobook-ea66d96a5be19bc6.webp,,METADATOS_PENDIENTES,"Falta la editorial.; Falta un idioma válido.; AUDIOBOOK requiere duración positiva, narradores y páginas null.","[""Falta la editorial."", ""Falta un idioma válido."", ""AUDIOBOOK requiere duración positiva, narradores y páginas null.""]",153,approved,"Aprobado con 2 px de recorte izquierdo y 4⅔ px del derecho, solo en el fondo verde difuso. La ampliación de 10× de los extremos del título verifica que la C roja y la O final permanecen completas; también se conservan autor, subtítulo, emblema y editorial. El recorte centrado se descarta por su proximidad a la C; la variante asimétrica deja íntegros los trazos y cambia únicamente fondo sin elementos identificables en las franjas retiradas.","{""source_box"": [2.0, 0.0, 215.33333333333334, 320.0], ""coordinate_space"": ""exif_oriented_source_pixels"", ""source_sha256"": ""e6e7c30cbfcd4122d926f5078fa4d041d6ae9b970bbc8f9e714208f6bbd27483"", ""reason"": ""Aprobado con 2 px de recorte izquierdo y 4⅔ px del derecho, solo en el fondo verde difuso. La ampliación de 10× de los extremos del título verifica que la C roja y la O final permanecen completas; también se conservan autor, subtítulo, emblema y editorial. El recorte centrado se descarta por su proximidad a la C; la variante asimétrica deja íntegros los trazos y cambia únicamente fondo sin elementos identificables en las franjas retiradas.""}",generated/digital-batch/pending-images/Audiolibros/ciencias/portadas/audiobook-ea66d96a5be19bc6.webp,"{""width"": 220, ""height"": 320}","{""width"": 720, ""height"": 1080}",86,36348,81a4e74c8cc76366e75375b74df4344670c11161110c8c6f112aead272b9c613
AUDIOBOOK,Audiolibros/inventario.csv,133,Conocer la meteorología: diccionario ilustrado del tiempo y del clima,"Viñas, José Miguel",Ciencias,https://elibro.puce.elogim.com/es/lc/puce/titulos/303720,"Ciencias/originales/Conocer la meteorología diccionario ilustrado del tiempo y del clima - Viñas, José Miguel.jpg","covers/Audiolibros/Ciencias/originales/Conocer la meteorología diccionario ilustrado del tiempo y del clima - Viñas, José Miguel.jpg",d060482987618acf315566b3b8409066c800b2db3bd0a08214247ffbc16980ff,Audiolibros/ciencias/portadas/audiobook-a369ae7600f41d10.webp,,REVISION_ENCUADRE,No existe un crop seguro para las marcas protegidas.,"[""Falta la editorial."", ""Falta un idioma válido."", ""AUDIOBOOK requiere duración positiva, narradores y páginas null.""]",154,impossible,"La escena fotográfica de nubes y horizonte cubre ambos extremos, con el gran título además muy cerca de los lados. Cualquier reparto del recorte corta fotografía; no hay franja exterior vacía.",,,"{""width"": 220, ""height"": 320}",,,,
AUDIOBOOK,Audiolibros/inventario.csv,134,Ecología de comunidades (2a. ed.),"Jaksic A., Fabian M.; Marone B., Luis",Ciencias,https://elibro.puce.elogim.com/es/lc/puce/titulos/302282,"Ciencias/originales/Ecología de comunidades (2a. ed.) - Jaksic A., Fabian M.; Marone B., Luis.jpg","covers/Audiolibros/Ciencias/originales/Ecología de comunidades (2a. ed.) - Jaksic A., Fabian M.; Marone B., Luis.jpg",b9f8b519350566e7b89839d135e31a531048a57be5dacdf4eba46660617d13cc,Audiolibros/ciencias/portadas/audiobook-7d1e7c148c91bc64.webp,,REVISION_ENCUADRE,No existe un crop seguro para las marcas protegidas.,"[""Falta la editorial."", ""Falta un idioma válido."", ""AUDIOBOOK requiere duración positiva, narradores y páginas null.""]",155,impossible,La composición amarilla ilustrada entra por el borde izquierdo y COMUNIDADES queda pegado al derecho. Ningún lado ofrece los 6⅔ px libres y un recorte mixto afecta imagen o letras.,,,"{""width"": 220, ""height"": 320}",,,,
AUDIOBOOK,Audiolibros/inventario.csv,135,Ecología del Paisaje,"Farina, Almo",Ciencias,https://elibro.puce.elogim.com/es/lc/puce/titulos/60609,"Ciencias/originales/Ecología del Paisaje - Farina, Almo.jpg","covers/Audiolibros/Ciencias/originales/Ecología del Paisaje - Farina, Almo.jpg",b0c3684627707e08c31dbf8740f1b91bd32eda2db212c92b4b06ae9b7366d8b3,Audiolibros/ciencias/portadas/audiobook-b734e320648e8926.webp,,METADATOS_PENDIENTES,"Falta la editorial.; Falta un idioma válido.; AUDIOBOOK requiere duración positiva, narradores y páginas null.","[""Falta la editorial."", ""Falta un idioma válido."", ""AUDIOBOOK requiere duración positiva, narradores y páginas null.""]",,automatic_normalization,,,generated/digital-batch/pending-images/Audiolibros/ciencias/portadas/audiobook-b734e320648e8926.webp,"{""width"": 220, ""height"": 320}","{""width"": 720, ""height"": 1080}",86,9534,14670e5cb00496d5fbd72ae39c837e0a1ea889734da030eb3b4eb5fcbcee16d1
AUDIOBOOK,Audiolibros/inventario.csv,136,Geología de Marte: un planeta fósil,"Pardo Igúzquiza, Eulogio; Durán Valsero, Juan José",Ciencias,https://elibro.puce.elogim.com/es/lc/puce/titulos/255899,"Ciencias/originales/Geología de Marte un planeta fósil - Pardo Igúzquiza, Eulogio; Durán Valsero, Juan José.jpg","covers/Audiolibros/Ciencias/originales/Geología de Marte un planeta fósil - Pardo Igúzquiza, Eulogio; Durán Valsero, Juan José.jpg",f9d0e48a90b1d12535b10819a8864b2749710b70894f9c7d51853b40c2538d07,Audiolibros/ciencias/portadas/audiobook-77cc4b444981c84c.webp,,REVISION_ENCUADRE,No existe un crop seguro para las marcas protegidas.,"[""Falta la editorial."", ""Falta un idioma válido."", ""AUDIOBOOK requiere duración positiva, narradores y páginas null.""]",156,impossible,El planeta y el paisaje oscuro inferior son imágenes a sangre en ambos lados. Mover el encuadre no evita quitar parte de Marte o del paisaje; las bandas de texto no aportan margen vertical continuo.,,,"{""width"": 220, ""height"": 320}",,,,
AUDIOBOOK,Audiolibros/inventario.csv,137,Glosario botánico ilustrado,"Esteras Pérez, Francisco Javier; Sanchis Duato, Enrique",Ciencias,https://elibro.puce.elogim.com/es/lc/puce/titulos/219257,"Ciencias/originales/Glosario botánico ilustrado - Esteras Pérez, Francisco Javier; Sanchis Duato, Enrique.jpg","covers/Audiolibros/Ciencias/originales/Glosario botánico ilustrado - Esteras Pérez, Francisco Javier; Sanchis Duato, Enrique.jpg",87238bac93803376f3c45bdec50023fc03faed5890781a869d33b968fad6e203,Audiolibros/ciencias/portadas/audiobook-9ce9ae3a37f15e8d.webp,,METADATOS_PENDIENTES,"Falta la editorial.; Falta un idioma válido.; AUDIOBOOK requiere duración positiva, narradores y páginas null.","[""Falta la editorial."", ""Falta un idioma válido."", ""AUDIOBOOK requiere duración positiva, narradores y páginas null.""]",,automatic_normalization,,,generated/digital-batch/pending-images/Audiolibros/ciencias/portadas/audiobook-9ce9ae3a37f15e8d.webp,"{""width"": 220, ""height"": 320}","{""width"": 720, ""height"": 1080}",86,45186,79bf819e201440b36c5b782ed1babe1202a1533b852183e4c0eb501d4c5ccfd2
AUDIOBOOK,Audiolibros/inventario.csv,138,Historia de la geología: una introducción,"Alsina Calvés, José",Ciencias,https://elibro.puce.elogim.com/es/lc/puce/titulos/212425,"Ciencias/originales/Historia de la geología una introducción - Alsina Calvés, José.jpg","covers/Audiolibros/Ciencias/originales/Historia de la geología una introducción - Alsina Calvés, José.jpg",b48a7cf624afa9a2752f7fb75c3edcd548d96246388a417ec89327676fcb65c3,Audiolibros/ciencias/portadas/audiobook-d9339dc7e243aacb.webp,,REVISION_ENCUADRE,No existe un crop seguro para las marcas protegidas.,"[""Falta la editorial."", ""Falta un idioma válido."", ""AUDIOBOOK requiere duración positiva, narradores y páginas null.""]",157,impossible,"La franja negra izquierda contiene inscripción vertical y el extremo derecho contiene la esquina negra, el título diagonal y el remate inferior. No existe un margen liso lateral suficiente sin cortar esos elementos.",,,"{""width"": 220, ""height"": 320}",,,,
AUDIOBOOK,Audiolibros/inventario.csv,139,Iniciación a la botánica,J. L. Fuentes Yagüe,Ciencias,https://elibro.puce.elogim.com/es/lc/puce/titulos/35838,Ciencias/originales/Iniciación a la botánica - J. L. Fuentes Yagüe.jpg,covers/Audiolibros/Ciencias/originales/Iniciación a la botánica - J. L. Fuentes Yagüe.jpg,c6518a0bef6ba322ec1c17c57f13dbd1034451532b92a5b92b4faadec9ed9e87,Audiolibros/ciencias/portadas/audiobook-d70de722bbb4e09a.webp,,REVISION_ENCUADRE,No existe un crop seguro para las marcas protegidas.,"[""Falta la editorial."", ""Falta un idioma válido."", ""AUDIOBOOK requiere duración positiva, narradores y páginas null.""]",158,impossible,La fotografía de ramas de pino llena el ancho y toca ambos laterales. El verde uniforme de las bandas no continúa por los lados de la fotografía; ningún recorte lateral es íntegramente de fondo vacío.,,,"{""width"": 220, ""height"": 320}",,,,
AUDIOBOOK,Audiolibros/inventario.csv,140,Introducción a la geología (2a. ed.),"Iriondo, Martín Horacio",Ciencias,https://elibro.puce.elogim.com/es/lc/puce/titulos/78025,"Ciencias/originales/Introducción a la geología (2a. ed.) - Iriondo, Martín Horacio.jpg","covers/Audiolibros/Ciencias/originales/Introducción a la geología (2a. ed.) - Iriondo, Martín Horacio.jpg",fdf66e6a0281e1c91862f1b3a5f3ff35c9505d553fad20c78061f1f6b6b87080,Audiolibros/ciencias/portadas/audiobook-b57cdac6c1c6043b.webp,,METADATOS_PENDIENTES,"Falta la editorial.; Falta un idioma válido.; AUDIOBOOK requiere duración positiva, narradores y páginas null.","[""Falta la editorial."", ""Falta un idioma válido."", ""AUDIOBOOK requiere duración positiva, narradores y páginas null.""]",,automatic_normalization,,,generated/digital-batch/pending-images/Audiolibros/ciencias/portadas/audiobook-b57cdac6c1c6043b.webp,"{""width"": 220, ""height"": 320}","{""width"": 720, ""height"": 1080}",86,45644,7f1bd2431a36932e6b1cd5b3e99cffad8fd2e2df19a8a9fea7f59abeb5262b50
AUDIOBOOK,Audiolibros/inventario.csv,141,La astronomía es fácil,"Lopesino, Jordi",Ciencias,https://elibro.puce.elogim.com/es/lc/puce/titulos/281683,"Ciencias/originales/La astronomía es fácil - Lopesino, Jordi.jpg","covers/Audiolibros/Ciencias/originales/La astronomía es fácil - Lopesino, Jordi.jpg",ef7cac3771ead6fd8ec27cac9564bb6b744655db04a3025b8c9ac40669a53d11,Audiolibros/ciencias/portadas/audiobook-f4e93bafe1053b4c.webp,,METADATOS_PENDIENTES,"Falta la editorial.; Falta un idioma válido.; AUDIOBOOK requiere duración positiva, narradores y páginas null.","[""Falta la editorial."", ""Falta un idioma válido."", ""AUDIOBOOK requiere duración positiva, narradores y páginas null.""]",,automatic_normalization,,,generated/digital-batch/pending-images/Audiolibros/ciencias/portadas/audiobook-f4e93bafe1053b4c.webp,"{""width"": 220, ""height"": 320}","{""width"": 720, ""height"": 1080}",86,36082,948278f0422dfa4fccff4f421b95227ac428b7d109a95fe0bab46091de74f692
AUDIOBOOK,Audiolibros/inventario.csv,142,Lagos asesinos: todo lo que debes saber sobre uno de los fenómenos naturales más enigmáticos del planeta,"Sánchez España, Javier",Ciencias,https://elibro.puce.elogim.com/es/lc/puce/titulos/255898,"Ciencias/originales/Lagos asesinos todo lo que debes saber sobre uno de los fenómenos naturales más enigmáticos del planeta - Sánchez España, Javier.jpg","covers/Audiolibros/Ciencias/originales/Lagos asesinos todo lo que debes saber sobre uno de los fenómenos naturales más enigmáticos del planeta - Sánchez España, Javier.jpg",e053c81640cea1c00562df14cc3c8cdea6179cf9240cf1cbacee965259dd8b7b,Audiolibros/ciencias/portadas/audiobook-e0722ee9f7d634f9.webp,,REVISION_ENCUADRE,No existe un crop seguro para las marcas protegidas.,"[""Falta la editorial."", ""Falta un idioma válido."", ""AUDIOBOOK requiere duración positiva, narradores y páginas null.""]",159,impossible,"El bosque, el lago y sus reflejos se prolongan hasta ambos laterales. Quitar 6⅔ px, centrados o por un solo lado, corta la fotografía a sangre.",,,"{""width"": 220, ""height"": 320}",,,,
AUDIOBOOK,Audiolibros/inventario.csv,143,Los terremotos perdidos,"Pérez López, Raúl; Rodríguez Pascua, Miguel Ángel",Ciencias,https://elibro.puce.elogim.com/es/lc/puce/titulos/233364,"Ciencias/originales/Los terremotos perdidos - Pérez López, Raúl; Rodríguez Pascua, Miguel Ángel.jpg","covers/Audiolibros/Ciencias/originales/Los terremotos perdidos - Pérez López, Raúl; Rodríguez Pascua, Miguel Ángel.jpg",85a2b19b8ca8a785b02d64f156112961b64472a6778feb404971bcf3212ce3c1,Audiolibros/ciencias/portadas/audiobook-4326fbe1e2e70fb8.webp,,REVISION_ENCUADRE,No existe un crop seguro para las marcas protegidas.,"[""Falta la editorial."", ""Falta un idioma válido."", ""AUDIOBOOK requiere duración positiva, narradores y páginas null.""]",160,impossible,La pintura de figuras y arquitectura llega a los dos bordes. Tanto la izquierda como la derecha contienen formas reconocibles; no hay margen prescindible para el cambio de proporción.,,,"{""width"": 220, ""height"": 320}",,,,
AUDIOBOOK,Audiolibros/inventario.csv,144,Los volcanes,"Martí Molist, Joan",Ciencias,https://elibro.puce.elogim.com/es/lc/puce/titulos/233490,"Ciencias/originales/Los volcanes - Martí Molist, Joan.jpg","covers/Audiolibros/Ciencias/originales/Los volcanes - Martí Molist, Joan.jpg",7a21f7dc6eeff095e4807fe3997214a83b4baefd450ca7a825c2b7f4d42b6bf1,Audiolibros/ciencias/portadas/audiobook-3da2192e0502d2e5.webp,,REVISION_ENCUADRE,No existe un crop seguro para las marcas protegidas.,"[""Falta la editorial."", ""Falta un idioma válido."", ""AUDIOBOOK requiere duración positiva, narradores y páginas null.""]",161,impossible,"La fotografía de la erupción, ladera y terreno ocupa todo el ancho. Los laterales contienen humo y relieve, por lo que ninguna traslación del recorte conserva la imagen completa.",,,"{""width"": 220, ""height"": 320}",,,,
AUDIOBOOK,Audiolibros/inventario.csv,145,Magnetismo en Geología y la prospección magnética terrestre,"Lasfargues, Pierre",Ciencias,https://elibro.puce.elogim.com/es/lc/puce/titulos/72209,"Ciencias/originales/Magnetismo en Geología y la prospección magnética terrestre - Lasfargues, Pierre.jpg","covers/Audiolibros/Ciencias/originales/Magnetismo en Geología y la prospección magnética terrestre - Lasfargues, Pierre.jpg",e4313f3c706a0ce680ff77406f7822da0287358d13dabfc1b814f6c49d260311,Audiolibros/ciencias/portadas/audiobook-09f707889516a345.webp,,METADATOS_PENDIENTES,"Falta la editorial.; Falta un idioma válido.; AUDIOBOOK requiere duración positiva, narradores y páginas null.","[""Falta la editorial."", ""Falta un idioma válido."", ""AUDIOBOOK requiere duración positiva, narradores y páginas null.""]",,automatic_normalization,,,generated/digital-batch/pending-images/Audiolibros/ciencias/portadas/audiobook-09f707889516a345.webp,"{""width"": 220, ""height"": 320}","{""width"": 720, ""height"": 1080}",86,73908,59ffc760b61c60fd4d604dd9c008656f01af3e491ad02f125b77797bf88ad49a
AUDIOBOOK,Audiolibros/inventario.csv,146,Manual de zoología,"Muñoz del Viejo, Antonio; Pérez Bote, José Luis; Rubio, Eduardo da Silva",Ciencias,https://elibro.puce.elogim.com/es/lc/puce/titulos/289642,"Ciencias/originales/Manual de zoología - Muñoz del Viejo, Antonio; Pérez Bote, José Luis; Rubio, Eduardo da Silva.jpg","covers/Audiolibros/Ciencias/originales/Manual de zoología - Muñoz del Viejo, Antonio; Pérez Bote, José Luis; Rubio, Eduardo da Silva.jpg",61f4e6ebc8c893c075ebb2310ac4f829e2d8c815705668afc8235d973ca9e722,Audiolibros/ciencias/portadas/audiobook-6a94e01622f5eda9.webp,,METADATOS_PENDIENTES,"Falta la editorial.; Falta un idioma válido.; AUDIOBOOK requiere duración positiva, narradores y páginas null.","[""Falta la editorial."", ""Falta un idioma válido."", ""AUDIOBOOK requiere duración positiva, narradores y páginas null.""]",,automatic_normalization,,,generated/digital-batch/pending-images/Audiolibros/ciencias/portadas/audiobook-6a94e01622f5eda9.webp,"{""width"": 220, ""height"": 320}","{""width"": 720, ""height"": 1080}",86,22738,141504459915d7ffd32c7be49a63d07723078812c04370d497f3abc9669eaabf
AUDIOBOOK,Audiolibros/inventario.csv,147,Principios de ecología,José Luis Fontana,Ciencias,https://elibro.puce.elogim.com/es/lc/puce/titulos/78148,Ciencias/originales/Principios de ecología - José Luis Fontana.jpg,covers/Audiolibros/Ciencias/originales/Principios de ecología - José Luis Fontana.jpg,ab96cee7f897ba9f06a2c270584d8d5cf4aa2fae54c6f337cf4c65158c7058b2,Audiolibros/ciencias/portadas/audiobook-ee0f123d9af92ad9.webp,,REVISION_ENCUADRE,No existe un crop seguro para las marcas protegidas.,"[""Falta la editorial."", ""Falta un idioma válido."", ""AUDIOBOOK requiere duración positiva, narradores y páginas null.""]",162,impossible,"La fotografía del brote incluye suelo con detalle hasta los dos bordes inferiores. Aunque el fondo superior sea oscuro, no existe una franja vacía de lado a lado en toda la altura.",,,"{""width"": 220, ""height"": 320}",,,,
AUDIOBOOK,Audiolibros/inventario.csv,148,Principios Geología y exploración minera,"Oyarzún Muñoz, Jorge",Ciencias,https://elibro.puce.elogim.com/es/lc/puce/titulos/190901,"Ciencias/originales/Principios Geología y exploración minera - Oyarzún Muñoz, Jorge.jpg","covers/Audiolibros/Ciencias/originales/Principios Geología y exploración minera - Oyarzún Muñoz, Jorge.jpg",da980247b26a275a642f7230af176db72c33689087d5ceed401f76ee8cd54e66,Audiolibros/ciencias/portadas/audiobook-87050fdd18aa560e.webp,,REVISION_ENCUADRE,No existe un crop seguro para las marcas protegidas.,"[""Falta la editorial."", ""Falta un idioma válido."", ""AUDIOBOOK requiere duración positiva, narradores y páginas null.""]",163,impossible,El paisaje minero inferior llega a ambos límites laterales. La gran zona superior lisa no permite recortar el ancho sin eliminar paisaje en la parte inferior.,,,"{""width"": 220, ""height"": 320}",,,,
AUDIOBOOK,Audiolibros/inventario.csv,149,Una historia breve de la astronomía,"Medina Doctor, José",Ciencias,https://elibro.puce.elogim.com/es/lc/puce/titulos/53488,"Ciencias/originales/Una historia breve de la astronomía - Medina Doctor, José.jpg","covers/Audiolibros/Ciencias/originales/Una historia breve de la astronomía - Medina Doctor, José.jpg",6e211d0f6511a85e66459c2ea3608b4f2d6ea4305ecf2ef662c74a338b315392,Audiolibros/ciencias/portadas/audiobook-039c1c89bac478a4.webp,,REVISION_ENCUADRE,No existe un crop seguro para las marcas protegidas.,"[""Falta la editorial."", ""Falta un idioma válido."", ""AUDIOBOOK requiere duración positiva, narradores y páginas null.""]",164,impossible,La identificación vertical y su recuadro inferior ocupan el borde izquierdo; el mosaico de retratos llega al derecho. No queda una suma de márgenes laterales vacíos suficiente para 6⅔ px.,,,"{""width"": 220, ""height"": 320}",,,,
AUDIOBOOK,Audiolibros/inventario.csv,150,¿Estamos cambiando el clima?,"Viñas, José Miguel",Ciencias,https://elibro.puce.elogim.com/es/lc/puce/titulos/35195,"Ciencias/originales/¿Estamos cambiando el clima - Viñas, José Miguel.jpg","covers/Audiolibros/Ciencias/originales/¿Estamos cambiando el clima - Viñas, José Miguel.jpg",9d3be7745f29a31a4e5fa41a16d4fbddb2b6717c2b938e26b7d58da692f8201d,Audiolibros/ciencias/portadas/audiobook-31affe5f0f92eedc.webp,,REVISION_ENCUADRE,No existe un crop seguro para las marcas protegidas.,"[""Falta la editorial."", ""Falta un idioma válido."", ""AUDIOBOOK requiere duración positiva, narradores y páginas null.""]",165,impossible,"La inscripción vertical JOSÉ MIGUEL VIÑAS tiene trazos y acentos dentro de los primeros 6⅔ px, confirmado en ampliación de píxeles. La fotografía y los filetes llegan al extremo derecho; desplazar el recorte corta texto o foto.",,,"{""width"": 220, ""height"": 320}",,,,
AUDIOBOOK,Audiolibros/inventario.csv,151,¿Para qué sirve la geología?: el idioma de las piedras,"Regueiro López Barros, Manuel María; Regueiro de Margelina, Macarena",Ciencias,https://elibro.puce.elogim.com/es/lc/puce/titulos/234795,"Ciencias/originales/¿Para qué sirve la geología el idioma de las piedras - Regueiro López Barros, Manuel María; Regueiro de Margelina, Macarena.jpg","covers/Audiolibros/Ciencias/originales/¿Para qué sirve la geología el idioma de las piedras - Regueiro López Barros, Manuel María; Regueiro de Margelina, Macarena.jpg",5e15055ef946f453e73004a4d4b4c9f6b0dde3ab47cf599a42d8b4ee71ddefdd,Audiolibros/ciencias/portadas/audiobook-795a9239f88302bc.webp,,REVISION_ENCUADRE,No existe un crop seguro para las marcas protegidas.,"[""Falta la editorial."", ""Falta un idioma válido."", ""AUDIOBOOK requiere duración positiva, narradores y páginas null.""]",166,impossible,La fotografía de las formaciones rocosas ocupa ambos laterales arriba y abajo de la banda de título. No existe una franja vacía continua y cualquier desplazamiento elimina imagen.,,,"{""width"": 220, ""height"": 320}",,,,
AUDIOBOOK,Audiolibros/inventario.csv,152,Arduino práctico. Edición 2022,"Lozano Equisoain, Daniel",Tecnología e Informática,https://elibro.puce.elogim.com/es/lc/puce/titulos/300709,"Tecnología e Informática/originales/Arduino práctico. Edición 2022 - Lozano Equisoain, Daniel.jpg","covers/Audiolibros/Tecnología e Informática/originales/Arduino práctico. Edición 2022 - Lozano Equisoain, Daniel.jpg",baf866f09030c84b8ee27aeefe3c652cad4d3412a849288ef0b2f4f25f9e0c8a,Audiolibros/tecnologia-e-informatica/portadas/audiobook-815903ceb1052d80.webp,,METADATOS_PENDIENTES,"Falta la editorial.; Falta un idioma válido.; AUDIOBOOK requiere duración positiva, narradores y páginas null.","[""Falta la editorial."", ""Falta un idioma válido."", ""AUDIOBOOK requiere duración positiva, narradores y páginas null.""]",,automatic_normalization,,,generated/digital-batch/pending-images/Audiolibros/tecnologia-e-informatica/portadas/audiobook-815903ceb1052d80.webp,"{""width"": 220, ""height"": 320}","{""width"": 720, ""height"": 1080}",86,38740,9739b5421e24fbc92197fad6f440fc0bc0f9194cae7f88541b7fafd9d0837e51
AUDIOBOOK,Audiolibros/inventario.csv,153,Arduino: curso completo (2a. ed.),"Schmidt, Daniel",Tecnología e Informática,https://elibro.puce.elogim.com/es/lc/puce/titulos/222675,"Tecnología e Informática/originales/Arduino curso completo (2a. ed.) - Schmidt, Daniel.jpg","covers/Audiolibros/Tecnología e Informática/originales/Arduino curso completo (2a. ed.) - Schmidt, Daniel.jpg",5dc5e966c061a1df10df97d88d3bd9511c77e283a61054216ed78e2dc4e58183,Audiolibros/tecnologia-e-informatica/portadas/audiobook-ba644eefb6ae94c4.webp,,REVISION_ENCUADRE,No existe un crop seguro para las marcas protegidas.,"[""Falta la editorial."", ""Falta un idioma válido."", ""AUDIOBOOK requiere duración positiva, narradores y páginas null.""]",167,impossible,"La foto central tiene aire, pero los filetes paralelos que forman la banda editorial inferior terminan en ambos bordes. No puede retirarse el ancho necesario sin seccionar esos elementos de diseño.",,,"{""width"": 220, ""height"": 320}",,,,
AUDIOBOOK,Audiolibros/inventario.csv,154,Bases de datos,"Ahijado Sánchez, Antonio",Tecnología e Informática,https://elibro.puce.elogim.com/es/lc/puce/titulos/280365,"Tecnología e Informática/originales/Bases de datos - Ahijado Sánchez, Antonio.jpg","covers/Audiolibros/Tecnología e Informática/originales/Bases de datos - Ahijado Sánchez, Antonio.jpg",c0f3ca314af3b674754b29073a1cb5243bb2e2981782d5d14464c449ee54ea34,Audiolibros/tecnologia-e-informatica/portadas/audiobook-605521205568c8d0.webp,,REVISION_ENCUADRE,No existe un crop seguro para las marcas protegidas.,"[""Falta la editorial."", ""Falta un idioma válido."", ""AUDIOBOOK requiere duración positiva, narradores y páginas null.""]",168,impossible,La fotografía de pasillos de servidores llega a ambos extremos laterales. Los márgenes blancos de las bandas no se extienden por toda la altura; un recorte unilateral también corta foto.,,,"{""width"": 220, ""height"": 320}",,,,
AUDIOBOOK,Audiolibros/inventario.csv,155,Bases de datos avanzadas,"Aramburu Cabo, María José; Sanz Blasco, Ismael",Tecnología e Informática,https://elibro.puce.elogim.com/es/lc/puce/titulos/51741,"Tecnología e Informática/originales/Bases de datos avanzadas - Aramburu Cabo, María José; Sanz Blasco, Ismael.jpg","covers/Audiolibros/Tecnología e Informática/originales/Bases de datos avanzadas - Aramburu Cabo, María José; Sanz Blasco, Ismael.jpg",68c809c1aea71a104f459a795df81a2b1b50177b45a4e29e14707aada981076d,Audiolibros/tecnologia-e-informatica/portadas/audiobook-00ba28dbbd8adb65.webp,,METADATOS_PENDIENTES,"Falta la editorial.; Falta un idioma válido.; AUDIOBOOK requiere duración positiva, narradores y páginas null.","[""Falta la editorial."", ""Falta un idioma válido."", ""AUDIOBOOK requiere duración positiva, narradores y páginas null.""]",,automatic_normalization,,,generated/digital-batch/pending-images/Audiolibros/tecnologia-e-informatica/portadas/audiobook-00ba28dbbd8adb65.webp,"{""width"": 220, ""height"": 320}","{""width"": 720, ""height"": 1080}",86,16890,497e835cc88783362d9fccc932c2179423fbd14a1a974b22680bf5e8e6217a8f
AUDIOBOOK,Audiolibros/inventario.csv,156,Bases de datos distribuidas,Maidel de la Rosa Téllez,Tecnología e Informática,https://elibro.puce.elogim.com/es/lc/puce/titulos/71306,Tecnología e Informática/originales/Bases de datos distribuidas - Maidel de la Rosa Téllez.jpg,covers/Audiolibros/Tecnología e Informática/originales/Bases de datos distribuidas - Maidel de la Rosa Téllez.jpg,b97f1e98b80ceb7c494b83d41a9c09e8f9e40ab56f46656511b23de740addc87,Audiolibros/tecnologia-e-informatica/portadas/audiobook-a9cb169047111fa3.webp,,REVISION_ENCUADRE,No existe un crop seguro para las marcas protegidas.,"[""Falta la editorial."", ""Falta un idioma válido."", ""AUDIOBOOK requiere duración positiva, narradores y páginas null.""]",169,impossible,"Las líneas ornamentales superiores izquierdas, inferiores derechas y el filete horizontal inferior llegan a los bordes. Ambos lados están ocupados por geometría del diseño; no hay alternativa asimétrica vacía.",,,"{""width"": 220, ""height"": 320}",,,,
AUDIOBOOK,Audiolibros/inventario.csv,157,Diseño de base de datos,"Merchán Manzano, Oswaldo",Tecnología e Informática,https://elibro.puce.elogim.com/es/lc/puce/titulos/233930,"Tecnología e Informática/originales/Diseño de base de datos - Merchán Manzano, Oswaldo.jpg","covers/Audiolibros/Tecnología e Informática/originales/Diseño de base de datos - Merchán Manzano, Oswaldo.jpg",07bdc16d7247bfab90b6c16f3552eb61cb08ed6699ff5f5c02d2431191d1e6c9,Audiolibros/tecnologia-e-informatica/portadas/audiobook-e2784e3bc854c0de.webp,,REVISION_ENCUADRE,No existe un crop seguro para las marcas protegidas.,"[""Falta la editorial."", ""Falta un idioma válido."", ""AUDIOBOOK requiere duración positiva, narradores y páginas null.""]",170,impossible,"El diagrama azul de cajas y flechas ocupa todo el ancho de la mitad inferior. Cortar por izquierda o derecha elimina trazos reconocibles del diagrama, aunque el encabezado tenga fondo liso.",,,"{""width"": 220, ""height"": 320}",,,,
AUDIOBOOK,Audiolibros/inventario.csv,158,El manual de Arduino,"Aliverti, Paolo",Tecnología e Informática,https://elibro.puce.elogim.com/es/lc/puce/titulos/280056,"Tecnología e Informática/originales/El manual de Arduino - Aliverti, Paolo.jpg","covers/Audiolibros/Tecnología e Informática/originales/El manual de Arduino - Aliverti, Paolo.jpg",bdf9f7ee28f2ce301a172f713698149899033f0f38d58ac001cfc479ea1bf789,Audiolibros/tecnologia-e-informatica/portadas/audiobook-3a1c22b02c0a373c.webp,,METADATOS_PENDIENTES,"Falta la editorial.; Falta un idioma válido.; AUDIOBOOK requiere duración positiva, narradores y páginas null.","[""Falta la editorial."", ""Falta un idioma válido."", ""AUDIOBOOK requiere duración positiva, narradores y páginas null.""]",,automatic_normalization,,,generated/digital-batch/pending-images/Audiolibros/tecnologia-e-informatica/portadas/audiobook-3a1c22b02c0a373c.webp,"{""width"": 220, ""height"": 320}","{""width"": 720, ""height"": 1080}",86,37972,ffa793621bb83e48384547d3f591843c2ec78f42121b17454c0857408c307552
AUDIOBOOK,Audiolibros/inventario.csv,159,Iniciación a JavaScript,Jorge Mohedano,Tecnología e Informática,https://elibro.puce.elogim.com/es/lc/puce/titulos/49349,Tecnología e Informática/originales/Iniciación a JavaScript - Jorge Mohedano.jpg,covers/Audiolibros/Tecnología e Informática/originales/Iniciación a JavaScript - Jorge Mohedano.jpg,3cf29a368566d17c1e2fe609da5c40f6ff8872c467104e3373a7224b5812863d,Audiolibros/tecnologia-e-informatica/portadas/audiobook-42b57ca3d9730e7e.webp,,METADATOS_PENDIENTES,"Falta la editorial.; Falta un idioma válido.; AUDIOBOOK requiere duración positiva, narradores y páginas null.","[""Falta la editorial."", ""Falta un idioma válido."", ""AUDIOBOOK requiere duración positiva, narradores y páginas null.""]",171,approved,"Aprobado retirando únicamente 6⅔ px del margen blanco derecho. La revisión ampliada y la previsualización conservan la T final de JavaScript, la esquina redondeada y el filete de la caja azul, Mentor, educación.es y todas las marcas izquierdas. El borde izquierdo queda intacto.","{""source_box"": [0.0, 0.0, 213.33333333333334, 320.0], ""coordinate_space"": ""exif_oriented_source_pixels"", ""source_sha256"": ""3cf29a368566d17c1e2fe609da5c40f6ff8872c467104e3373a7224b5812863d"", ""reason"": ""Aprobado retirando únicamente 6⅔ px del margen blanco derecho. La revisión ampliada y la previsualización conservan la T final de JavaScript, la esquina redondeada y el filete de la caja azul, Mentor, educación.es y todas las marcas izquierdas. El borde izquierdo queda intacto.""}",generated/digital-batch/pending-images/Audiolibros/tecnologia-e-informatica/portadas/audiobook-42b57ca3d9730e7e.webp,"{""width"": 220, ""height"": 320}","{""width"": 720, ""height"": 1080}",86,23840,7f01ee48ea8d43983720b06224cc3de5ada596e97429cc9b69e05f4c92ac832c
AUDIOBOOK,Audiolibros/inventario.csv,160,Inteligencia artificial,"López de Mántaras Badia, Ramón; Meseguer González, Pedro",Tecnología e Informática,https://elibro.puce.elogim.com/es/lc/puce/titulos/233793,"Tecnología e Informática/originales/Inteligencia artificial - López de Mántaras Badia, Ramón; Meseguer González, Pedro.jpg","covers/Audiolibros/Tecnología e Informática/originales/Inteligencia artificial - López de Mántaras Badia, Ramón; Meseguer González, Pedro.jpg",cc62dffb70f5c4cf2912ae89fce49eb264408373d455dcdf7251fb1f4dd65c1d,Audiolibros/tecnologia-e-informatica/portadas/audiobook-28ed8585d496008a.webp,,METADATOS_PENDIENTES,"Falta la editorial.; Falta un idioma válido.; AUDIOBOOK requiere duración positiva, narradores y páginas null.","[""Falta la editorial."", ""Falta un idioma válido."", ""AUDIOBOOK requiere duración positiva, narradores y páginas null.""]",,automatic_normalization,,,generated/digital-batch/pending-images/Audiolibros/tecnologia-e-informatica/portadas/audiobook-28ed8585d496008a.webp,"{""width"": 220, ""height"": 320}","{""width"": 720, ""height"": 1080}",86,70206,62323918bca12e3d4c7f05f00500b7cde4eb11ba1d4511ce0ebd88456fbd2a22
AUDIOBOOK,Audiolibros/inventario.csv,161,Java 17: programación avanzada,"Vegas Gertrudix, José María",Tecnología e Informática,https://elibro.puce.elogim.com/es/lc/puce/titulos/222668,"Tecnología e Informática/originales/Java 17 programación avanzada - Vegas Gertrudix, José María.jpg","covers/Audiolibros/Tecnología e Informática/originales/Java 17 programación avanzada - Vegas Gertrudix, José María.jpg",1764c7141ca4d8d8051b19811ec90ffb544d07de4c803076873ea66da175fa02,Audiolibros/tecnologia-e-informatica/portadas/audiobook-fc9f5d6ef43cf8f3.webp,,REVISION_ENCUADRE,No existe un crop seguro para las marcas protegidas.,"[""Falta la editorial."", ""Falta un idioma válido."", ""AUDIOBOOK requiere duración positiva, narradores y páginas null.""]",172,impossible,"Los filetes editoriales paralelos inferiores atraviesan el ancho completo y llegan a los dos límites. No hay banda exterior vacía continua, aunque foto y texto principales estén centrados.",,,"{""width"": 220, ""height"": 320}",,,,
AUDIOBOOK,Audiolibros/inventario.csv,162,Java: curso práctico,"Vegas Gertrudix, José María",Tecnología e Informática,https://elibro.puce.elogim.com/es/lc/puce/titulos/222715,"Tecnología e Informática/originales/Java curso práctico - Vegas Gertrudix, José María.jpg","covers/Audiolibros/Tecnología e Informática/originales/Java curso práctico - Vegas Gertrudix, José María.jpg",75d6e25b351166d01257426483531e0e88f88d0366e94b5bf4d1ce95f4eff7b1,Audiolibros/tecnologia-e-informatica/portadas/audiobook-e99ddb371e9fcf8c.webp,,REVISION_ENCUADRE,No existe un crop seguro para las marcas protegidas.,"[""Falta la editorial."", ""Falta un idioma válido."", ""AUDIOBOOK requiere duración positiva, narradores y páginas null.""]",173,impossible,La banda de reglas paralelas que acompaña al logo Ra-Ma llega a ambos bordes. Cualquier recorte lateral secciona reglas del diseño; la foto centrada no cambia ese impedimento.,,,"{""width"": 220, ""height"": 320}",,,,
AUDIOBOOK,Audiolibros/inventario.csv,163,Kali Linux: curso práctico,"Caballero Quezada, Alonso E.",Tecnología e Informática,https://elibro.puce.elogim.com/es/lc/puce/titulos/222673,"Tecnología e Informática/originales/Kali Linux curso práctico - Caballero Quezada, Alonso E..jpg","covers/Audiolibros/Tecnología e Informática/originales/Kali Linux curso práctico - Caballero Quezada, Alonso E..jpg",291226b0da18b97484d238fca8a511757e4046a3d7b9aaf41b57cfeabf7ed66b,Audiolibros/tecnologia-e-informatica/portadas/audiobook-a75e24c2c033ba67.webp,,REVISION_ENCUADRE,No existe un crop seguro para las marcas protegidas.,"[""Falta la editorial."", ""Falta un idioma válido."", ""AUDIOBOOK requiere duración positiva, narradores y páginas null.""]",174,impossible,La banda de franjas negras y amarillas superior y los filetes inferiores llegan a ambos lados. Ninguna distribución de 6⅔ px evita cortar ornamentación.,,,"{""width"": 220, ""height"": 320}",,,,
AUDIOBOOK,Audiolibros/inventario.csv,164,Las bases de Big Data,"Caballero, Rafael; Martín, Enrique",Tecnología e Informática,https://elibro.puce.elogim.com/es/lc/puce/titulos/234185,"Tecnología e Informática/originales/Las bases de Big Data - Caballero, Rafael; Martín, Enrique.jpg","covers/Audiolibros/Tecnología e Informática/originales/Las bases de Big Data - Caballero, Rafael; Martín, Enrique.jpg",f7ef61d33a05ad4fafdc918eb929e440c2678d7bc15000aff5587c2709d4b07e,Audiolibros/tecnologia-e-informatica/portadas/audiobook-950ec20169157df0.webp,,REVISION_ENCUADRE,No existe un crop seguro para las marcas protegidas.,"[""Falta la editorial."", ""Falta un idioma válido."", ""AUDIOBOOK requiere duración positiva, narradores y páginas null.""]",175,impossible,La fotografía de datos y luces llena los dos bordes de arriba abajo. En la parte baja también hay elementos gráficos junto a los extremos; no existe margen vacío alternativo.,,,"{""width"": 220, ""height"": 320}",,,,
AUDIOBOOK,Audiolibros/inventario.csv,165,Linux avanzado (2a. ed.),"Pérez Rodríguez, María Dolores",Tecnología e Informática,https://elibro.puce.elogim.com/es/lc/puce/titulos/113228,"Tecnología e Informática/originales/Linux avanzado (2a. ed.) - Pérez Rodríguez, María Dolores.jpg","covers/Audiolibros/Tecnología e Informática/originales/Linux avanzado (2a. ed.) - Pérez Rodríguez, María Dolores.jpg",38e3445f8c2193961155d5f10e1e0d4a3d943b988c0a5e0219028fb27d9d0e84,Audiolibros/tecnologia-e-informatica/portadas/audiobook-299b45cdc5de3292.webp,,REVISION_ENCUADRE,No existe un crop seguro para las marcas protegidas.,"[""Falta la editorial."", ""Falta un idioma válido."", ""AUDIOBOOK requiere duración positiva, narradores y páginas null.""]",176,impossible,El teclado fotográfico alcanza el borde izquierdo y las bandas/filetes rojos y negros inferiores atraviesan ambos bordes. Un recorte derecho evitaría el teclado pero cortaría esas reglas; uno izquierdo corta ambos.,,,"{""width"": 220, ""height"": 320}",,,,
AUDIOBOOK,Audiolibros/inventario.csv,166,Linux para usuarios,Francisco Torres Escobar,Tecnología e Informática,https://elibro.puce.elogim.com/es/lc/puce/titulos/49377,Tecnología e Informática/originales/Linux para usuarios - Francisco Torres Escobar.jpg,covers/Audiolibros/Tecnología e Informática/originales/Linux para usuarios - Francisco Torres Escobar.jpg,27901644dad1c1a23a5e1bcf91f23a3c1c34217a460ae0c4aac5a065d57a0d95,Audiolibros/tecnologia-e-informatica/portadas/audiobook-b031fc1cca8cb329.webp,,METADATOS_PENDIENTES,"Falta la editorial.; Falta un idioma válido.; AUDIOBOOK requiere duración positiva, narradores y páginas null.","[""Falta la editorial."", ""Falta un idioma válido."", ""AUDIOBOOK requiere duración positiva, narradores y páginas null.""]",,automatic_normalization,,,generated/digital-batch/pending-images/Audiolibros/tecnologia-e-informatica/portadas/audiobook-b031fc1cca8cb329.webp,"{""width"": 220, ""height"": 320}","{""width"": 720, ""height"": 1080}",86,12684,2a2f8a7c99a59e843436516b1fbbf6b6f54d4d393ab9cd985cc0a79a20cca5eb
AUDIOBOOK,Audiolibros/inventario.csv,167,Modelos de Inteligencia Artificial,"Rodríguez Muiños, Carlos; Sánchez Lasheras, Fernando",Tecnología e Informática,https://elibro.puce.elogim.com/es/lc/puce/titulos/280358,"Tecnología e Informática/originales/Modelos de Inteligencia Artificial - Rodríguez Muiños, Carlos; Sánchez Lasheras, Fernando.jpg","covers/Audiolibros/Tecnología e Informática/originales/Modelos de Inteligencia Artificial - Rodríguez Muiños, Carlos; Sánchez Lasheras, Fernando.jpg",2b217389b080366b9124de227b7c69fd87d03dee9b09369ea785b0329ddcefb9,Audiolibros/tecnologia-e-informatica/portadas/audiobook-2849c7639cd0b136.webp,,REVISION_ENCUADRE,No existe un crop seguro para las marcas protegidas.,"[""Falta la editorial."", ""Falta un idioma válido."", ""AUDIOBOOK requiere duración positiva, narradores y páginas null.""]",177,impossible,La ilustración tecnológica azul con formas luminosas y perfil humano llega a los dos extremos laterales. No se puede reunir un margen vacío del ancho requerido desplazando el encuadre.,,,"{""width"": 220, ""height"": 320}",,,,
AUDIOBOOK,Audiolibros/inventario.csv,168,Planificación y administración de redes,"Molina Robles, Francisco José",Tecnología e Informática,https://elibro.puce.elogim.com/es/lc/puce/titulos/106392,"Tecnología e Informática/originales/Planificación y administración de redes - Molina Robles, Francisco José.jpg","covers/Audiolibros/Tecnología e Informática/originales/Planificación y administración de redes - Molina Robles, Francisco José.jpg",921953900f9c68979d8d6f0012963b2d7eaddc07fbcdadefa45400a69773b3b4,Audiolibros/tecnologia-e-informatica/portadas/audiobook-396b3945d253f0a9.webp,,REVISION_ENCUADRE,No existe un crop seguro para las marcas protegidas.,"[""Falta la editorial."", ""Falta un idioma válido."", ""AUDIOBOOK requiere duración positiva, narradores y páginas null.""]",178,impossible,"El disco y el lateral rojo llegan al borde izquierdo, y la fotografía central continúa hasta el derecho. Un recorte centrado o unilateral corta diseño o fotografía.",,,"{""width"": 220, ""height"": 320}",,,,
AUDIOBOOK,Audiolibros/inventario.csv,169,Programación de inteligencia artificial,"Menéndez García, Luis Alfonso; Sánchez Lasheras, Fernando; Rodríguez Muiños, Carlos",Tecnología e Informática,https://elibro.puce.elogim.com/es/lc/puce/titulos/282037,"Tecnología e Informática/originales/Programación de inteligencia artificial - Menéndez García, Luis Alfonso; Sánchez Lasheras, Fernando; Rodríguez Muiños, Carlos.jpg","covers/Audiolibros/Tecnología e Informática/originales/Programación de inteligencia artificial - Menéndez García, Luis Alfonso; Sánchez Lasheras, Fernando; Rodríguez Muiños, Carlos.jpg",7bd2253b8eca8f6198649b1e1e50f334c01aafad301656dbbc718a10b79efc99,Audiolibros/tecnologia-e-informatica/portadas/audiobook-42a319300e0dce3e.webp,,REVISION_ENCUADRE,No existe un crop seguro para las marcas protegidas.,"[""Falta la editorial."", ""Falta un idioma válido."", ""AUDIOBOOK requiere duración positiva, narradores y páginas null.""]",179,impossible,"La imagen de código, datos y figura luminosa llena ambos lados de la zona central. Las franjas blancas no son un margen vertical continuo; cualquier recorte lateral elimina imagen.",,,"{""width"": 220, ""height"": 320}",,,,
AUDIOBOOK,Audiolibros/inventario.csv,170,Programación web en java,José Miguel Ordax Cassá,Tecnología e Informática,https://elibro.puce.elogim.com/es/lc/puce/titulos/49347,Tecnología e Informática/originales/Programación web en java - José Miguel Ordax Cassá.jpg,covers/Audiolibros/Tecnología e Informática/originales/Programación web en java - José Miguel Ordax Cassá.jpg,4685d8b6b508eb53b94029cf32dcf46df5e5aeca4881a900570042b6577705e6,Audiolibros/tecnologia-e-informatica/portadas/audiobook-eae0b77aee05260e.webp,,METADATOS_PENDIENTES,"Falta la editorial.; Falta un idioma válido.; AUDIOBOOK requiere duración positiva, narradores y páginas null.","[""Falta la editorial."", ""Falta un idioma válido."", ""AUDIOBOOK requiere duración positiva, narradores y páginas null.""]",180,approved,"Aprobado retirando únicamente 6⅔ px del blanco del borde derecho. La caja azul redondeada y su filete, Mentor, educación.es y la taza ilustrada quedan completos en la revisión ampliada y previsualización; se conserva el lateral izquierdo con las marcas institucionales.","{""source_box"": [0.0, 0.0, 213.33333333333334, 320.0], ""coordinate_space"": ""exif_oriented_source_pixels"", ""source_sha256"": ""4685d8b6b508eb53b94029cf32dcf46df5e5aeca4881a900570042b6577705e6"", ""reason"": ""Aprobado retirando únicamente 6⅔ px del blanco del borde derecho. La caja azul redondeada y su filete, Mentor, educación.es y la taza ilustrada quedan completos en la revisión ampliada y previsualización; se conserva el lateral izquierdo con las marcas institucionales.""}",generated/digital-batch/pending-images/Audiolibros/tecnologia-e-informatica/portadas/audiobook-eae0b77aee05260e.webp,"{""width"": 220, ""height"": 320}","{""width"": 720, ""height"": 1080}",86,28112,63a1f77b776fa5abdf5337732d4832c4f83c2e3df2906b5f4de77a9b3c6d9003
AUDIOBOOK,Audiolibros/inventario.csv,171,Redes de Telecomunicaciones,"Riso, Héctor; Saibene, Omar",Tecnología e Informática,https://elibro.puce.elogim.com/es/lc/puce/titulos/174559,"Tecnología e Informática/originales/Redes de Telecomunicaciones - Riso, Héctor; Saibene, Omar.jpg","covers/Audiolibros/Tecnología e Informática/originales/Redes de Telecomunicaciones - Riso, Héctor; Saibene, Omar.jpg",0c5ee260b11761f1fb8977cfd671d1856c4afd4eb9ee38601a49e64ea1649498,Audiolibros/tecnologia-e-informatica/portadas/audiobook-2780152d25dbf980.webp,,REVISION_ENCUADRE,No existe un crop seguro para las marcas protegidas.,"[""Falta la editorial."", ""Falta un idioma válido."", ""AUDIOBOOK requiere duración positiva, narradores y páginas null.""]",181,impossible,El diagrama central se aproxima a ambos bordes y las reglas horizontales de la franja editorial inferior llegan a los dos lados. No existe una franja exterior íntegramente vacía para recortar 6⅔ px.,,,"{""width"": 220, ""height"": 320}",,,,
AUDIOBOOK,Audiolibros/inventario.csv,172,Redes locales,"Molina Robles, Francisco José",Tecnología e Informática,https://elibro.puce.elogim.com/es/lc/puce/titulos/62450,"Tecnología e Informática/originales/Redes locales - Molina Robles, Francisco José.jpg","covers/Audiolibros/Tecnología e Informática/originales/Redes locales - Molina Robles, Francisco José.jpg",40b5d140af4ca45d04b03653891a931a544977d3bd15c71cae9230dd613b6ce5,Audiolibros/tecnologia-e-informatica/portadas/audiobook-88143ffe0f91701c.webp,,METADATOS_PENDIENTES,"Falta la editorial.; Falta un idioma válido.; AUDIOBOOK requiere duración positiva, narradores y páginas null.","[""Falta la editorial."", ""Falta un idioma válido."", ""AUDIOBOOK requiere duración positiva, narradores y páginas null.""]",,automatic_normalization,,,generated/digital-batch/pending-images/Audiolibros/tecnologia-e-informatica/portadas/audiobook-88143ffe0f91701c.webp,"{""width"": 220, ""height"": 320}","{""width"": 720, ""height"": 1080}",86,44596,87249962962943adf8c9d1aee60f3dccdccfe2fb434adbd032ff50cfbbe5a3c7
AUDIOBOOK,Audiolibros/inventario.csv,173,Retos de programación con juegos. Python y Java,"Nadal Farré, Mariona",Tecnología e Informática,https://elibro.puce.elogim.com/es/lc/puce/titulos/301756,"Tecnología e Informática/originales/Retos de programación con juegos. Python y Java - Nadal Farré, Mariona.jpg","covers/Audiolibros/Tecnología e Informática/originales/Retos de programación con juegos. Python y Java - Nadal Farré, Mariona.jpg",da6373568575991fd6f1fca9da59697f37ce27ec86f76226fe36f96a53a9aad9,Audiolibros/tecnologia-e-informatica/portadas/audiobook-343bdb37650f7cb8.webp,,REVISION_ENCUADRE,No existe un crop seguro para las marcas protegidas.,"[""Falta la editorial."", ""Falta un idioma válido."", ""AUDIOBOOK requiere duración positiva, narradores y páginas null.""]",182,impossible,La fotografía de fichas numéricas llega a los dos extremos superiores. El amarillo liso inferior no permite ningún recorte vertical sin cortar fichas en la parte alta.,,,"{""width"": 220, ""height"": 320}",,,,
AUDIOBOOK,Audiolibros/inventario.csv,174,Revolución artificial: aplicaciones basadas en inteligencia artificial,Entenova Gnosis,Tecnología e Informática,https://elibro.puce.elogim.com/es/lc/puce/titulos/298017,Tecnología e Informática/originales/Revolución artificial aplicaciones basadas en inteligencia artificial - Entenova Gnosis.jpg,covers/Audiolibros/Tecnología e Informática/originales/Revolución artificial aplicaciones basadas en inteligencia artificial - Entenova Gnosis.jpg,4dd65af9e54fbafc3e92104095f4e763e9abf8f6e85a95d8bd2b4925fcf6a644,Audiolibros/tecnologia-e-informatica/portadas/audiobook-6d5627bd599950a8.webp,,METADATOS_PENDIENTES,"Falta la editorial.; Falta un idioma válido.; AUDIOBOOK requiere duración positiva, narradores y páginas null.","[""Falta la editorial."", ""Falta un idioma válido."", ""AUDIOBOOK requiere duración positiva, narradores y páginas null.""]",,automatic_normalization,,,generated/digital-batch/pending-images/Audiolibros/tecnologia-e-informatica/portadas/audiobook-6d5627bd599950a8.webp,"{""width"": 220, ""height"": 320}","{""width"": 720, ""height"": 1080}",86,29036,85ebfef3703793e6372f2859ca1795c1e819449ef478c6a13184d8c28e0e47b1
AUDIOBOOK,Audiolibros/inventario.csv,175,Seguridad en aplicaciones Web Java,"Ortega Candel, José Manuel",Tecnología e Informática,https://elibro.puce.elogim.com/es/lc/puce/titulos/106511,"Tecnología e Informática/originales/Seguridad en aplicaciones Web Java - Ortega Candel, José Manuel.jpg","covers/Audiolibros/Tecnología e Informática/originales/Seguridad en aplicaciones Web Java - Ortega Candel, José Manuel.jpg",fdea9d26fa2b46fb1569b9fe8958346d168239aeb264f1a3109580dbd3ee0f58,Audiolibros/tecnologia-e-informatica/portadas/audiobook-2fc247e44f355737.webp,,REVISION_ENCUADRE,No existe un crop seguro para las marcas protegidas.,"[""Falta la editorial."", ""Falta un idioma válido."", ""AUDIOBOOK requiere duración positiva, narradores y páginas null.""]",183,impossible,Las franjas de advertencia superiores y los filetes paralelos editoriales inferiores alcanzan ambos bordes. Desplazar el recorte no evita seccionar estos ornamentos.,,,"{""width"": 220, ""height"": 320}",,,,
AUDIOBOOK,Audiolibros/inventario.csv,176,Servicios en red,"Polo Ortega, Eduardo; Molina Robles, Francisco José",Tecnología e Informática,https://elibro.puce.elogim.com/es/lc/puce/titulos/62455,"Tecnología e Informática/originales/Servicios en red - Polo Ortega, Eduardo; Molina Robles, Francisco José.jpg","covers/Audiolibros/Tecnología e Informática/originales/Servicios en red - Polo Ortega, Eduardo; Molina Robles, Francisco José.jpg",57ecfe441a975af01d174f8e62f0f6eb3347b535817c7c5ad31e9b0c74d7b01e,Audiolibros/tecnologia-e-informatica/portadas/audiobook-3f9baf06ddcd2732.webp,,REVISION_ENCUADRE,No existe un crop seguro para las marcas protegidas.,"[""Falta la editorial."", ""Falta un idioma válido."", ""AUDIOBOOK requiere duración positiva, narradores y páginas null.""]",184,impossible,El disco superior izquierdo y la fotografía de conectores y cable llegan a los laterales. Tanto un corte izquierdo como uno derecho quita contenido reconocible.,,,"{""width"": 220, ""height"": 320}",,,,
AUDIOBOOK,Audiolibros/inventario.csv,177,Cálculo avanzado: introducción,"Caicedo Contreras, José Francisco",Matemáticas,https://elibro.puce.elogim.com/es/lc/puce/titulos/127754,"Matemáticas/originales/Cálculo avanzado introducción - Caicedo Contreras, José Francisco.jpg","covers/Audiolibros/Matemáticas/originales/Cálculo avanzado introducción - Caicedo Contreras, José Francisco.jpg",675ff36b00f19d2705608e8566fd31edbccce35ff5df68a66bc948587e2ebd4d,Audiolibros/Matematicas/portadas/audiobook-2e70a2bb71e8dfd5.webp,,METADATOS_PENDIENTES,"Falta la editorial.; Falta un idioma válido.; AUDIOBOOK requiere duración positiva, narradores y páginas null.","[""Falta la editorial."", ""Falta un idioma válido."", ""AUDIOBOOK requiere duración positiva, narradores y páginas null.""]",,automatic_normalization,,,generated/digital-batch/pending-images/Audiolibros/Matematicas/portadas/audiobook-2e70a2bb71e8dfd5.webp,"{""width"": 220, ""height"": 320}","{""width"": 720, ""height"": 1080}",86,23254,18ee9ca1bac55499287696e322d300ea364642386af679347cc0890903499d5b
AUDIOBOOK,Audiolibros/inventario.csv,178,Cálculo de probabilidades,"Saavedra Gallardo, Eugenio",Matemáticas,https://elibro.puce.elogim.com/es/lc/puce/titulos/68542,"Matemáticas/originales/Cálculo de probabilidades - Saavedra Gallardo, Eugenio.jpg","covers/Audiolibros/Matemáticas/originales/Cálculo de probabilidades - Saavedra Gallardo, Eugenio.jpg",bdc011934bfd4f6322b9aa1e69430351a9570334fc536fa4a8301085eb51086b,Audiolibros/Matematicas/portadas/audiobook-b5682f9b6d05ef15.webp,,REVISION_ENCUADRE,No existe un crop seguro para las marcas protegidas.,"[""Falta la editorial."", ""Falta un idioma válido."", ""AUDIOBOOK requiere duración positiva, narradores y páginas null.""]",185,impossible,"Los trazos matemáticos y curvas del fondo artístico llegan a ambos bordes. No son únicamente textura uniforme: existen líneas reconocibles dentro de las franjas candidatas, sin margen alternativo suficiente.",,,"{""width"": 220, ""height"": 320}",,,,
AUDIOBOOK,Audiolibros/inventario.csv,179,Cálculo integral (4a. ed.),"Morales Téllez, Fernando; Colín Uribe, María Patricia; Islas Salomón, Celia Araceli",Matemáticas,https://elibro.puce.elogim.com/es/lc/puce/titulos/130344,"Matemáticas/originales/Cálculo integral (4a. ed.) - Morales Téllez, Fernando; Colín Uribe, María Patricia; Islas Salomón, Celia Araceli.jpg","covers/Audiolibros/Matemáticas/originales/Cálculo integral (4a. ed.) - Morales Téllez, Fernando; Colín Uribe, María Patricia; Islas Salomón, Celia Araceli.jpg",0edfd0c925606167e978261a6fb0c0fbf5745e651cdc0aac789048d6a3f67158,Audiolibros/Matematicas/portadas/audiobook-d01c454c59974f32.webp,,REVISION_ENCUADRE,No existe un crop seguro para las marcas protegidas.,"[""Falta la editorial."", ""Falta un idioma válido."", ""AUDIOBOOK requiere duración positiva, narradores y páginas null.""]",186,impossible,Las curvas multicolores y la imagen de expresiones matemáticas llegan a ambos lados. El cambio de proporción requiere cortar líneas o escritura del arte de portada.,,,"{""width"": 220, ""height"": 320}",,,,
AUDIOBOOK,Audiolibros/inventario.csv,180,Cálculo integral y series,José Aguayo,Matemáticas,https://elibro.puce.elogim.com/es/lc/puce/titulos/68429,Matemáticas/originales/Cálculo integral y series - José Aguayo.jpg,covers/Audiolibros/Matemáticas/originales/Cálculo integral y series - José Aguayo.jpg,c22cf853a64b2cbea6ace737b84d74e88fe6b950c4199a5789b1a7c309a28394,Audiolibros/Matematicas/portadas/audiobook-7da19e5c387faf2e.webp,,REVISION_ENCUADRE,No existe un crop seguro para las marcas protegidas.,"[""Falta la editorial."", ""Falta un idioma válido."", ""AUDIOBOOK requiere duración positiva, narradores y páginas null.""]",187,impossible,"El pie de marca sobre la franja gris está pegado al lado izquierdo, y la fotografía de la cúpula y el logo superior llegan al derecho. No hay 6⅔ px de fondo vacío disponibles entre ambos.",,,"{""width"": 220, ""height"": 320}",,,,
AUDIOBOOK,Audiolibros/inventario.csv,181,Cálculo para ingenierías,"Arboledas Brihuega, David",Matemáticas,https://elibro.puce.elogim.com/es/lc/puce/titulos/280109,"Matemáticas/originales/Cálculo para ingenierías - Arboledas Brihuega, David.jpg","covers/Audiolibros/Matemáticas/originales/Cálculo para ingenierías - Arboledas Brihuega, David.jpg",45a77b6bc519452b9b4a182aedc38af41f6b3be464552f63a8184b9924c99956,Audiolibros/Matematicas/portadas/audiobook-fd3b3c66ce80c32d.webp,,REVISION_ENCUADRE,No existe un crop seguro para las marcas protegidas.,"[""Falta la editorial."", ""Falta un idioma válido."", ""AUDIOBOOK requiere duración positiva, narradores y páginas null.""]",188,impossible,La foto amarilla de la pluma y las fórmulas manuscritas cubre ambos límites laterales. Un recorte en cualquier posición elimina escritura o imagen.,,,"{""width"": 220, ""height"": 320}",,,,
AUDIOBOOK,Audiolibros/inventario.csv,182,Estadística aplicada básica (2a. ed.),"Moore, David S.",Matemáticas,https://elibro.puce.elogim.com/es/lc/puce/titulos/60046,"Matemáticas/originales/Estadística aplicada básica (2a. ed.) - Moore, David S..jpg","covers/Audiolibros/Matemáticas/originales/Estadística aplicada básica (2a. ed.) - Moore, David S..jpg",eb90e8c7f867df2b71196cd274d9996c057ba74708882d68694ba6d98ba94cd4,Audiolibros/Matematicas/portadas/audiobook-6193d7218a6f349d.webp,,METADATOS_PENDIENTES,"Falta la editorial.; Falta un idioma válido.; AUDIOBOOK requiere duración positiva, narradores y páginas null.","[""Falta la editorial."", ""Falta un idioma válido."", ""AUDIOBOOK requiere duración positiva, narradores y páginas null.""]",,automatic_normalization,,,generated/digital-batch/pending-images/Audiolibros/Matematicas/portadas/audiobook-6193d7218a6f349d.webp,"{""width"": 220, ""height"": 320}","{""width"": 720, ""height"": 1080}",86,17184,f0010914a82a24e3b0addf14aab62fa535e25d5c4c3e8e1441c6044799329a34
AUDIOBOOK,Audiolibros/inventario.csv,183,Estadística descriptiva,"Monroy Saldívar, Salvador",Matemáticas,https://elibro.puce.elogim.com/es/lc/puce/titulos/74722,"Matemáticas/originales/Estadística descriptiva - Monroy Saldívar, Salvador.jpg","covers/Audiolibros/Matemáticas/originales/Estadística descriptiva - Monroy Saldívar, Salvador.jpg",2a34fbc6f0cf4eb9324f0b2a0b2c2d6fc2377063acd7be8e1e41eec97852abc4,Audiolibros/Matematicas/portadas/audiobook-c732ab4d713d25f6.webp,,REVISION_ENCUADRE,No existe un crop seguro para las marcas protegidas.,"[""Falta la editorial."", ""Falta un idioma válido."", ""AUDIOBOOK requiere duración positiva, narradores y páginas null.""]",189,impossible,"El collage de dados, cartas, fichas y ruleta ocupa los dos bordes. No existe margen exterior lateral vacío; desplazar el encuadre solo cambia qué parte del collage se corta.",,,"{""width"": 220, ""height"": 320}",,,,
AUDIOBOOK,Audiolibros/inventario.csv,184,Estadística Inferencial,"Llinás Solano, Humberto",Matemáticas,https://elibro.puce.elogim.com/es/lc/puce/titulos/70060,"Matemáticas/originales/Estadística Inferencial - Llinás Solano, Humberto.jpg","covers/Audiolibros/Matemáticas/originales/Estadística Inferencial - Llinás Solano, Humberto.jpg",5cb62f62cb2ffcf0b3d6d5146469233289e37e58c120d3ccab22c9392024a18b,Audiolibros/Matematicas/portadas/audiobook-84c02787a4bc623d.webp,,METADATOS_PENDIENTES,"Falta la editorial.; Falta un idioma válido.; AUDIOBOOK requiere duración positiva, narradores y páginas null.","[""Falta la editorial."", ""Falta un idioma válido."", ""AUDIOBOOK requiere duración positiva, narradores y páginas null.""]",,automatic_normalization,,,generated/digital-batch/pending-images/Audiolibros/Matematicas/portadas/audiobook-84c02787a4bc623d.webp,"{""width"": 220, ""height"": 320}","{""width"": 720, ""height"": 1080}",86,25008,6c3078d525c8c0dae271815dda08828ec678e7065d7482f1eec778c3d46434b7
AUDIOBOOK,Audiolibros/inventario.csv,185,Estadística multivariada,Nancy Lacourly,Matemáticas,https://elibro.puce.elogim.com/es/lc/puce/titulos/68436,Matemáticas/originales/Estadística multivariada - Nancy Lacourly.jpg,covers/Audiolibros/Matemáticas/originales/Estadística multivariada - Nancy Lacourly.jpg,9fa6d1a871d37e44d5a0b73e778d0f032b4fe9ec40ef60904c0b6a9fcfb34ff7,Audiolibros/Matematicas/portadas/audiobook-3bbf1710730283bc.webp,,REVISION_ENCUADRE,No existe un crop seguro para las marcas protegidas.,"[""Falta la editorial."", ""Falta un idioma válido."", ""AUDIOBOOK requiere duración positiva, narradores y páginas null.""]",190,impossible,La marca inferior y la columna de cuadrados grises ocupan la izquierda; la foto del mapa con peones llega a la derecha. No hay franja lateral suficiente que no contenga elementos del diseño.,,,"{""width"": 220, ""height"": 320}",,,,
AUDIOBOOK,Audiolibros/inventario.csv,186,Estadística y muestreo (14a. ed.),"Martínez Bencardino, Ciro",Matemáticas,https://elibro.puce.elogim.com/es/lc/puce/titulos/125946,"Matemáticas/originales/Estadística y muestreo (14a. ed.) - Martínez Bencardino, Ciro.jpg","covers/Audiolibros/Matemáticas/originales/Estadística y muestreo (14a. ed.) - Martínez Bencardino, Ciro.jpg",5aaf2dc3370a36c895a649566fc2e054d4787d8742a32ded4b8391a413beef12,Audiolibros/Matematicas/portadas/audiobook-3fdc91d85e14cdbc.webp,,METADATOS_PENDIENTES,"Falta la editorial.; Falta un idioma válido.; AUDIOBOOK requiere duración positiva, narradores y páginas null.","[""Falta la editorial."", ""Falta un idioma válido."", ""AUDIOBOOK requiere duración positiva, narradores y páginas null.""]",,automatic_normalization,,,generated/digital-batch/pending-images/Audiolibros/Matematicas/portadas/audiobook-3fdc91d85e14cdbc.webp,"{""width"": 220, ""height"": 320}","{""width"": 720, ""height"": 1080}",86,36856,12ee27948af163e8ff3f65c5d35979eb809dc7acfc1c2530fd8881544f31673c
AUDIOBOOK,Audiolibros/inventario.csv,187,Fundamentos de estadística,"Peña, Daniel",Matemáticas,https://elibro.puce.elogim.com/es/lc/puce/titulos/45429,"Matemáticas/originales/Fundamentos de estadística - Peña, Daniel.jpg","covers/Audiolibros/Matemáticas/originales/Fundamentos de estadística - Peña, Daniel.jpg",3e74f33a545d43f617853c1b818fcea9f68f8b6f58faad97c5a912acc9d88262,Audiolibros/Matematicas/portadas/audiobook-d5e1e8df5d591fa7.webp,,METADATOS_PENDIENTES,"Falta la editorial.; Falta un idioma válido.; AUDIOBOOK requiere duración positiva, narradores y páginas null.","[""Falta la editorial."", ""Falta un idioma válido."", ""AUDIOBOOK requiere duración positiva, narradores y páginas null.""]",,automatic_normalization,,,generated/digital-batch/pending-images/Audiolibros/Matematicas/portadas/audiobook-d5e1e8df5d591fa7.webp,"{""width"": 220, ""height"": 320}","{""width"": 720, ""height"": 1080}",86,28116,5fab167f30ea86b18402bc9e39098753756415e1ae4b97c429409640abb0c5bf
AUDIOBOOK,Audiolibros/inventario.csv,188,Fundamentos de álgebra (2a. ed.),"Zaldívar, Felipe",Matemáticas,https://elibro.puce.elogim.com/es/lc/puce/titulos/247422,"Matemáticas/originales/Fundamentos de álgebra (2a. ed.) - Zaldívar, Felipe.jpg","covers/Audiolibros/Matemáticas/originales/Fundamentos de álgebra (2a. ed.) - Zaldívar, Felipe.jpg",a165994859f7f14bfaea4d43bec9319d9977b7dcd970438caa38d3971ba68789,Audiolibros/Matematicas/portadas/audiobook-99428ecb9e6e0ab1.webp,,REVISION_ENCUADRE,No existe un crop seguro para las marcas protegidas.,"[""Falta la editorial."", ""Falta un idioma válido."", ""AUDIOBOOK requiere duración positiva, narradores y páginas null.""]",191,impossible,El mosaico de casillas con fórmulas y dibujos llega a ambos laterales. La reducción de ancho corta casillas o sus símbolos; las bandas rojas no forman margen lateral continuo.,,,"{""width"": 220, ""height"": 320}",,,,
AUDIOBOOK,Audiolibros/inventario.csv,189,Geometría elemental,"Pogorélov, A. V.",Matemáticas,https://elibro.puce.elogim.com/es/lc/puce/titulos/104762,"Matemáticas/originales/Geometría elemental - Pogorélov, A. V..jpg","covers/Audiolibros/Matemáticas/originales/Geometría elemental - Pogorélov, A. V..jpg",5b8158fa4e412b95087c70899a71eb3b6132a78d2a0b53524685971374b9c3d6,Audiolibros/Matematicas/portadas/audiobook-41593a3c01bb3bb5.webp,,METADATOS_PENDIENTES,"Falta la editorial.; Falta un idioma válido.; AUDIOBOOK requiere duración positiva, narradores y páginas null.","[""Falta la editorial."", ""Falta un idioma válido."", ""AUDIOBOOK requiere duración positiva, narradores y páginas null.""]",,automatic_normalization,,,generated/digital-batch/pending-images/Audiolibros/Matematicas/portadas/audiobook-41593a3c01bb3bb5.webp,"{""width"": 220, ""height"": 320}","{""width"": 720, ""height"": 1080}",86,16280,21037a93cc95c95ffa868889f8dbb435e431bd4b279f16e74e1b579fdfe002af
AUDIOBOOK,Audiolibros/inventario.csv,190,Geometría riemanniana,"Sánchez Morgado, Héctor; Óscar A. Palmas Velasco",Matemáticas,https://elibro.puce.elogim.com/es/lc/puce/titulos/74615,"Matemáticas/originales/Geometría riemanniana - Sánchez Morgado, Héctor; Óscar A. Palmas Velasco.jpg","covers/Audiolibros/Matemáticas/originales/Geometría riemanniana - Sánchez Morgado, Héctor; Óscar A. Palmas Velasco.jpg",6723651bbe862367dc633a779c1ffb1897f3aabaf2b4e132aaf68ce3801434a4,Audiolibros/Matematicas/portadas/audiobook-e802891e2e2bf310.webp,,METADATOS_PENDIENTES,"Falta la editorial.; Falta un idioma válido.; AUDIOBOOK requiere duración positiva, narradores y páginas null.","[""Falta la editorial."", ""Falta un idioma válido."", ""AUDIOBOOK requiere duración positiva, narradores y páginas null.""]",,automatic_normalization,,,generated/digital-batch/pending-images/Audiolibros/Matematicas/portadas/audiobook-e802891e2e2bf310.webp,"{""width"": 220, ""height"": 320}","{""width"": 720, ""height"": 1080}",86,14408,e833b5aaa7867e6ed2969ad810138741469a079a04d638789022d412f25f41d9
AUDIOBOOK,Audiolibros/inventario.csv,191,Inferencia estadística,Miguel Ángel Gómez Villegas,Matemáticas,https://elibro.puce.elogim.com/es/lc/puce/titulos/52874,Matemáticas/originales/Inferencia estadística - Miguel Ángel Gómez Villegas.jpg,covers/Audiolibros/Matemáticas/originales/Inferencia estadística - Miguel Ángel Gómez Villegas.jpg,658f2f166e2a325c39c415d79ff962923784549f8e3e4d6199091cd58df62b73,Audiolibros/Matematicas/portadas/audiobook-e7e528202ac4b259.webp,,METADATOS_PENDIENTES,"Falta la editorial.; Falta un idioma válido.; AUDIOBOOK requiere duración positiva, narradores y páginas null.","[""Falta la editorial."", ""Falta un idioma válido."", ""AUDIOBOOK requiere duración positiva, narradores y páginas null.""]",,automatic_normalization,,,generated/digital-batch/pending-images/Audiolibros/Matematicas/portadas/audiobook-e7e528202ac4b259.webp,"{""width"": 220, ""height"": 320}","{""width"": 720, ""height"": 1080}",86,38830,24ac0fa65c3e67c5f81ec9b944ce5652e5e016ca7bd67258d0b1ec58a06c7705
AUDIOBOOK,Audiolibros/inventario.csv,192,Introducción a la estadística,Nancy Lacourly,Matemáticas,https://elibro.puce.elogim.com/es/lc/puce/titulos/68439,Matemáticas/originales/Introducción a la estadística - Nancy Lacourly.jpg,covers/Audiolibros/Matemáticas/originales/Introducción a la estadística - Nancy Lacourly.jpg,59f2eefa125600bd3e85b0152f980487945e04e442923d0e9b18eae4daf8c7f4,Audiolibros/Matematicas/portadas/audiobook-a60862a01f17ea62.webp,,REVISION_ENCUADRE,No existe un crop seguro para las marcas protegidas.,"[""Falta la editorial."", ""Falta un idioma válido."", ""AUDIOBOOK requiere duración positiva, narradores y páginas null.""]",192,impossible,"La columna gris y su logotipo inferior alcanzan la izquierda, mientras la foto panorámica y marca superior alcanzan la derecha. No es posible un desplazamiento que preserve todos esos elementos.",,,"{""width"": 220, ""height"": 320}",,,,
AUDIOBOOK,Audiolibros/inventario.csv,193,Introducción a la geometría,"Rojas Álvarez, Carlos Javier",Matemáticas,https://elibro.puce.elogim.com/es/lc/puce/titulos/69957,"Matemáticas/originales/Introducción a la geometría - Rojas Álvarez, Carlos Javier.jpg","covers/Audiolibros/Matemáticas/originales/Introducción a la geometría - Rojas Álvarez, Carlos Javier.jpg",536488d9ca2f1bb310677bc61d3749151591577fee538bcfc89ed6399f076ac4,Audiolibros/Matematicas/portadas/audiobook-d623106aa2501ac3.webp,,REVISION_ENCUADRE,No existe un crop seguro para las marcas protegidas.,"[""Falta la editorial."", ""Falta un idioma válido."", ""AUDIOBOOK requiere duración positiva, narradores y páginas null.""]",193,impossible,"La trama geométrica de arcos, radios y retícula se extiende hasta ambos bordes. Son líneas dibujadas del diseño y no fondo vacío; cualquier recorte lateral elimina parte de la trama.",,,"{""width"": 220, ""height"": 320}",,,,
AUDIOBOOK,Audiolibros/inventario.csv,194,Introducción al álgebra,"Lewin, Renato",Matemáticas,https://elibro.puce.elogim.com/es/lc/puce/titulos/68426,"Matemáticas/originales/Introducción al álgebra - Lewin, Renato.jpg","covers/Audiolibros/Matemáticas/originales/Introducción al álgebra - Lewin, Renato.jpg",ab398599ef2e5677fa94ef254a9e4f106913c2e3d22eaa6d69f7c5e2836c8d59,Audiolibros/Matematicas/portadas/audiobook-b787173964a6ca0d.webp,,REVISION_ENCUADRE,No existe un crop seguro para las marcas protegidas.,"[""Falta la editorial."", ""Falta un idioma válido."", ""AUDIOBOOK requiere duración positiva, narradores y páginas null.""]",194,impossible,La columna gris con marca inferior llega al borde izquierdo y la fotografía de pizarra y material geométrico llega al derecho. No existe una suma suficiente de márgenes libres para 6⅔ px.,,,"{""width"": 220, ""height"": 320}",,,,
AUDIOBOOK,Audiolibros/inventario.csv,195,La geometría de las ciudades,"Sorando Muzás, José María",Matemáticas,https://elibro.puce.elogim.com/es/lc/puce/titulos/233100,"Matemáticas/originales/La geometría de las ciudades - Sorando Muzás, José María.jpg","covers/Audiolibros/Matemáticas/originales/La geometría de las ciudades - Sorando Muzás, José María.jpg",2a6da0b0550356f4be526c4436ca3a47f279cb96753c97a4b9cf1b7b6f3a24d5,Audiolibros/Matematicas/portadas/audiobook-98a184bad47674ce.webp,,METADATOS_PENDIENTES,"Falta la editorial.; Falta un idioma válido.; AUDIOBOOK requiere duración positiva, narradores y páginas null.","[""Falta la editorial."", ""Falta un idioma válido."", ""AUDIOBOOK requiere duración positiva, narradores y páginas null.""]",,automatic_normalization,,,generated/digital-batch/pending-images/Audiolibros/Matematicas/portadas/audiobook-98a184bad47674ce.webp,"{""width"": 220, ""height"": 320}","{""width"": 720, ""height"": 1080}",86,24764,2a66cdd32506ecae70593ce91d9e5eec687402d704095b0e3fadffebc5a9859b
AUDIOBOOK,Audiolibros/inventario.csv,196,La geometría del universo,"Leon, Manuel de",Matemáticas,https://elibro.puce.elogim.com/es/lc/puce/titulos/239571,"Matemáticas/originales/La geometría del universo - Leon, Manuel de.jpg","covers/Audiolibros/Matemáticas/originales/La geometría del universo - Leon, Manuel de.jpg",5c1a617f8117aef75749df4250b3f9a18be892017e5ebf382f8f277f17ce0a23,Audiolibros/Matematicas/portadas/audiobook-a73c8fe399446f23.webp,,METADATOS_PENDIENTES,"Falta la editorial.; Falta un idioma válido.; AUDIOBOOK requiere duración positiva, narradores y páginas null.","[""Falta la editorial."", ""Falta un idioma válido."", ""AUDIOBOOK requiere duración positiva, narradores y páginas null.""]",,automatic_normalization,,,generated/digital-batch/pending-images/Audiolibros/Matematicas/portadas/audiobook-a73c8fe399446f23.webp,"{""width"": 220, ""height"": 320}","{""width"": 720, ""height"": 1080}",86,28072,249cbac036bcaa18d56138b116afb7d00e81353613dc3eb82d799e169975cd28
AUDIOBOOK,Audiolibros/inventario.csv,197,Las geometrías y otras revoluciones,"Logares Jiménez, Marina",Matemáticas,https://elibro.puce.elogim.com/es/lc/puce/titulos/105662,"Matemáticas/originales/Las geometrías y otras revoluciones - Logares Jiménez, Marina.jpg","covers/Audiolibros/Matemáticas/originales/Las geometrías y otras revoluciones - Logares Jiménez, Marina.jpg",1233276179920b5d2ba4672c00894f9eb19f1f039cd78fa13de9b4384f8a6578,Audiolibros/Matematicas/portadas/audiobook-0e52039dfe392e33.webp,,REVISION_ENCUADRE,No existe un crop seguro para las marcas protegidas.,"[""Falta la editorial."", ""Falta un idioma válido."", ""AUDIOBOOK requiere duración positiva, narradores y páginas null.""]",195,impossible,El patrón fotográfico de paneles triangulares cubre ambos laterales. Las aristas llegan al borde y se cortarían con cualquier desplazamiento del encuadre.,,,"{""width"": 220, ""height"": 320}",,,,
AUDIOBOOK,Audiolibros/inventario.csv,198,Una introducción a la geometría fractal,"Sabogal, Sonia; Arenas, Gilberto",Matemáticas,https://elibro.puce.elogim.com/es/lc/puce/titulos/117594,"Matemáticas/originales/Una introducción a la geometría fractal - Sabogal, Sonia; Arenas, Gilberto.jpg","covers/Audiolibros/Matemáticas/originales/Una introducción a la geometría fractal - Sabogal, Sonia; Arenas, Gilberto.jpg",8d5515a6e80e676d518e8c595d85a9402ca3061b77f998ab85427203c4f11f6a,Audiolibros/Matematicas/portadas/audiobook-8af061372fbf6a49.webp,,METADATOS_PENDIENTES,"Falta la editorial.; Falta un idioma válido.; AUDIOBOOK requiere duración positiva, narradores y páginas null.","[""Falta la editorial."", ""Falta un idioma válido."", ""AUDIOBOOK requiere duración positiva, narradores y páginas null.""]",,automatic_normalization,,,generated/digital-batch/pending-images/Audiolibros/Matematicas/portadas/audiobook-8af061372fbf6a49.webp,"{""width"": 220, ""height"": 320}","{""width"": 720, ""height"": 1080}",86,25770,890d7fda61bceeac35aa852b3bab709d949e92ce72b9cd51676762749e8f2429
AUDIOBOOK,Audiolibros/inventario.csv,199,Álgebra en todas partes,"Peña, José Antonio",Matemáticas,https://elibro.puce.elogim.com/es/lc/puce/titulos/110620,"Matemáticas/originales/Álgebra en todas partes - Peña, José Antonio.jpg","covers/Audiolibros/Matemáticas/originales/Álgebra en todas partes - Peña, José Antonio.jpg",0453c6a6b2ae0e9622ae76da00af77cccf5dd990621a10ffc3a491c16361795b,Audiolibros/Matematicas/portadas/audiobook-881edff891e51e9b.webp,,REVISION_ENCUADRE,No existe un crop seguro para las marcas protegidas.,"[""Falta la editorial."", ""Falta un idioma válido."", ""AUDIOBOOK requiere duración positiva, narradores y páginas null.""]",196,impossible,"La retícula de hexágonos y otras figuras del fondo alcanza ambos lados, con una pestaña roja además en el borde izquierdo. La ilustración principal no se corta, pero sí geometría del diseño en cualquier recorte lateral.",,,"{""width"": 220, ""height"": 320}",,,,
AUDIOBOOK,Audiolibros/inventario.csv,200,Álgebra matricial,"Gregori Gregori, Valentín; Roig Sala, Bernardino; Estruch Fuster, Vicent",Matemáticas,https://elibro.puce.elogim.com/es/lc/puce/titulos/57450,"Matemáticas/originales/Álgebra matricial - Gregori Gregori, Valentín; Roig Sala, Bernardino; Estruch Fuster, Vicent.jpg","covers/Audiolibros/Matemáticas/originales/Álgebra matricial - Gregori Gregori, Valentín; Roig Sala, Bernardino; Estruch Fuster, Vicent.jpg",c1322d1c7dcc1598835c6e24e78f18e539e14cc4f49ecbe6872631d6c20a619c,Audiolibros/Matematicas/portadas/audiobook-60d4829cbd033322.webp,,REVISION_ENCUADRE,No existe un crop seguro para las marcas protegidas.,"[""Falta la editorial."", ""Falta un idioma válido."", ""AUDIOBOOK requiere duración positiva, narradores y páginas null.""]",197,impossible,La gran a blanca y las fórmulas manuscritas llegan al borde izquierdo; los planos beige de la composición tridimensional llegan al derecho. No hay margen vacío para un recorte centrado o unilateral.,,,"{""width"": 220, ""height"": 320}",,,,
AUDIOBOOK,Audiolibros/inventario.csv,201,Álgebra Superior,"Lara Rodríguez, José Alejandro; Rubio Barrios, Carlos Jacob",Matemáticas,https://elibro.puce.elogim.com/es/lc/puce/titulos/250209,"Matemáticas/originales/Álgebra Superior - Lara Rodríguez, José Alejandro; Rubio Barrios, Carlos Jacob.jpg","covers/Audiolibros/Matemáticas/originales/Álgebra Superior - Lara Rodríguez, José Alejandro; Rubio Barrios, Carlos Jacob.jpg",d3104cda47d8083c3ef52f37eadd1fa9188a080a667412892d127f318b982fbe,Audiolibros/Matematicas/portadas/audiobook-1a809abf1d9382e9.webp,,REVISION_ENCUADRE,No existe un crop seguro para las marcas protegidas.,"[""Falta la editorial."", ""Falta un idioma válido."", ""AUDIOBOOK requiere duración positiva, narradores y páginas null.""]",198,impossible,"Las fórmulas blancas tenues del fondo alcanzan la franja izquierda y se acercan al extremo derecho; el examen ampliado muestra trazos dentro del corte unilateral derecho de 6⅔ px. Son escritura del diseño, no textura vacía, y no se verifica un reparto lateral suficiente sin cortar trazos.",,,"{""width"": 220, ""height"": 320}",,,,
AUDIOBOOK,Audiolibros/inventario.csv,202,Anatomía y fisiología básicas en el niño,"Carbonero Celis, Carmen; Cañizares Márquez, José María",Medicina,https://elibro.puce.elogim.com/es/lc/puce/titulos/63446,"Medicina/originales/Anatomía y fisiología básicas en el niño - Carbonero Celis, Carmen; Cañizares Márquez, José María.jpg","covers/Audiolibros/Medicina/originales/Anatomía y fisiología básicas en el niño - Carbonero Celis, Carmen; Cañizares Márquez, José María.jpg",d510fb0006d14e2ffe2ca3f0bd894a94ec15ec75dd5f8518db3bae5bf1d8c8d1,Audiolibros/medicina/portadas/audiobook-ccecc542047c16dd.webp,,METADATOS_PENDIENTES,"Falta la editorial.; Falta un idioma válido.; AUDIOBOOK requiere duración positiva, narradores y páginas null.","[""Falta la editorial."", ""Falta un idioma válido."", ""AUDIOBOOK requiere duración positiva, narradores y páginas null.""]",,automatic_normalization,,,generated/digital-batch/pending-images/Audiolibros/medicina/portadas/audiobook-ccecc542047c16dd.webp,"{""width"": 220, ""height"": 320}","{""width"": 720, ""height"": 1080}",86,42462,5edf32cd1df23aeec6bbb92fcf305b6a8791ac4cef77e2f93e8732022749b0d4
AUDIOBOOK,Audiolibros/inventario.csv,203,Anatomía y fisiología del sistema nervioso central,"Velayos, José Luis; Diéguez, Godofredo",Medicina,https://elibro.puce.elogim.com/es/lc/puce/titulos/43244,"Medicina/originales/Anatomía y fisiología del sistema nervioso central - Velayos, José Luis; Diéguez, Godofredo.jpg","covers/Audiolibros/Medicina/originales/Anatomía y fisiología del sistema nervioso central - Velayos, José Luis; Diéguez, Godofredo.jpg",81a3ca2803dc79b79416bc611b65dbffa07fa5804dbeeaa321417ffcfcb7679a,Audiolibros/medicina/portadas/audiobook-7716c6d896d5a7b7.webp,,METADATOS_PENDIENTES,"Falta la editorial.; Falta un idioma válido.; AUDIOBOOK requiere duración positiva, narradores y páginas null.","[""Falta la editorial."", ""Falta un idioma válido."", ""AUDIOBOOK requiere duración positiva, narradores y páginas null.""]",,automatic_normalization,,,generated/digital-batch/pending-images/Audiolibros/medicina/portadas/audiobook-7716c6d896d5a7b7.webp,"{""width"": 220, ""height"": 320}","{""width"": 720, ""height"": 1080}",86,75262,5281d2d3194f810e733601dd314f5c89fb6ad3ebc7ac87ce69ba441774f07039
AUDIOBOOK,Audiolibros/inventario.csv,204,El médico en casa: manual de consulta,"Carrete, Paula; Rubinstein, Esteban; Zárate, Miguel",Medicina,https://elibro.puce.elogim.com/es/lc/puce/titulos/121496,"Medicina/originales/El médico en casa manual de consulta - Carrete, Paula; Rubinstein, Esteban; Zárate, Miguel.jpg","covers/Audiolibros/Medicina/originales/El médico en casa manual de consulta - Carrete, Paula; Rubinstein, Esteban; Zárate, Miguel.jpg",ad026db56a2efc3b200f93d91436da3dddf3b94bd379e6ef3e756d3f73066657,Audiolibros/medicina/portadas/audiobook-60f254fb894b8c6a.webp,,METADATOS_PENDIENTES,"Falta la editorial.; Falta un idioma válido.; AUDIOBOOK requiere duración positiva, narradores y páginas null.","[""Falta la editorial."", ""Falta un idioma válido."", ""AUDIOBOOK requiere duración positiva, narradores y páginas null.""]",,automatic_normalization,,,generated/digital-batch/pending-images/Audiolibros/medicina/portadas/audiobook-60f254fb894b8c6a.webp,"{""width"": 220, ""height"": 320}","{""width"": 720, ""height"": 1080}",86,50768,5683a3d9c13724749b6a7cec9dda87a33d26cc199bd27b221f63768bac721d6f
AUDIOBOOK,Audiolibros/inventario.csv,205,Farmacología cardiovascular - Tomo 1,"Mendoza Goez, Luis",Medicina,https://elibro.puce.elogim.com/es/lc/puce/titulos/274574,"Medicina/originales/Farmacología cardiovascular - Tomo 1 - Mendoza Goez, Luis.jpg","covers/Audiolibros/Medicina/originales/Farmacología cardiovascular - Tomo 1 - Mendoza Goez, Luis.jpg",e8a71301ade934dd97c29e83f64a2b776ca8a9dd77406b9c51cd23cbbb8786c7,Audiolibros/medicina/portadas/audiobook-89531c35e232aeb3.webp,,REVISION_ENCUADRE,No existe un crop seguro para las marcas protegidas.,"[""Falta la editorial."", ""Falta un idioma válido."", ""AUDIOBOOK requiere duración positiva, narradores y páginas null.""]",199,impossible,"La imagen tecnológica y corporal inferior ocupa ambos bordes, con costillas/datos a la izquierda y manos y elementos luminosos a la derecha. No existe una banda lateral vacía continua.",,,"{""width"": 220, ""height"": 320}",,,,
AUDIOBOOK,Audiolibros/inventario.csv,206,Farmacología ilustrada: módulo cardiovascular,"Alviz A., Antistio; Coneo B., Alfredo; Contreras P., Neyder",Medicina,https://elibro.puce.elogim.com/es/lc/puce/titulos/297128,"Medicina/originales/Farmacología ilustrada módulo cardiovascular - Alviz A., Antistio; Coneo B., Alfredo; Contreras P., Neyder.jpg","covers/Audiolibros/Medicina/originales/Farmacología ilustrada módulo cardiovascular - Alviz A., Antistio; Coneo B., Alfredo; Contreras P., Neyder.jpg",d7d3accadb0d6962776a1840673daee9d7f4b07ac2e9a59a91c01b53915686c1,Audiolibros/medicina/portadas/audiobook-a9950b6c22154a1e.webp,,REVISION_ENCUADRE,No existe un crop seguro para las marcas protegidas.,"[""Falta la editorial."", ""Falta un idioma válido."", ""AUDIOBOOK requiere duración positiva, narradores y páginas null.""]",200,impossible,La ilustración anatómica y sus círculos explicativos llenan los dos laterales. Además la marca inferior izquierda entra desde el borde; cualquier distribución del recorte corta contenido.,,,"{""width"": 220, ""height"": 320}",,,,
AUDIOBOOK,Audiolibros/inventario.csv,207,Fisiología de la nutrición (2a. ed.),"Ascencio Peralta, Claudia",Medicina,https://elibro.puce.elogim.com/es/lc/puce/titulos/39767,"Medicina/originales/Fisiología de la nutrición (2a. ed.) - Ascencio Peralta, Claudia.jpg","covers/Audiolibros/Medicina/originales/Fisiología de la nutrición (2a. ed.) - Ascencio Peralta, Claudia.jpg",3bcb29fe93bf8624e7ac456dc95370a00287b305704c478e2f14129b4696dcd4,Audiolibros/medicina/portadas/audiobook-24ffa6482541ea20.webp,,REVISION_ENCUADRE,No existe un crop seguro para las marcas protegidas.,"[""Falta la editorial."", ""Falta un idioma válido."", ""AUDIOBOOK requiere duración positiva, narradores y páginas null.""]",201,impossible,"Los engranajes ilustrados llegan al borde izquierdo y el texto de la marca Apoyo Multimedia entra en la franja derecha de 6⅔ px, confirmado en ampliación. No cabe trasladar todo el recorte a ninguno de los dos lados.",,,"{""width"": 220, ""height"": 320}",,,,
AUDIOBOOK,Audiolibros/inventario.csv,208,Fisiología endocrina (4a. ed.),"Jácome Roca, Alfredo; Ardila Ardila, Enrique; Casas Figueroa, Luz Ángela",Medicina,https://elibro.puce.elogim.com/es/lc/puce/titulos/128361,"Medicina/originales/Fisiología endocrina (4a. ed.) - Jácome Roca, Alfredo; Ardila Ardila, Enrique; Casas Figueroa, Luz Ángela.jpg","covers/Audiolibros/Medicina/originales/Fisiología endocrina (4a. ed.) - Jácome Roca, Alfredo; Ardila Ardila, Enrique; Casas Figueroa, Luz Ángela.jpg",83ef4c1d0e4e7f727c6fe203e2bc8158f7569bbb17c19b7b1562fd7e33bfbbb1,Audiolibros/medicina/portadas/audiobook-d9bc10da125eddf1.webp,,REVISION_ENCUADRE,No existe un crop seguro para las marcas protegidas.,"[""Falta la editorial."", ""Falta un idioma válido."", ""AUDIOBOOK requiere duración positiva, narradores y páginas null.""]",202,impossible,"El dibujo de cerebro llega al lateral izquierdo, y las ondas y las bandas con nombres llegan al derecho. Son trazos y cajas del diseño; no existe margen vacío suficiente en ninguno de los lados.",,,"{""width"": 220, ""height"": 320}",,,,
AUDIOBOOK,Audiolibros/inventario.csv,209,Fisiología renal y metabolismo hidrosalino,"Gallardo Munizaga, Pedro; Vio Lagos, Carlos Pablo",Medicina,https://elibro.puce.elogim.com/es/lc/puce/titulos/305194,"Medicina/originales/Fisiología renal y metabolismo hidrosalino - Gallardo Munizaga, Pedro; Vio Lagos, Carlos Pablo.jpg","covers/Audiolibros/Medicina/originales/Fisiología renal y metabolismo hidrosalino - Gallardo Munizaga, Pedro; Vio Lagos, Carlos Pablo.jpg",e4f78c3a778c6e5fa0e0a8ca091700323adac89f38a42de8fb68c5c133612d16,Audiolibros/medicina/portadas/audiobook-34b284a38a5c08ed.webp,,REVISION_ENCUADRE,No existe un crop seguro para las marcas protegidas.,"[""Falta la editorial."", ""Falta un idioma válido."", ""AUDIOBOOK requiere duración positiva, narradores y páginas null.""]",203,impossible,La microfotografía histológica cubre ambos bordes con células y estructuras reconocibles. Los bloques de título no generan margen lateral; cualquier recorte elimina imagen.,,,"{""width"": 220, ""height"": 320}",,,,
AUDIOBOOK,Audiolibros/inventario.csv,210,Fisiología respiratoria (8a. ed.),"West, John B.",Medicina,https://elibro.puce.elogim.com/es/lc/puce/titulos/124823,"Medicina/originales/Fisiología respiratoria (8a. ed.) - West, John B..jpg","covers/Audiolibros/Medicina/originales/Fisiología respiratoria (8a. ed.) - West, John B..jpg",75918f1d67acc6ce5b8e3644f8199c6a219ded04c4960b914b3e211ecd1da2f1,Audiolibros/medicina/portadas/audiobook-6aa70e9b3495e853.webp,,METADATOS_PENDIENTES,"Falta la editorial.; Falta un idioma válido.; AUDIOBOOK requiere duración positiva, narradores y páginas null.","[""Falta la editorial."", ""Falta un idioma válido."", ""AUDIOBOOK requiere duración positiva, narradores y páginas null.""]",,automatic_normalization,,,generated/digital-batch/pending-images/Audiolibros/medicina/portadas/audiobook-6aa70e9b3495e853.webp,"{""width"": 220, ""height"": 320}","{""width"": 720, ""height"": 1080}",86,21144,63870356e278273bb7ed8c81afe82062d7a74be3b4fbc0516de1320b2277e7ad
AUDIOBOOK,Audiolibros/inventario.csv,211,Fisiología respiratoria: lo esencial en la práctica clínica (3a. ed.),"Cristancho Gómez, William",Medicina,https://elibro.puce.elogim.com/es/lc/puce/titulos/71152,"Medicina/originales/Fisiología respiratoria lo esencial en la práctica clínica (3a. ed.) - Cristancho Gómez, William.jpg","covers/Audiolibros/Medicina/originales/Fisiología respiratoria lo esencial en la práctica clínica (3a. ed.) - Cristancho Gómez, William.jpg",1cdfff1a573ec3ee762c257e69ac32932fd258bc2b32676a7239809fe92b7ec7,Audiolibros/medicina/portadas/audiobook-677cd5e688fcc6dd.webp,,REVISION_ENCUADRE,No existe un crop seguro para las marcas protegidas.,"[""Falta la editorial."", ""Falta un idioma válido."", ""AUDIOBOOK requiere duración positiva, narradores y páginas null.""]",204,impossible,La salpicadura de agua cruza todo el ancho y llega a ambos límites. El blanco amplio de otras zonas no permite recortar una franja vertical sin cortar el agua.,,,"{""width"": 220, ""height"": 320}",,,,
AUDIOBOOK,Audiolibros/inventario.csv,212,Fisiología y fisiopatología pulmonar: estudios de casos (2a. ed.),"West, John B.",Medicina,https://elibro.puce.elogim.com/es/lc/puce/titulos/125026,"Medicina/originales/Fisiología y fisiopatología pulmonar estudios de casos (2a. ed.) - West, John B..jpg","covers/Audiolibros/Medicina/originales/Fisiología y fisiopatología pulmonar estudios de casos (2a. ed.) - West, John B..jpg",91c84980f688ed83e60ee94c675768fe4f498e7e652b5a32c9a51eaad6406e38,Audiolibros/medicina/portadas/audiobook-da20f31c48dae892.webp,,METADATOS_PENDIENTES,"Falta la editorial.; Falta un idioma válido.; AUDIOBOOK requiere duración positiva, narradores y páginas null.","[""Falta la editorial."", ""Falta un idioma válido."", ""AUDIOBOOK requiere duración positiva, narradores y páginas null.""]",,automatic_normalization,,,generated/digital-batch/pending-images/Audiolibros/medicina/portadas/audiobook-da20f31c48dae892.webp,"{""width"": 220, ""height"": 320}","{""width"": 720, ""height"": 1080}",86,29774,722365f7ef94183a001ab6f787bbd01b64afe33ddfe0929d1b1620b7d5bafcfc
AUDIOBOOK,Audiolibros/inventario.csv,213,Fundamentos de farmacología oncológica,"Cevallos Barrera, Edwin; Duque Proaño, Galo",Medicina,https://elibro.puce.elogim.com/es/lc/puce/titulos/233834,"Medicina/originales/Fundamentos de farmacología oncológica - Cevallos Barrera, Edwin; Duque Proaño, Galo.jpg","covers/Audiolibros/Medicina/originales/Fundamentos de farmacología oncológica - Cevallos Barrera, Edwin; Duque Proaño, Galo.jpg",70b6597f57dd6bc08498501a770367220d2e83cea653ac3d843aadfdfd47a07c,Audiolibros/medicina/portadas/audiobook-dc33785bd60e4578.webp,,METADATOS_PENDIENTES,"Falta la editorial.; Falta un idioma válido.; AUDIOBOOK requiere duración positiva, narradores y páginas null.","[""Falta la editorial."", ""Falta un idioma válido."", ""AUDIOBOOK requiere duración positiva, narradores y páginas null.""]",,automatic_normalization,,,generated/digital-batch/pending-images/Audiolibros/medicina/portadas/audiobook-dc33785bd60e4578.webp,"{""width"": 220, ""height"": 320}","{""width"": 720, ""height"": 1080}",86,55326,eda150b61f88eafd4ba23754e172ecc6d03379e5bfdeda459841e02d63f87427
AUDIOBOOK,Audiolibros/inventario.csv,214,La compleja interacción biológica y psicológica en la ciencia médica,"García Frade Ruiz, Luis Fernando",Medicina,https://elibro.puce.elogim.com/es/lc/puce/titulos/275721,"Medicina/originales/La compleja interacción biológica y psicológica en la ciencia médica - García Frade Ruiz, Luis Fernando.jpg","covers/Audiolibros/Medicina/originales/La compleja interacción biológica y psicológica en la ciencia médica - García Frade Ruiz, Luis Fernando.jpg",bf452f8da3632fddc34dcdf3ef7ad01de8b8b39b59592981d6bc1da1fec98aea,Audiolibros/medicina/portadas/audiobook-ae1767554560c35a.webp,,REVISION_ENCUADRE,No existe un crop seguro para las marcas protegidas.,"[""Falta la editorial."", ""Falta un idioma válido."", ""AUDIOBOOK requiere duración positiva, narradores y páginas null.""]",205,impossible,"El collage central de líneas, vórtice y formas luminosas se prolonga hasta ambos laterales. No hay margen negro vacío continuo a toda altura, por lo que un recorte unilateral también corta ilustración.",,,"{""width"": 220, ""height"": 320}",,,,
AUDIOBOOK,Audiolibros/inventario.csv,215,Manual de fisiología articular,"Guzmán Velasco, Adriana",Medicina,https://elibro.puce.elogim.com/es/lc/puce/titulos/71151,"Medicina/originales/Manual de fisiología articular - Guzmán Velasco, Adriana.jpg","covers/Audiolibros/Medicina/originales/Manual de fisiología articular - Guzmán Velasco, Adriana.jpg",4518512d307be154d6278f4e20bc326a167a1251e221639e77463dc86ce40345,Audiolibros/medicina/portadas/audiobook-c8a5563777e61d13.webp,,METADATOS_PENDIENTES,"Falta la editorial.; Falta un idioma válido.; AUDIOBOOK requiere duración positiva, narradores y páginas null.","[""Falta la editorial."", ""Falta un idioma válido."", ""AUDIOBOOK requiere duración positiva, narradores y páginas null.""]",,automatic_normalization,,,generated/digital-batch/pending-images/Audiolibros/medicina/portadas/audiobook-c8a5563777e61d13.webp,"{""width"": 220, ""height"": 320}","{""width"": 720, ""height"": 1080}",86,38158,6c0130a2bcbbc56c23b94bae2628dff674d84dd7ebc4e7f793b7448fab562b04
AUDIOBOOK,Audiolibros/inventario.csv,216,Manual de práctica de semiología clínica,"Chaveco Pérez, Moraima",Medicina,https://elibro.puce.elogim.com/es/lc/puce/titulos/294232,"Medicina/originales/Manual de práctica de semiología clínica - Chaveco Pérez, Moraima.jpg","covers/Audiolibros/Medicina/originales/Manual de práctica de semiología clínica - Chaveco Pérez, Moraima.jpg",ec7d5a8653d7840de2aceb5adc700668ae5ed86c0a97b157e6eb724ba9bc7477,Audiolibros/medicina/portadas/audiobook-7c90703dd5f5bc7d.webp,,METADATOS_PENDIENTES,"Falta la editorial.; Falta un idioma válido.; AUDIOBOOK requiere duración positiva, narradores y páginas null.","[""Falta la editorial."", ""Falta un idioma válido."", ""AUDIOBOOK requiere duración positiva, narradores y páginas null.""]",,automatic_normalization,,,generated/digital-batch/pending-images/Audiolibros/medicina/portadas/audiobook-7c90703dd5f5bc7d.webp,"{""width"": 220, ""height"": 320}","{""width"": 720, ""height"": 1080}",86,34316,2b7be887c7c8bd963c5c27e6d2e1862a14af3f348c4523d405f0c6809ae7067c
AUDIOBOOK,Audiolibros/inventario.csv,217,Manual de prácticas de neuroanatomía: laboratorio de morfología (2a. ed.),"Martínez, Emilio G.",Medicina,https://elibro.puce.elogim.com/es/lc/puce/titulos/85296,"Medicina/originales/Manual de prácticas de neuroanatomía laboratorio de morfología (2a. ed.) - Martínez, Emilio G..jpg","covers/Audiolibros/Medicina/originales/Manual de prácticas de neuroanatomía laboratorio de morfología (2a. ed.) - Martínez, Emilio G..jpg",6f19ec95e7263ec799828bd88ebecde241378ad430cdb42eee15ea2914b92592,Audiolibros/medicina/portadas/audiobook-65ec62610873c732.webp,,REVISION_ENCUADRE,No existe un crop seguro para las marcas protegidas.,"[""Falta la editorial."", ""Falta un idioma válido."", ""AUDIOBOOK requiere duración positiva, narradores y páginas null.""]",206,impossible,"Los dibujos de neuronas, siluetas y retícula geométrica llegan a ambos extremos. Cualquier reparto de la reducción de ancho corta ilustración o líneas ornamentales.",,,"{""width"": 220, ""height"": 320}",,,,
AUDIOBOOK,Audiolibros/inventario.csv,218,Neuroanatomía clínica (7a. ed.),"Snell, Richard",Medicina,https://elibro.puce.elogim.com/es/lc/puce/titulos/125029,"Medicina/originales/Neuroanatomía clínica (7a. ed.) - Snell, Richard.jpg","covers/Audiolibros/Medicina/originales/Neuroanatomía clínica (7a. ed.) - Snell, Richard.jpg",41b0c148a4a7d88f8869c9a7eab8bfcda74c56c47a90cb3b012048680cbea631,Audiolibros/medicina/portadas/audiobook-62e598b48bcf6627.webp,,REVISION_ENCUADRE,No existe un crop seguro para las marcas protegidas.,"[""Falta la editorial."", ""Falta un idioma válido."", ""AUDIOBOOK requiere duración positiva, narradores y páginas null.""]",207,impossible,"La cuadrícula de bloques con microfotografías, imágenes anatómicas y remates gráficos alcanza ambos laterales. No existe margen continuo vacío para quitar el ancho necesario.",,,"{""width"": 220, ""height"": 320}",,,,
AUDIOBOOK,Audiolibros/inventario.csv,219,Neuroanatomía de bolsillo,"Gould, Douglas J.",Medicina,https://elibro.puce.elogim.com/es/lc/puce/titulos/125316,"Medicina/originales/Neuroanatomía de bolsillo - Gould, Douglas J..jpg","covers/Audiolibros/Medicina/originales/Neuroanatomía de bolsillo - Gould, Douglas J..jpg",20d3be763698268d3a9e6bd4d89a1435f460e74ed4511e87661b809b0832fb7b,Audiolibros/medicina/portadas/audiobook-776b2235296e8840.webp,,REVISION_ENCUADRE,No existe un crop seguro para las marcas protegidas.,"[""Falta la editorial."", ""Falta un idioma válido."", ""AUDIOBOOK requiere duración positiva, narradores y páginas null.""]",208,impossible,La ilustración del corte cerebral llega a ambos bordes de la zona blanca. Cortar por cualquiera de los lados quita anatomía; las bandas azules no solucionan la falta de margen a toda altura.,,,"{""width"": 220, ""height"": 320}",,,,
AUDIOBOOK,Audiolibros/inventario.csv,220,"Neuroanatomía, funcional y clínica (5a. ed.)","Bustamante B., Jairo",Medicina,https://elibro.puce.elogim.com/es/lc/puce/titulos/280790,"Medicina/originales/Neuroanatomía, funcional y clínica (5a. ed.) - Bustamante B., Jairo.jpg","covers/Audiolibros/Medicina/originales/Neuroanatomía, funcional y clínica (5a. ed.) - Bustamante B., Jairo.jpg",db30e3e2a361773381a22f663adf6e1aa806c9060bed5432ce38e3e3b5060f96,Audiolibros/medicina/portadas/audiobook-2d193ee8f693ac3d.webp,,METADATOS_PENDIENTES,"Falta la editorial.; Falta un idioma válido.; AUDIOBOOK requiere duración positiva, narradores y páginas null.","[""Falta la editorial."", ""Falta un idioma válido."", ""AUDIOBOOK requiere duración positiva, narradores y páginas null.""]",,automatic_normalization,,,generated/digital-batch/pending-images/Audiolibros/medicina/portadas/audiobook-2d193ee8f693ac3d.webp,"{""width"": 220, ""height"": 320}","{""width"": 720, ""height"": 1080}",86,65148,ade7eef81da3be9d7d233f9273c51bee827de060a2e9540de0ed800ac80a6b90
AUDIOBOOK,Audiolibros/inventario.csv,221,"Oxígeno: fisiología, terapéutica, toxicidad","Cristancho Gómez, William",Medicina,https://elibro.puce.elogim.com/es/lc/puce/titulos/128358,"Medicina/originales/Oxígeno fisiología, terapéutica, toxicidad - Cristancho Gómez, William.jpg","covers/Audiolibros/Medicina/originales/Oxígeno fisiología, terapéutica, toxicidad - Cristancho Gómez, William.jpg",dea9558c6bb89fbeccebc8269fc91417e4707428c073fc209292ee69c4b754f9,Audiolibros/medicina/portadas/audiobook-6c6624b4dbb6c732.webp,,METADATOS_PENDIENTES,"Falta la editorial.; Falta un idioma válido.; AUDIOBOOK requiere duración positiva, narradores y páginas null.","[""Falta la editorial."", ""Falta un idioma válido."", ""AUDIOBOOK requiere duración positiva, narradores y páginas null.""]",,automatic_normalization,,,generated/digital-batch/pending-images/Audiolibros/medicina/portadas/audiobook-6c6624b4dbb6c732.webp,"{""width"": 220, ""height"": 320}","{""width"": 720, ""height"": 1080}",86,26378,218bfe19d268008925825a9b47343579cd4637818ab6b2eddb0f795c90e6257f
AUDIOBOOK,Audiolibros/inventario.csv,222,Proceso de valoración semiológica de Chávez para el cuidado de enfermería,"Barragán Becerra, Julián Andrés; Moreno Mojica, Claudia María; Hernández Bernal, Nubia Esperanza",Medicina,https://elibro.puce.elogim.com/es/lc/puce/titulos/219236,"Medicina/originales/Proceso de valoración semiológica de Chávez para el cuidado de enfermería - Barragán Becerra, Julián Andrés; Moreno Mojica, Claudia María; Hernández Bernal, Nubia Esperanza.jpg","covers/Audiolibros/Medicina/originales/Proceso de valoración semiológica de Chávez para el cuidado de enfermería - Barragán Becerra, Julián Andrés; Moreno Mojica, Claudia María; Hernández Bernal, Nubia Esperanza.jpg",4421b0fda74af0d89e414678485e2cece03513407d5d4ab992b6169ec18aa65a,Audiolibros/medicina/portadas/audiobook-ae42295f28b58397.webp,,METADATOS_PENDIENTES,"Falta la editorial.; Falta un idioma válido.; AUDIOBOOK requiere duración positiva, narradores y páginas null.","[""Falta la editorial."", ""Falta un idioma válido."", ""AUDIOBOOK requiere duración positiva, narradores y páginas null.""]",,automatic_normalization,,,generated/digital-batch/pending-images/Audiolibros/medicina/portadas/audiobook-ae42295f28b58397.webp,"{""width"": 220, ""height"": 320}","{""width"": 720, ""height"": 1080}",86,67850,096bd96eb56bee922514360636144daa20fb6935c3b8b4a1d8d76e9b2675d625
AUDIOBOOK,Audiolibros/inventario.csv,223,Psicopatología y semiología psiquiátrica,"Capponi M., Ricardo",Medicina,https://elibro.puce.elogim.com/es/lc/puce/titulos/284005,"Medicina/originales/Psicopatología y semiología psiquiátrica - Capponi M., Ricardo.jpg","covers/Audiolibros/Medicina/originales/Psicopatología y semiología psiquiátrica - Capponi M., Ricardo.jpg",96eca2d84e751cd711568ca2c54dd579917b0ee899e3f277e430160026bb94a4,Audiolibros/medicina/portadas/audiobook-7c1de9098c1aaa80.webp,,REVISION_ENCUADRE,No existe un crop seguro para las marcas protegidas.,"[""Falta la editorial."", ""Falta un idioma válido."", ""AUDIOBOOK requiere duración positiva, narradores y páginas null.""]",209,impossible,"La reproducción pictórica central llega a ambos extremos, con troncos y figuras junto a los límites. Ninguna distribución lateral de 6⅔ px preserva íntegra la pintura.",,,"{""width"": 220, ""height"": 320}",,,,
AUDIOBOOK,Audiolibros/inventario.csv,224,Semiología del aparato locomotor (13a. ed.),"Gerstner B., Jochen; Gerstner G., Juan Bernardo",Medicina,https://elibro.puce.elogim.com/es/lc/puce/titulos/280789,"Medicina/originales/Semiología del aparato locomotor (13a. ed.) - Gerstner B., Jochen; Gerstner G., Juan Bernardo.jpg","covers/Audiolibros/Medicina/originales/Semiología del aparato locomotor (13a. ed.) - Gerstner B., Jochen; Gerstner G., Juan Bernardo.jpg",09fecb24831ed222c99d39ca274a5105fb202fcadc29492eec6c67169b51f611,Audiolibros/medicina/portadas/audiobook-3bb23fdf377bcfee.webp,,REVISION_ENCUADRE,No existe un crop seguro para las marcas protegidas.,"[""Falta la editorial."", ""Falta un idioma válido."", ""AUDIOBOOK requiere duración positiva, narradores y páginas null.""]",210,impossible,Las curvas y líneas luminosas del fondo alcanzan los dos bordes; además la anatomía ilustrada queda cerca del izquierdo. No existe margen vacío que permita conservar toda la ornamentación con un recorte asimétrico.,,,"{""width"": 220, ""height"": 320}",,,,
AUDIOBOOK,Audiolibros/inventario.csv,225,Semiología: sistema craneomandibular,"Bustillo Verbel, Rosa Lia; Espitia Nieto, Sandra",Medicina,https://elibro.puce.elogim.com/es/lc/puce/titulos/105476,"Medicina/originales/Semiología sistema craneomandibular - Bustillo Verbel, Rosa Lia; Espitia Nieto, Sandra.jpg","covers/Audiolibros/Medicina/originales/Semiología sistema craneomandibular - Bustillo Verbel, Rosa Lia; Espitia Nieto, Sandra.jpg",2228b6f9033e0e8c8e10bfda61ad4e2a5c5beca420ca854049bd0dc557dacb12,Audiolibros/medicina/portadas/audiobook-2a1df67176eecdd4.webp,,METADATOS_PENDIENTES,"Falta la editorial.; Falta un idioma válido.; AUDIOBOOK requiere duración positiva, narradores y páginas null.","[""Falta la editorial."", ""Falta un idioma válido."", ""AUDIOBOOK requiere duración positiva, narradores y páginas null.""]",,automatic_normalization,,,generated/digital-batch/pending-images/Audiolibros/medicina/portadas/audiobook-2a1df67176eecdd4.webp,"{""width"": 220, ""height"": 320}","{""width"": 720, ""height"": 1080}",86,34800,9dc4cc95d9ed637b931b35c8c85226f6ec97d92fc877810c36090f71d5d60087
AUDIOBOOK,Audiolibros/inventario.csv,226,Temas claves: neuroanatomía (4a. ed.),"Fix, James D.",Medicina,https://elibro.puce.elogim.com/es/lc/puce/titulos/124809,"Medicina/originales/Temas claves neuroanatomía (4a. ed.) - Fix, James D..jpg","covers/Audiolibros/Medicina/originales/Temas claves neuroanatomía (4a. ed.) - Fix, James D..jpg",de67b2097e75081a85da03af3e46145ddc011d31317c99fda1689b2e87312f14,Audiolibros/medicina/portadas/audiobook-8b4726e2a5b9d46d.webp,,METADATOS_PENDIENTES,"Falta la editorial.; Falta un idioma válido.; AUDIOBOOK requiere duración positiva, narradores y páginas null.","[""Falta la editorial."", ""Falta un idioma válido."", ""AUDIOBOOK requiere duración positiva, narradores y páginas null.""]",,automatic_normalization,,,generated/digital-batch/pending-images/Audiolibros/medicina/portadas/audiobook-8b4726e2a5b9d46d.webp,"{""width"": 220, ""height"": 320}","{""width"": 720, ""height"": 1080}",86,46002,433f0fa20eba83ec31fa496649759c1255e30d543acba3c310d673ef2a0e389a
