format,inventory,row,title,author,category,source_label,original_file,source_sha256,visual_review_id,visual_decision,reason,visual_reason,required_action,alternative_source
EBOOK,Ebook/inventario.csv,2,De literatura y otras monstruas,"Miranda Rodríguez, Alejandro",Literatura,https://elibro.puce.elogim.com/es/lc/puce/titulos/232313,"Literatura/originales/De literatura y otras monstruas - Miranda Rodríguez, Alejandro.jpg",784faf6f47bd10c38be7072b306eacc2da024f6317a4c629ec9c304c9559a5f5,1,impossible,No existe un crop seguro para las marcas protegidas.,"Los motivos ornamentales negros alcanzan ambos laterales, y la banda de colección también llega al izquierdo. Cualquier reparto de los 6,6667 px necesarios corta ornamentación; desplazar el encuadre no lo evita.",Obtener fuente alternativa verificable con márgenes suficientes; no forzar recorte,
EBOOK,Ebook/inventario.csv,3,Dentro de la literatura,"Toro, Suso de",Literatura,https://elibro.puce.elogim.com/es/lc/puce/titulos/304203,"Literatura/originales/Dentro de la literatura - Toro, Suso de.jpg",d2e2687a174d969f34a2779e62d356a4430e1befe6fb7db199b2399966c571fd,2,impossible,No existe un crop seguro para las marcas protegidas.,"El título ocupa casi todo el ancho: la D y la a final dejan márgenes mínimos, menores en conjunto que el recorte requerido al conservar sus bordes suavizados. El zoom del título descarta un desplazamiento lateral seguro; autor y sello interiores no son el problema.",Obtener fuente alternativa verificable con márgenes suficientes; no forzar recorte,
EBOOK,Ebook/inventario.csv,4,El poder de la literatura,"Cerrillo Torremocha, Pedro César",Literatura,https://elibro.puce.elogim.com/es/lc/puce/titulos/57283,"Literatura/originales/El poder de la literatura - Cerrillo Torremocha, Pedro César.jpg",308d0151a770e4af98e132618e0edcd0d7775e49d87997bd4820b130827060db,3,impossible,No existe un crop seguro para las marcas protegidas.,La cenefa blanca cruza ambos laterales y el título también queda pegado a sus bordes. Tanto el recorte centrado como uno unilateral cortan elementos de la cenefa o letras.,Obtener fuente alternativa verificable con márgenes suficientes; no forzar recorte,
EBOOK,Ebook/inventario.csv,5,Entre educación y literatura,"Vargas Franco, Alfonso",Literatura,https://elibro.puce.elogim.com/es/lc/puce/titulos/129049,"Literatura/originales/Entre educación y literatura - Vargas Franco, Alfonso.jpg",6db0e9aad0181fa96b43392c9bfe2674cbd49f3403455431a24dbe3255c9daee,4,impossible,No existe un crop seguro para las marcas protegidas.,Los libros ilustrados y las formas curvas inferiores llegan a ambos laterales. No existe una banda vertical vacía continua: mover el recorte a cualquiera de los lados elimina dibujo.,Obtener fuente alternativa verificable con márgenes suficientes; no forzar recorte,
EBOOK,Ebook/inventario.csv,8,La lengua y la literatura,"Nervo, Amado",Literatura,https://elibro.puce.elogim.com/es/lc/puce/titulos/250035,"Literatura/originales/La lengua y la literatura - Nervo, Amado.jpg",9f1bc481d6bee6d0c8e75e99810b289213e358ce316876f23534aa18ad830c0d,5,impossible,No existe un crop seguro para las marcas protegidas.,"La fotografía de libros, papeles, escritorio y objetos ocupa el ancho completo hasta ambos bordes. No hay margen exterior o fondo vacío continuo suficiente en ningún lateral.",Obtener fuente alternativa verificable con márgenes suficientes; no forzar recorte,
EBOOK,Ebook/inventario.csv,11,La literatura en el tango y el tango en la literatura,"Valencia, Asdrúbal",Literatura,https://elibro.puce.elogim.com/es/lc/puce/titulos/118609,"Literatura/originales/La literatura en el tango y el tango en la literatura - Valencia, Asdrúbal.jpg",7e3f7e5972d25bee434a63233cb11b514a2b0f073a5c2ea3be98757b7af68b15,6,impossible,No existe un crop seguro para las marcas protegidas.,El encaje/floritura y la ilustración inferior de libro y sombrero alcanzan ambos laterales. El margen negro superior no continúa por toda la altura; un desplazamiento recorta ilustración abajo.,Obtener fuente alternativa verificable con márgenes suficientes; no forzar recorte,
EBOOK,Ebook/inventario.csv,13,Literatura 1,Eva Lydia Oseguera Mejía,Literatura,https://elibro.puce.elogim.com/es/lc/puce/titulos/39510,Literatura/originales/Literatura 1 - Eva Lydia Oseguera Mejía.jpg,737459f299e07b2d333fb3a88a03998cc2f75a3ee6a4efd79141769a47d81f8d,8,impossible,No existe un crop seguro para las marcas protegidas.,"La fotografía del monumento ocupa ambos laterales superiores; el distintivo circular 1 además llega al derecho. Cualquier recorte lateral elimina fotografía o distintivo, aunque el pie sea blanco.",Obtener fuente alternativa verificable con márgenes suficientes; no forzar recorte,
EBOOK,Ebook/inventario.csv,14,Literatura 2 (2a. ed.),Eva Lydia Oseguera Mejía,Literatura,https://elibro.puce.elogim.com/es/lc/puce/titulos/39511,Literatura/originales/Literatura 2 (2a. ed.) - Eva Lydia Oseguera Mejía.jpg,9485bbfed4d559867c453e60e40d63361bb0609e01d8c9ed8aa46af70a3d0010,9,impossible,No existe un crop seguro para las marcas protegidas.,La fotografía de estanterías ocupa todo el ancho superior y el círculo 2 alcanza el derecho. No hay banda lateral vacía que permita el recorte sin eliminar imagen o distintivo.,Obtener fuente alternativa verificable con márgenes suficientes; no forzar recorte,
EBOOK,Ebook/inventario.csv,16,Literatura española,"Escobar Bonilla, María del Prado - Páez Martín, Juan Jesús",Literatura,https://elibro.puce.elogim.com/es/lc/puce/titulos/57203,"Literatura/originales/Literatura española - Escobar Bonilla, María del Prado - Páez Martín, Juan Jesús.jpg",c4cd4f1bfa86516e9af742f387475a514588d459f54566fb0faa939ff54d535c,11,impossible,No existe un crop seguro para las marcas protegidas.,"La regla gris inferior arranca en el borde izquierdo y su punta redondeada deja menos de 6,6667 px a la derecha. El zoom confirma que ni recortar todo a la derecha ni repartir el recorte evita tocar la regla; el resto de textos y logos está interior.",Obtener fuente alternativa verificable con márgenes suficientes; no forzar recorte,
EBOOK,Ebook/inventario.csv,18,Literatura I,"Carrillo Anaya, Elsa",Literatura,https://elibro.puce.elogim.com/es/lc/puce/titulos/40228,"Literatura/originales/Literatura I - Carrillo Anaya, Elsa.jpg",c1611e36866b886d485dc13294dde593db63f9d228d24ad06d6d23c70b78280d,12,impossible,No existe un crop seguro para las marcas protegidas.,La fotografía de tipos metálicos y el logo inferior alcanzan el borde izquierdo; al derecho llegan la franja decorativa y el texto vertical. Un recorte unilateral o repartido corta contenido de uno de esos extremos.,Obtener fuente alternativa verificable con márgenes suficientes; no forzar recorte,
EBOOK,Ebook/inventario.csv,22,Literatura y espiritualidad,"Monroy Martínez, Juan Antonio",Literatura,https://elibro.puce.elogim.com/es/lc/puce/titulos/268021,"Literatura/originales/Literatura y espiritualidad - Monroy Martínez, Juan Antonio.jpg",eddd9c462d01ddbf984323628b753b82f8d7afec3a6ae4f661bb9ccb6e26b258,13,impossible,No existe un crop seguro para las marcas protegidas.,"Los círculos luminosos de la imagen superior llegan a ambos laterales. El fondo negro inferior está vacío, pero no existe una banda vacía continua de arriba abajo; ningún desplazamiento conserva todos los círculos.",Obtener fuente alternativa verificable con márgenes suficientes; no forzar recorte,
EBOOK,Ebook/inventario.csv,26,Taller de literatura,"Solórzano, José Agustín",Literatura,https://elibro.puce.elogim.com/es/lc/puce/titulos/251453,"Literatura/originales/Taller de literatura - Solórzano, José Agustín.jpg",c9c7ac32d85805f28214f1f360be4b0a2bc59106ab0f4ed86c0a3a6672b70b60,15,impossible,No existe un crop seguro para las marcas protegidas.,"La fotografía de cámara, cuaderno y mesa llega a ambos laterales de la mitad inferior. No hay margen lateral vacío continuo; desplazar el recorte solo cambia qué parte de la fotografía se pierde.",Obtener fuente alternativa verificable con márgenes suficientes; no forzar recorte,
EBOOK,Ebook/inventario.csv,27,Filosofía (2a. ed.),"Escobar Valenzuela, Gustavo",Filosofía,https://elibro.puce.elogim.com/es/lc/puce/titulos/40492,"Filosofía/originales/Filosofía (2a. ed.) - Escobar Valenzuela, Gustavo.jpg",1d6e10c2dedb94a7dc544074411aacfbc7a9f4bf21e0cc3ab6922d3a9e7a0b31,16,impossible,No existe un crop seguro para las marcas protegidas.,"La fotografía de ruinas alcanza el borde derecho, mientras la banda editorial y el pequeño texto inferior llegan al izquierdo. Ninguno de los dos laterales ofrece la franja vacía necesaria.",Obtener fuente alternativa verificable con márgenes suficientes; no forzar recorte,
EBOOK,Ebook/inventario.csv,33,Filosofía de la finitud,"Mèlich, Joan-Carles",Filosofía,https://elibro.puce.elogim.com/es/lc/puce/titulos/45659,"Filosofía/originales/Filosofía de la finitud - Mèlich, Joan-Carles.jpg",7f640f40afc3811a2072bf130985ac0bca33f654cdeb2d75e70d1198c55cbf49,17,impossible,No existe un crop seguro para las marcas protegidas.,"La ilustración rosa de formas superpuestas, libro y texturas figurativas alcanza ambos lados. No es un fondo liso independiente: cualquier recorte lateral corta el dibujo.",Obtener fuente alternativa verificable con márgenes suficientes; no forzar recorte,
EBOOK,Ebook/inventario.csv,45,Globalización y filosofía,Michael Reder,Filosofía,https://elibro.puce.elogim.com/es/lc/puce/titulos/45667,Filosofía/originales/Globalización y filosofía - Michael Reder.jpg,7a7e89494f4612cca15711d5e7e87ba2177434283a997acef158cdf1fb08dff2,18,impossible,No existe un crop seguro para las marcas protegidas.,"Las siluetas urbanas de arriba y abajo llegan a ambos bordes. Aunque el centro esté vacío, no hay banda lateral completa sin edificios; no existe desplazamiento seguro.",Obtener fuente alternativa verificable con márgenes suficientes; no forzar recorte,
EBOOK,Ebook/inventario.csv,46,Historia de la filosofía,Julián Marías,Filosofía,https://elibro.puce.elogim.com/es/lc/puce/titulos/45428,Filosofía/originales/Historia de la filosofía - Julián Marías.jpg,dd0b3b5913baca686b77c605e857b8c1242476f51558a1227bf6625810c15493,19,impossible,No existe un crop seguro para las marcas protegidas.,La reproducción de la Escuela de Atenas ocupa todo el ancho y el título superior llega muy cerca de ambos lados. Todo encuadre 2:3 interior corta pintura y puede tocar letras.,Obtener fuente alternativa verificable con márgenes suficientes; no forzar recorte,
EBOOK,Ebook/inventario.csv,50,¿Qué es filosofía?,"Sellés, Juan Fernando",Filosofía,https://elibro.puce.elogim.com/es/lc/puce/titulos/55191,"Filosofía/originales/¿Qué es filosofía - Sellés, Juan Fernando.jpg",a527df547122c7132147c93430ed9860315af7d1836e4e0515352279ba210af4,20,impossible,No existe un crop seguro para las marcas protegidas.,"La fotografía de cielo, horizonte y torres eléctricas ocupa ambos bordes. No hay margen exterior ni banda vacía que atraviese toda la altura; un recorte lateral perdería parte de la fotografía.",Obtener fuente alternativa verificable con márgenes suficientes; no forzar recorte,
EBOOK,Ebook/inventario.csv,52,Diccionario de psicología (2a. ed.),"Consuegra Anaya, Natalia",Psicología,https://elibro.puce.elogim.com/es/lc/puce/titulos/69124,"Psicología/originales/Diccionario de psicología (2a. ed.) - Consuegra Anaya, Natalia.jpg",f7e35ede730ec77da950bec40c3d0d855cc2e42e4987c1104a9cf7535cf6fdbb,21,impossible,No existe un crop seguro para las marcas protegidas.,El retrato ocupa el borde derecho y el hombro/fondo fotográfico llega al izquierdo; además la caja del sello inferior nace en el borde izquierdo. Ningún desplazamiento elimina solo fondo vacío.,Obtener fuente alternativa verificable con márgenes suficientes; no forzar recorte,
EBOOK,Ebook/inventario.csv,53,Diccionario de psicología (3a. ed.),"Ander-Egg, Ezequiel",Psicología,https://elibro.puce.elogim.com/es/lc/puce/titulos/78223,"Psicología/originales/Diccionario de psicología (3a. ed.) - Ander-Egg, Ezequiel.jpg",6c04a460c9aff3a7deabb07fed45008f81b495a63e7ab0bd848d569618934771,22,impossible,No existe un crop seguro para las marcas protegidas.,"El inicio de Diccionario está a pocos píxeles del izquierdo y la última sucesión de puntos azules casi toca el derecho. Los detalles ampliados y las guías muestran que repartir 6,6667 px no deja separación segura para todos los bordes suavizados; cargar el recorte a un lado corta letras o puntos.",Obtener fuente alternativa verificable con márgenes suficientes; no forzar recorte,
EBOOK,Ebook/inventario.csv,57,Introducción a la psicología (7a. ed.),"Cosacov, Eduardo",Psicología,https://elibro.puce.elogim.com/es/lc/puce/titulos/78134,"Psicología/originales/Introducción a la psicología (7a. ed.) - Cosacov, Eduardo.jpg",7bec960e62ce3d9fe9035ae6e9cf23b159c189190be6f2479bd0424e34df858c,23,impossible,No existe un crop seguro para las marcas protegidas.,Las órbitas y la palabra gráfica amarilla llegan a ambos laterales de la zona negra; las barras laterales también forman parte del diseño. No hay una banda vacía continua suficiente en ningún lado.,Obtener fuente alternativa verificable con márgenes suficientes; no forzar recorte,
EBOOK,Ebook/inventario.csv,61,Psicología de la escritura (8a. ed.),"Cuetos Vega, Fernando",Psicología,https://elibro.puce.elogim.com/es/lc/puce/titulos/63147,"Psicología/originales/Psicología de la escritura (8a. ed.) - Cuetos Vega, Fernando.jpg",bfc15d37a27075f60c7c5448cff0ffab9b707afed0451435ec1cb82925524a7f,24,impossible,No existe un crop seguro para las marcas protegidas.,"La fotografía inferior de niños, brazos y mesa alcanza ambos laterales. Los márgenes blancos de la cabecera no permiten un recorte completo sin perder fotografía abajo.",Obtener fuente alternativa verificable con márgenes suficientes; no forzar recorte,
EBOOK,Ebook/inventario.csv,62,Psicología de la lectura,"Cuetos Vega, Fernando",Psicología,https://elibro.puce.elogim.com/es/lc/puce/titulos/63140,"Psicología/originales/Psicología de la lectura - Cuetos Vega, Fernando.jpg",bb46a3e733637bd21c078f2b7f0eb5b90ba67065979dfb4afb060a96d3083add,25,impossible,No existe un crop seguro para las marcas protegidas.,La fotografía de niño y libro ocupa el ancho completo de la mitad inferior. Tanto un recorte simétrico como uno unilateral eliminarían fotografía de borde.,Obtener fuente alternativa verificable con márgenes suficientes; no forzar recorte,
EBOOK,Ebook/inventario.csv,64,Psicología de la sexualidad,Javier Gómez Zapiain,Psicología,https://elibro.puce.elogim.com/es/lc/puce/titulos/45454,Psicología/originales/Psicología de la sexualidad - Javier Gómez Zapiain.jpg,20ed548c4ce330ee6c37dc2eac965e57c88ed87c4803866f9c0da487e653d823,26,impossible,No existe un crop seguro para las marcas protegidas.,"La ilustración de ojos y manuscrito ocupa todo el ancho, incluidos los extremos laterales. No existe margen exterior o zona lateral vacía independiente de la ilustración.",Obtener fuente alternativa verificable con márgenes suficientes; no forzar recorte,
EBOOK,Ebook/inventario.csv,66,Psicología del deporte,"Moran, Aidan; Toner, John",Psicología,https://elibro.puce.elogim.com/es/lc/puce/titulos/39788,"Psicología/originales/Psicología del deporte - Moran, Aidan; Toner, John.jpg",54db995741f14e5cad70ec21b49f549b8e657c3ce65c71f431fc00d5a5ad6333,27,impossible,No existe un crop seguro para las marcas protegidas.,Las figuras de corredores alcanzan el izquierdo y el brazo/cuerpo del corredor delantero llega al derecho. Ningún desplazamiento conserva simultáneamente ambas partes de la ilustración.,Obtener fuente alternativa verificable con márgenes suficientes; no forzar recorte,
EBOOK,Ebook/inventario.csv,68,Psicología del trabajo,"González, Martín; Olivares, Socorro",Psicología,https://elibro.puce.elogim.com/es/lc/puce/titulos/39406,"Psicología/originales/Psicología del trabajo - González, Martín; Olivares, Socorro.jpg",9739757d0c3bebe63fcd6e4d9fe7bc12f992f651531958c90342abf05d74b101,28,impossible,No existe un crop seguro para las marcas protegidas.,La fotografía del aula ocupa ambos extremos superiores y el dibujo del cerebro alcanza el izquierdo. El espacio de fondo inferior no continúa por toda la altura; cualquier desplazamiento elimina fotografía o dibujo.,Obtener fuente alternativa verificable con márgenes suficientes; no forzar recorte,
EBOOK,Ebook/inventario.csv,70,Psicología educativa,"Cline, Tony; Gulliford, Anthea; Birch, Susan",Psicología,https://elibro.puce.elogim.com/es/lc/puce/titulos/39772,"Psicología/originales/Psicología educativa - Cline, Tony; Gulliford, Anthea; Birch, Susan.jpg",2a8e926e437975852f72b255e341dc8d3132f4cb9e32436905c85121137aaddf,29,impossible,No existe un crop seguro para las marcas protegidas.,"La imagen de estanterías, libros y divisiones blancas llega a ambos bordes. No hay margen lateral ajeno a esa imagen; cualquier recorte elimina parte de la composición.",Obtener fuente alternativa verificable con márgenes suficientes; no forzar recorte,
EBOOK,Ebook/inventario.csv,76,Psicologías inútiles,"Soto Ramírez, Juan",Psicología,https://elibro.puce.elogim.com/es/lc/puce/titulos/38212,"Psicología/originales/Psicologías inútiles - Soto Ramírez, Juan.jpg",5789efd4dc8bf2a51c45731c54fc5435f00afc58c21da2a4de87b321c1293972,30,impossible,No existe un crop seguro para las marcas protegidas.,La ilustración del rostro y la trama vegetal inferior alcanza ambos laterales; los textos y marcas inferiores tampoco ofrecen margen holgado. Un recorte desplazado seguiría cortando ilustración.,Obtener fuente alternativa verificable con márgenes suficientes; no forzar recorte,
EBOOK,Ebook/inventario.csv,88,Historia de México (3a. ed.),"Martínez Ruiz, Héctor - Menchaca Espinosa, Francisco Javier",Historia,https://elibro.puce.elogim.com/es/lc/puce/titulos/40546,"Historia/originales/Historia de México (3a. ed.) - Martínez Ruiz, Héctor - Menchaca Espinosa, Francisco Javier.jpg",de3dcec28529ea3b5620312be17a441a517b6b1919a44d2535517936c99e1941,31,impossible,No existe un crop seguro para las marcas protegidas.,La pintura de jinetes y paisaje llega al derecho; a la izquierda llegan la banda de colección y un pequeño texto inferior. No existe banda lateral vacía continua para absorber el recorte.,Obtener fuente alternativa verificable con márgenes suficientes; no forzar recorte,
EBOOK,Ebook/inventario.csv,93,Historia general,Manuel Ramírez Sánchez - María Luisa Toledo Bravo de Laguna - Germán Santana Pérez,Historia,https://elibro.puce.elogim.com/es/lc/puce/titulos/57224,Historia/originales/Historia general - Manuel Ramírez Sánchez - María Luisa Toledo Bravo de Laguna - Germán Santana Pérez.jpg,192abc3be93a6a10b6022a66a03efa3487c30986fa1906be502d076390b8b58c,32,impossible,No existe un crop seguro para las marcas protegidas.,La regla gris horizontal llega prácticamente al derecho y nace en el izquierdo con curva. Los márgenes blancos superiores no bastan: cualquier reparto lateral corta la regla.,Obtener fuente alternativa verificable con márgenes suficientes; no forzar recorte,
EBOOK,Ebook/inventario.csv,98,Historia mínima del rock en América Latina,"Gilbert, Abel - Alabarces, Pablo",Historia,https://elibro.puce.elogim.com/es/lc/puce/titulos/283724,"Historia/originales/Historia mínima del rock en América Latina - Gilbert, Abel - Alabarces, Pablo.jpg",b4093726f58837f6086d6eefb513a6ef4e38e876cedacd4d851498fcaa72b2fe,35,impossible,No existe un crop seguro para las marcas protegidas.,"Los motivos pixelados negros nacen en la esquina inferior izquierda y la superior derecha, donde también está el emblema de la colección. No existe desplazamiento lateral que preserve ambas esquinas.",Obtener fuente alternativa verificable con márgenes suficientes; no forzar recorte,
EBOOK,Ebook/inventario.csv,101,¿Qué es la historia?,Azorín,Historia,https://elibro.puce.elogim.com/es/lc/puce/titulos/43891,Historia/originales/¿Qué es la historia - Azorín.jpg,06f5c2850d3bf44298d7bfd37d1b4654867f74732239485201e2c4d8f2b83535,36,impossible,No existe un crop seguro para las marcas protegidas.,"La reproducción de la habitación, personajes y mobiliario ocupa ambos laterales. Cualquier recorte necesario corta imagen real; no hay margen exterior vacío disponible.",Obtener fuente alternativa verificable con márgenes suficientes; no forzar recorte,
EBOOK,Ebook/inventario.csv,103,Ciencias Sociales e investigación social,"Arteaga Basurto, Carlos; Guillermo Campos y Covarrubias; Bermúdez Sánchez, Roberto",Ciencias Sociales,https://elibro.puce.elogim.com/es/lc/puce/titulos/75777,"Ciencias Sociales/originales/Ciencias Sociales e investigación social - Arteaga Basurto, Carlos; Guillermo Campos y Covarrubias; Bermúdez Sánchez, Roberto.jpg",7eda9c98b8010922292ec152ed73d34626b5e6fb9e27e09d451075bda1244933,37,impossible,No existe un crop seguro para las marcas protegidas.,La franja izquierda contiene título vertical y una pequeña ornamentación/marca visible muy cerca de su extremo inferior; el gran título vertical derecho también queda pegado al borde. Los detalles ampliados no dejan una suma de márgenes vacíos suficiente; ningún desplazamiento conserva ambos extremos.,Obtener fuente alternativa verificable con márgenes suficientes; no forzar recorte,
EBOOK,Ebook/inventario.csv,105,El suicidio: un estudio de sociología,Emile Durkheim,Ciencias Sociales,https://elibro.puce.elogim.com/es/lc/puce/titulos/49723,Ciencias Sociales/originales/El suicidio un estudio de sociología - Emile Durkheim.jpg,a6827a3c9046624d5c5dc7fb16f55043fe54443c6dc66300f799cad25c16a499,38,impossible,No existe un crop seguro para las marcas protegidas.,La pintura con figuras y paisaje ocupa todo el ancho inferior. El margen negro de la cabecera no continúa hacia abajo; cualquier recorte lateral pierde pintura.,Obtener fuente alternativa verificable con márgenes suficientes; no forzar recorte,
EBOOK,Ebook/inventario.csv,109,Identidad profesional y trabajo social: creencias y rituales en ciencias sociales,"Dell'Anno, Amelia; Cao, José Luis; Diéguez, Alberto J.",Ciencias Sociales,https://elibro.puce.elogim.com/es/lc/puce/titulos/76132,"Ciencias Sociales/originales/Identidad profesional y trabajo social creencias y rituales en ciencias sociales - Dell'Anno, Amelia; Cao, José Luis; Diéguez, Alberto J..jpg",f78ef4b7cc5091f7ec45908df57405b3cd56bb1ecb0196f400502cd068281ee3,40,impossible,No existe un crop seguro para las marcas protegidas.,El subtítulo rojo comienza casi en el borde izquierdo y la figura de trazos negros alcanza el derecho. No puede cargarse el recorte a ninguno de los lados sin eliminar letras o dibujo.,Obtener fuente alternativa verificable con márgenes suficientes; no forzar recorte,
EBOOK,Ebook/inventario.csv,110,Introducción a las ciencias sociales,"Arellano Rodríguez, César Augusto",Ciencias Sociales,https://elibro.puce.elogim.com/es/lc/puce/titulos/40189,"Ciencias Sociales/originales/Introducción a las ciencias sociales - Arellano Rodríguez, César Augusto.jpg",816c672586246be086d249cc2cc8c84d473c0ae34430115877a4926468333d3f,41,impossible,No existe un crop seguro para las marcas protegidas.,La fotografía de la multitud llega a ambos laterales inferiores; la imagen de ramas también llega al superior derecho. No hay banda vacía continua en ninguno de los lados.,Obtener fuente alternativa verificable con márgenes suficientes; no forzar recorte,
EBOOK,Ebook/inventario.csv,112,La comprensión de lo social: horizonte hermenéutico de las ciencias sociales (3a. ed.),"Herrera González, José Darío",Ciencias Sociales,https://elibro.puce.elogim.com/es/lc/puce/titulos/246223,"Ciencias Sociales/originales/La comprensión de lo social horizonte hermenéutico de las ciencias sociales (3a. ed.) - Herrera González, José Darío.jpg",7081936bb2a8be0404bed4e695fbd982f7880f8090ee93224c06565e8dce09fa,42,impossible,No existe un crop seguro para las marcas protegidas.,Las líneas concéntricas de la ilustración geométrica se extienden hasta ambos laterales. Recortar fondo verde también cortaría esas líneas; ningún desplazamiento conserva íntegro el motivo.,Obtener fuente alternativa verificable con márgenes suficientes; no forzar recorte,
EBOOK,Ebook/inventario.csv,116,Metodología de las ciencias sociales,"Kaufmann, Felix",Ciencias Sociales,https://elibro.puce.elogim.com/es/lc/puce/titulos/249407,"Ciencias Sociales/originales/Metodología de las ciencias sociales - Kaufmann, Felix.jpg",77acf8dfc6411a9bf5dde81fdc313dc388eed09e03eea619c5008099a4a6ee19,43,impossible,No existe un crop seguro para las marcas protegidas.,"La pintura llega al borde derecho y el apellido vertical KAUFMANN deja una separación izquierda de aproximadamente 6 px, incluyendo sus serifas suavizadas. La guía a 6,6667 px invade ese borde tipográfico; trasladar el corte al otro lado elimina pintura.",Obtener fuente alternativa verificable con márgenes suficientes; no forzar recorte,
EBOOK,Ebook/inventario.csv,120,Sociología de las tendencias,"Erner, Guillaume",Ciencias Sociales,https://elibro.puce.elogim.com/es/lc/puce/titulos/212049,"Ciencias Sociales/originales/Sociología de las tendencias - Erner, Guillaume.jpg",2c082c41a15d156b77870dd4e14620a17d1be65ab76585daa7f54f11f1d92890,44,impossible,No existe un crop seguro para las marcas protegidas.,La fotografía de las dos personas y su entorno ocupa todo el ancho. No hay margen exterior vacío; cualquier recorte lateral elimina fotografía aunque no alcance a los textos.,Obtener fuente alternativa verificable con márgenes suficientes; no forzar recorte,
EBOOK,Ebook/inventario.csv,122,Sociología del riesgo,"Le Breton, David",Ciencias Sociales,https://elibro.puce.elogim.com/es/lc/puce/titulos/191437,"Ciencias Sociales/originales/Sociología del riesgo - Le Breton, David.jpg",fc28a498235d9285613dba8d9aef0e953a74ebe9855a938ddc814901c6925edb,45,impossible,No existe un crop seguro para las marcas protegidas.,"El retrato en blanco y negro ocupa ambos laterales, incluidos pelo, hombro y entorno. No existe banda lateral vacía separable de la fotografía.",Obtener fuente alternativa verificable con márgenes suficientes; no forzar recorte,
EBOOK,Ebook/inventario.csv,129,Biología marina,"Penchaszadeh, Pablo",Ciencias,https://elibro.puce.elogim.com/es/lc/puce/titulos/101406,"Ciencias/originales/Biología marina - Penchaszadeh, Pablo.jpg",fe9fd5dec47d49b17bacf8a9a45578df4dc466727b5f69eb5091ae01fda302bf,46,impossible,No existe un crop seguro para las marcas protegidas.,"La fotografía submarina de coral, vegetación y buzo alcanza ambos bordes. El diseño carece de márgenes laterales vacíos que permitan un recorte sin perder imagen.",Obtener fuente alternativa verificable con márgenes suficientes; no forzar recorte,
EBOOK,Ebook/inventario.csv,132,Física de campos,"Giraldo Tobón, Eugenio",Ciencias,https://elibro.puce.elogim.com/es/lc/puce/titulos/295196,"Ciencias/originales/Física de campos - Giraldo Tobón, Eugenio.jpg",858dc31921673431b7669a920d876b0f69b3986e44014e439417bb963c1c19f8,47,impossible,No existe un crop seguro para las marcas protegidas.,La fotografía de chispas y sus trayectorias ocupa todo el ancho inferior. El negro superior no continúa como margen completo; recortar a izquierda o derecha elimina chispas/fotografía.,Obtener fuente alternativa verificable con márgenes suficientes; no forzar recorte,
EBOOK,Ebook/inventario.csv,137,Física I,"Rivera Procuna, Marco Antonio",Ciencias,https://elibro.puce.elogim.com/es/lc/puce/titulos/173461,"Ciencias/originales/Física I - Rivera Procuna, Marco Antonio.jpg",c8dd750f1fed767d8ba318245d2975222acfba58d375b0c49da1c680fe2912bf,49,impossible,No existe un crop seguro para las marcas protegidas.,"Las fórmulas, moléculas, tramas y curvas de color llegan a ambos laterales. No son márgenes vacíos: cualquier desplazamiento corta trazos de la ilustración científica.",Obtener fuente alternativa verificable con márgenes suficientes; no forzar recorte,
EBOOK,Ebook/inventario.csv,138,Física Mecánica,"Agudelo R., Jefersson A.; Castro L., William A; Castro L., Humberto G.",Ciencias,https://elibro.puce.elogim.com/es/lc/puce/titulos/197046,"Ciencias/originales/Física Mecánica - Agudelo R., Jefersson A.; Castro L., William A; Castro L., Humberto G..jpg",1549f91c567275ba0b58925c293732a9c7bd56e6ba94db101af11187ed78682f,50,impossible,No existe un crop seguro para las marcas protegidas.,"La cuadrícula, curvas y anotaciones llegan a los laterales; el sello universitario inferior también se aproxima mucho al derecho. Recortar solo un lado o repartirlo elimina trazos de la composición.",Obtener fuente alternativa verificable con márgenes suficientes; no forzar recorte,
EBOOK,Ebook/inventario.csv,141,La otra física,"Martínez Aguirre, Guillermo",Ciencias,https://elibro.puce.elogim.com/es/lc/puce/titulos/304146,"Ciencias/originales/La otra física - Martínez Aguirre, Guillermo.jpg",70100bedd7500ed3d67c03caa453a399d8f163ef4991cc21006566bc95aff72d,51,impossible,No existe un crop seguro para las marcas protegidas.,"El planeta grande y el resplandor llegan al derecho, y un cuerpo celeste azul llega al inferior izquierdo. El negro vacío parcial no forma una banda continua; ningún desplazamiento protege ambas imágenes.",Obtener fuente alternativa verificable con márgenes suficientes; no forzar recorte,
EBOOK,Ebook/inventario.csv,142,Manual de prácticas de biología,"Mesa Valle, Concepción María; Garrido Cárdenas, José Antonio",Ciencias,https://elibro.puce.elogim.com/es/lc/puce/titulos/282334,"Ciencias/originales/Manual de prácticas de biología - Mesa Valle, Concepción María; Garrido Cárdenas, José Antonio.jpg",5ff6342c2e492623f7289689cc0bcf7b8359de4b40818015587e7361116d75b6,52,impossible,No existe un crop seguro para las marcas protegidas.,Los polígonos y sus dobles contornos blancos llegan al izquierdo abajo y al derecho arriba. Todo encuadre 2:3 interior cortaría una parte de esos contornos.,Obtener fuente alternativa verificable con márgenes suficientes; no forzar recorte,
EBOOK,Ebook/inventario.csv,143,Mecánica física,"Moreno Pérez, Enrique Manuel",Ciencias,https://elibro.puce.elogim.com/es/lc/puce/titulos/301963,"Ciencias/originales/Mecánica física - Moreno Pérez, Enrique Manuel.jpg",2e0de4a5e453023b2b963e8ecb6862a35a863262032094af5f56b79e7521cd97,53,impossible,No existe un crop seguro para las marcas protegidas.,La fotografía de engranajes llega a ambos lados y en varios niveles de altura. No existe margen vertical vacío continuo; recortar unilateralmente también elimina engranaje.,Obtener fuente alternativa verificable con márgenes suficientes; no forzar recorte,
EBOOK,Ebook/inventario.csv,144,Nomenclatura química,Hugo Solís Correa,Ciencias,https://elibro.puce.elogim.com/es/lc/puce/titulos/39457,Ciencias/originales/Nomenclatura química - Hugo Solís Correa.jpg,625c56e0563a3114f3f55960486d77f3f1e175e9e90d9b63513de8d320a1048c,54,impossible,No existe un crop seguro para las marcas protegidas.,"Las esferas y modelos moleculares, además de fórmulas de fondo, llegan a ambos bordes. Cualquier recorte lateral elimina elementos gráficos; no existe desplazamiento seguro.",Obtener fuente alternativa verificable con márgenes suficientes; no forzar recorte,
EBOOK,Ebook/inventario.csv,146,Química Ambiental,"Pasquali, Ricardo Conrado",Ciencias,https://elibro.puce.elogim.com/es/lc/puce/titulos/174540,"Ciencias/originales/Química Ambiental - Pasquali, Ricardo Conrado.jpg",680567ab04459bb9f05b8a44b83af0142686aa3510bb91e819b05c80d7ea4113,55,impossible,No existe un crop seguro para las marcas protegidas.,"La fotografía industrial de chimeneas y nubes ocupa el ancho completo, con diagramas superpuestos. Ninguno de los laterales ofrece una franja externa o vacía separada de la fotografía.",Obtener fuente alternativa verificable con márgenes suficientes; no forzar recorte,
EBOOK,Ebook/inventario.csv,148,Química forense,"Esteban Santos, Soledad; Cornago Ramírez, María del Pilar",Ciencias,https://elibro.puce.elogim.com/es/lc/puce/titulos/48853,"Ciencias/originales/Química forense - Esteban Santos, Soledad; Cornago Ramírez, María del Pilar.jpg",0d7f3933d0b6c91752ba2201276b65e87889abc7c9a390d8f0650e6123d54b32,56,impossible,No existe un crop seguro para las marcas protegidas.,"La fotografía inferior de lupa, recipientes, mesa y objetos llega a ambos laterales. El fondo uniforme superior no permite un recorte completo sin pérdida de fotografía abajo.",Obtener fuente alternativa verificable con márgenes suficientes; no forzar recorte,
EBOOK,Ebook/inventario.csv,150,Química terrestre,"Chamizo, Antonio",Ciencias,https://elibro.puce.elogim.com/es/lc/puce/titulos/71936,"Ciencias/originales/Química terrestre - Chamizo, Antonio.jpg",60d102dd8fc90007c1cba63799305fc18c777779fe618fc846b21805aeb1dfdd,57,impossible,No existe un crop seguro para las marcas protegidas.,"Las curvas espirales y anillos ilustrados recorren ambos laterales; el marcador naranja también toca el izquierdo. No hay banda lateral vacía para absorber 6,6667 px sin cortar el dibujo.",Obtener fuente alternativa verificable con márgenes suficientes; no forzar recorte,
EBOOK,Ebook/inventario.csv,151,Termodinámica química,"Criado-Sancho, Manuel; Casas-Vázquez, José; Jou, David",Ciencias,https://elibro.puce.elogim.com/es/lc/puce/titulos/175801,"Ciencias/originales/Termodinámica química - Criado-Sancho, Manuel; Casas-Vázquez, José; Jou, David.jpg",e14d31418cff2714871e3444b1aae25c7dee1020dd54e4605e51de7579a40b4a,58,impossible,No existe un crop seguro para las marcas protegidas.,El Sol toca el superior izquierdo y la fotografía terrestre alcanza ambos laterales inferiores. Mover el recorte a la derecha no evita cortar la Tierra; moverlo a la izquierda también afecta al Sol.,Obtener fuente alternativa verificable con márgenes suficientes; no forzar recorte,
EBOOK,Ebook/inventario.csv,153,Auditoría de seguridad informática,"Gómez Vieites, Álvaro",Tecnología e Informática,https://elibro.puce.elogim.com/es/lc/puce/titulos/62464,"Tecnología e Informática/originales/Auditoría de seguridad informática - Gómez Vieites, Álvaro.jpg",e794acd11285e3a193bf71f33b9b59f594c279a3625274e2e96c772c96ad3ee7,59,impossible,No existe un crop seguro para las marcas protegidas.,Las líneas y celdas geométricas de fondo alcanzan ambos extremos; el autor abajo comienza casi en el izquierdo y la marca inferior alcanza el derecho. Ninguna banda lateral completa está libre de diseño o texto.,Obtener fuente alternativa verificable con márgenes suficientes; no forzar recorte,
EBOOK,Ebook/inventario.csv,154,Automatización de procesos industriales: robótica y automática,"García Moreno, Emilio",Tecnología e Informática,https://elibro.puce.elogim.com/es/lc/puce/titulos/129686,"Tecnología e Informática/originales/Automatización de procesos industriales robótica y automática - García Moreno, Emilio.jpg",cb87f24272b65f9f1947170be5ee7e511c0ee1a274de97261545b4c964de03cc,60,impossible,No existe un crop seguro para las marcas protegidas.,"El gran elemento tipográfico superior izquierdo, la fotografía de placa inferior y los esquemas técnicos se extienden hacia los extremos. Ninguno de los dos lados admite la franja requerida sin cortar contenido.",Obtener fuente alternativa verificable con márgenes suficientes; no forzar recorte,
EBOOK,Ebook/inventario.csv,155,Ciencia de datos con Python,"Contreras Bravo, Leonardo Emiro; Padilla Beltrán, José Eduardo",Tecnología e Informática,https://elibro.puce.elogim.com/es/lc/puce/titulos/294846,"Tecnología e Informática/originales/Ciencia de datos con Python - Contreras Bravo, Leonardo Emiro; Padilla Beltrán, José Eduardo.jpg",b42eb72756501c1dfa49a2c45cac8919a188657390931d8fbb1b15b25416f1ca,61,impossible,No existe un crop seguro para las marcas protegidas.,"Las reglas horizontales del pie editorial recorren ambos laterales. Aunque la fotografía y los títulos estén insetados sobre blanco, todo recorte lateral acorta esas reglas protegidas.",Obtener fuente alternativa verificable con márgenes suficientes; no forzar recorte,
EBOOK,Ebook/inventario.csv,156,Conceptos de informática,"Prieto Espinosa, Alberto",Tecnología e Informática,https://elibro.puce.elogim.com/es/lc/puce/titulos/50305,"Tecnología e Informática/originales/Conceptos de informática - Prieto Espinosa, Alberto.jpg",caefd1be1ed57a3ccde371caaebd821c723734180ba957a2e20b66dd6927f769,62,impossible,No existe un crop seguro para las marcas protegidas.,"Las grandes letras naranjas de fondo, la banda superior de texto y la información inferior se acercan o llegan a ambos bordes. Un recorte unilateral o repartido elimina letras o elementos de esa composición.",Obtener fuente alternativa verificable con márgenes suficientes; no forzar recorte,
EBOOK,Ebook/inventario.csv,157,Criptografía sin secretos con Python,"Arboledas Brihuega, David",Tecnología e Informática,https://elibro.puce.elogim.com/es/lc/puce/titulos/106497,"Tecnología e Informática/originales/Criptografía sin secretos con Python - Arboledas Brihuega, David.jpg",2a3017d4561874648938ef571acf5ca8b51fce44b424f1647d5c1a25b1d3e920,63,impossible,No existe un crop seguro para las marcas protegidas.,La franja rayada de advertencia superior y las reglas horizontales del pie editorial llegan a ambos laterales. Los márgenes blancos de la imagen central no evitan cortar esos elementos.,Obtener fuente alternativa verificable con márgenes suficientes; no forzar recorte,
EBOOK,Ebook/inventario.csv,160,Enciclopedia de la seguridad informática (2a. ed.),"Gómez Vieites, Álvaro",Tecnología e Informática,https://elibro.puce.elogim.com/es/lc/puce/titulos/106416,"Tecnología e Informática/originales/Enciclopedia de la seguridad informática (2a. ed.) - Gómez Vieites, Álvaro.jpg",b430da2f3d3b0caff62d2b657c0fc099607db4cf43baf57b9df9a85d6e1847be,64,impossible,No existe un crop seguro para las marcas protegidas.,"Las reglas horizontales que enmarcan el pie Ra-Ma recorren ambos laterales. El retrato gráfico y títulos están separados, pero cualquier recorte lateral altera las reglas protegidas.",Obtener fuente alternativa verificable con márgenes suficientes; no forzar recorte,
EBOOK,Ebook/inventario.csv,163,Fundamentos de robótica y mecatrónica con Matlab© y Simulink©.,"Pérez Cisneros, Marco Antonio; Cuevas Jiménez, Erik Valdemar; Zaldívar Navarro, Daniel",Tecnología e Informática,https://elibro.puce.elogim.com/es/lc/puce/titulos/106568,"Tecnología e Informática/originales/Fundamentos de robótica y mecatrónica con Matlab© y Simulink©. - Pérez Cisneros, Marco Antonio; Cuevas Jiménez, Erik Valdemar; Zaldívar Navarro, Daniel.jpg",6fbfe56599375fbd2d73a1155567304e002b7b443c29583c7a01248619c018f7,65,impossible,No existe un crop seguro para las marcas protegidas.,Las reglas horizontales del pie Ra-Ma recorren ambos bordes; el resto del diseño no proporciona un margen completo exterior a ellas. Cualquier reparto del recorte elimina parte de esas reglas.,Obtener fuente alternativa verificable con márgenes suficientes; no forzar recorte,
EBOOK,Ebook/inventario.csv,164,Informática básica,"Requena Peláez, José Miguel",Tecnología e Informática,https://elibro.puce.elogim.com/es/lc/puce/titulos/117747,"Tecnología e Informática/originales/Informática básica - Requena Peláez, José Miguel.jpg",b5f19658c2bd913cfe07351f94a10c4dab16a884a672706f51f8cbaf59b0f636,66,impossible,No existe un crop seguro para las marcas protegidas.,"El mosaico fotográfico de ordenador, persona y dispositivos alcanza ambos lados; las bandas y el disco inferior también se prolongan hacia los bordes. No hay margen vacío continuo.",Obtener fuente alternativa verificable con márgenes suficientes; no forzar recorte,
EBOOK,Ebook/inventario.csv,166,Informática industrial,"Espinosa Malea, José Manuel",Tecnología e Informática,https://elibro.puce.elogim.com/es/lc/puce/titulos/280290,"Tecnología e Informática/originales/Informática industrial - Espinosa Malea, José Manuel.jpg",76d773e46785a6fa5e85500f7ab3ecc18d499b9ebbf4e415b94af2ac074a2ce4,67,impossible,No existe un crop seguro para las marcas protegidas.,La fotografía de mano robótica y teclado ocupa ambos laterales inferiores. El blanco superior no basta: todo recorte lateral corta la fotografía.,Obtener fuente alternativa verificable con márgenes suficientes; no forzar recorte,
EBOOK,Ebook/inventario.csv,167,Introducción a la robótica,"Torres Vargas, Libia Zoraida",Tecnología e Informática,https://elibro.puce.elogim.com/es/lc/puce/titulos/128561,"Tecnología e Informática/originales/Introducción a la robótica - Torres Vargas, Libia Zoraida.jpg",c4401d335f5e2946c9a233407891f17cddd2fe83f987e3d48a19606669fb31cc,68,impossible,No existe un crop seguro para las marcas protegidas.,"Las formas mecánicas, circuitos y arcos de la ilustración azul llegan a ambos extremos. No hay banda lateral vacía independiente del dibujo; no existe desplazamiento seguro.",Obtener fuente alternativa verificable con márgenes suficientes; no forzar recorte,
EBOOK,Ebook/inventario.csv,169,Python a fondo,"Ramírez Jiménez, Óscar",Tecnología e Informática,https://elibro.puce.elogim.com/es/lc/puce/titulos/280038,"Tecnología e Informática/originales/Python a fondo - Ramírez Jiménez, Óscar.jpg",0c1a966d0c4cddf4926f212e99703a00143f6d82d6b2b324162cd0ebdfe1b1a3,69,impossible,No existe un crop seguro para las marcas protegidas.,La fotografía de manos humana y robótica alcanza ambos lados; las ondas rosas también continúan hasta los extremos. Cualquier recorte lateral elimina imagen o diseño ondulado.,Obtener fuente alternativa verificable con márgenes suficientes; no forzar recorte,
EBOOK,Ebook/inventario.csv,170,Python paso a paso,"Hinojosa Gutiérrez, Ángel",Tecnología e Informática,https://elibro.puce.elogim.com/es/lc/puce/titulos/107213,"Tecnología e Informática/originales/Python paso a paso - Hinojosa Gutiérrez, Ángel.jpg",37500f067aecbeabdfa774b2ef7b244f6616699e1d8a5a58a82004083fa30596,70,impossible,No existe un crop seguro para las marcas protegidas.,Las reglas horizontales del pie Ra-Ma llegan a ambos laterales. El blanco alrededor de título y serpiente no forma un margen exterior a esas reglas; cualquier recorte altera su extensión.,Obtener fuente alternativa verificable con márgenes suficientes; no forzar recorte,
EBOOK,Ebook/inventario.csv,171,Robótica y domótica básica con Arduino,"Porcuna López, Pedro",Tecnología e Informática,https://elibro.puce.elogim.com/es/lc/puce/titulos/107212,"Tecnología e Informática/originales/Robótica y domótica básica con Arduino - Porcuna López, Pedro.jpg",19548bb8d3c6cedc82fe46526cca95e705d7bf8e092b50c91411bee57cfe1412,71,impossible,No existe un crop seguro para las marcas protegidas.,"Las tres reglas grises del pie atraviesan ambos bordes; también la banda degradada superior forma parte de la cubierta. Cualquier eliminación lateral de 6,6667 px en total corta ese diseño; no hay margen exterior continuo.",Obtener fuente alternativa verificable con márgenes suficientes; no forzar recorte,
EBOOK,Ebook/inventario.csv,172,Seguridad informática,Gema Escrivá Gascó,Tecnología e Informática,https://elibro.puce.elogim.com/es/lc/puce/titulos/43260,Tecnología e Informática/originales/Seguridad informática - Gema Escrivá Gascó.jpg,a801a2ac424093cf7ad7c615d94f92816c4b27795307df40b9cca6cd153d4f53,72,impossible,No existe un crop seguro para las marcas protegidas.,La huella multicolor llega al borde derecho en la mitad superior y al izquierdo en las franjas media e inferior. No existe una franja lateral vacía suficiente que preserve completa la ilustración.,Obtener fuente alternativa verificable con márgenes suficientes; no forzar recorte,
EBOOK,Ebook/inventario.csv,175,Una historia de la informática,"Barceló García, Miquel",Tecnología e Informática,https://elibro.puce.elogim.com/es/lc/puce/titulos/56584,"Tecnología e Informática/originales/Una historia de la informática - Barceló García, Miquel.jpg",e8878fe4d08915c2f91d1be5b6a8bc27fc4d851dd64d43770d065690749f7af0,73,impossible,No existe un crop seguro para las marcas protegidas.,"La fotografía del teclado llega a ambos laterales en la zona inferior. La banda azul izquierda solo protege la zona superior, por lo que un desplazamiento asimétrico también cortaría teclas/fotografía.",Obtener fuente alternativa verificable con márgenes suficientes; no forzar recorte,
EBOOK,Ebook/inventario.csv,176,Visión artificial: aplicaciones prácticas con OpenCV - Python,"Domínguez Mínguez, Tomás",Tecnología e Informática,https://elibro.puce.elogim.com/es/lc/puce/titulos/281479,"Tecnología e Informática/originales/Visión artificial aplicaciones prácticas con OpenCV - Python - Domínguez Mínguez, Tomás.jpg",5f9b7d1b0cf436bc5c42583323c4b2b27f573c91789e3db515b1748997e02b7d,74,impossible,No existe un crop seguro para las marcas protegidas.,La fotografía de personas con recuadros de reconocimiento ocupa ambos bordes de la mitad inferior; las líneas geométricas superiores también alcanzan los extremos. No hay recorte lateral sin perder imagen.,Obtener fuente alternativa verificable con márgenes suficientes; no forzar recorte,
EBOOK,Ebook/inventario.csv,179,El cerebro de los matemáticos,"Ruelle, David",Matemáticas,https://elibro.puce.elogim.com/es/lc/puce/titulos/60072,"Matemáticas/originales/El cerebro de los matemáticos - Ruelle, David.jpg",7febe578bf56a145513db7d3ef4d7c64334b07792ea25eaa37b13923c98132e5,75,impossible,No existe un crop seguro para las marcas protegidas.,"El retrato fotográfico y la silla/fondo llegan a ambos bordes. Los extremos contienen fotografía real, no margen externo; un crop centrado o asimétrico elimina parte de la cubierta.",Obtener fuente alternativa verificable con márgenes suficientes; no forzar recorte,
EBOOK,Ebook/inventario.csv,189,Matemática 1,"Ayarza, Mercedes; Reyna, Juliana; Tuffilaro, Darío",Matemáticas,https://elibro.puce.elogim.com/es/lc/puce/titulos/113108,"Matemáticas/originales/Matemática 1 - Ayarza, Mercedes; Reyna, Juliana; Tuffilaro, Darío.jpg",d9935c085982173b581db5b5c01e89285816cde0248397483344d88ab96fb1a4,79,impossible,No existe un crop seguro para las marcas protegidas.,La fotografía de cables llena todo el ancho y llega a ambos bordes. No hay margen lateral vacío; cualquier recorte elimina hilos de la fotografía.,Obtener fuente alternativa verificable con márgenes suficientes; no forzar recorte,
EBOOK,Ebook/inventario.csv,192,Matemática para Iñaki,"Zalduendo, Ignacio",Matemáticas,https://elibro.puce.elogim.com/es/lc/puce/titulos/37790,"Matemáticas/originales/Matemática para Iñaki - Zalduendo, Ignacio.jpg",b2b915dfe711284537fabf4b4c467cad2a3a01b8b8e34726fcc477444f06423f,80,impossible,No existe un crop seguro para las marcas protegidas.,La imagen estelar llega a ambos lados y el marcador rojo de colección toca el izquierdo. No existe franja vacía continua; recortar alteraría la ilustración de cielo y su diseño lateral.,Obtener fuente alternativa verificable con márgenes suficientes; no forzar recorte,
EBOOK,Ebook/inventario.csv,193,Matemáticas 3 (2a. ed.),"Ortiz Campos, Francisco José",Matemáticas,https://elibro.puce.elogim.com/es/lc/puce/titulos/39472,"Matemáticas/originales/Matemáticas 3 (2a. ed.) - Ortiz Campos, Francisco José.jpg",1c1a6c9976235f659e70e84e51436c2c93930055141650cc9eba37bb5bcf7630,81,impossible,No existe un crop seguro para las marcas protegidas.,"La fotografía de estructura arquitectónica ocupa ambos laterales arriba; además, la cifra 3 está pegada al borde derecho. Ningún desplazamiento lateral evita perder fotografía o contenido editorial.",Obtener fuente alternativa verificable con márgenes suficientes; no forzar recorte,
EBOOK,Ebook/inventario.csv,194,Matemáticas 4 (2a. ed.),"Ortiz Campos, Francisco José; Ortiz Cerecedo, Fernando José",Matemáticas,https://elibro.puce.elogim.com/es/lc/puce/titulos/40361,"Matemáticas/originales/Matemáticas 4 (2a. ed.) - Ortiz Campos, Francisco José; Ortiz Cerecedo, Fernando José.jpg",fb502b0fa600bf8d58737adaa3414401a7cb4f868e3644fbf4d03100c41ec207,82,impossible,No existe un crop seguro para las marcas protegidas.,La fotografía de paneles geométricos llena todo el ancho superior y la cifra 4 se acerca al extremo derecho. Eliminar anchura por cualquiera de los lados corta la fotografía.,Obtener fuente alternativa verificable con márgenes suficientes; no forzar recorte,
EBOOK,Ebook/inventario.csv,195,Matemáticas aplicadas. Ámbito de ciencias aplicadas,"Docampo Naray, María Isabel; Fraga Paz, Rebeca",Matemáticas,https://elibro.puce.elogim.com/es/lc/puce/titulos/305407,"Matemáticas/originales/Matemáticas aplicadas. Ámbito de ciencias aplicadas - Docampo Naray, María Isabel; Fraga Paz, Rebeca.jpg",b1982cded50f9fb3e4df3b9bb5f56d2a5acd327e51366b8de5ed56f12ba4c2a2,83,impossible,No existe un crop seguro para las marcas protegidas.,"La regla blanca que cruza el título recorre la cubierta de borde a borde. Aunque el fondo naranja deje aire alrededor de los iconos, retirar una franja lateral cortaría la regla del diseño y no solo fondo vacío.",Obtener fuente alternativa verificable con márgenes suficientes; no forzar recorte,
EBOOK,Ebook/inventario.csv,196,Matemáticas básicas,Falcón Santana Sergio,Matemáticas,https://elibro.puce.elogim.com/es/lc/puce/titulos/57193,Matemáticas/originales/Matemáticas básicas - Falcón Santana Sergio.jpg,5d3a57ad32dc2225989f3537ee3ec820852c2a4d149233d5a35968959c779fc0,84,impossible,No existe un crop seguro para las marcas protegidas.,"Las reglas horizontales grises y azules sobre el pie negro recorren ambos bordes. No hay margen externo lateral continuo; cualquier crop cortaría esas reglas, aunque el título y los logotipos queden dentro.",Obtener fuente alternativa verificable con márgenes suficientes; no forzar recorte,
EBOOK,Ebook/inventario.csv,198,Matemáticas para informática,"Gutiérrez García, Ismael",Matemáticas,https://elibro.puce.elogim.com/es/lc/puce/titulos/70065,"Matemáticas/originales/Matemáticas para informática - Gutiérrez García, Ismael.jpg",ce6955f28e6d9c5b387528432900060a05c6e55bdcddef0a6a7e765b2bc5419d,85,impossible,No existe un crop seguro para las marcas protegidas.,"El patrón de números y el diagrama de nodos se prolongan hasta ambos extremos del fondo. Se trata de ilustración identificable a sangre, sin franja lateral vacía para quitar 6,6667 px.",Obtener fuente alternativa verificable con márgenes suficientes; no forzar recorte,
EBOOK,Ebook/inventario.csv,199,Matemáticas y ajedrez,"Iagar, Razvan Gabriel",Matemáticas,https://elibro.puce.elogim.com/es/lc/puce/titulos/41882,"Matemáticas/originales/Matemáticas y ajedrez - Iagar, Razvan Gabriel.jpg",eea5e9798ddcae8be487c8f7015200f0763eac3b30f7a403732f0d1ed55157f0,86,impossible,No existe un crop seguro para las marcas protegidas.,Las fórmulas manuscritas del fondo alcanzan los dos bordes; abajo también lo hace el tablero. Recortar por cualquier lado elimina trazos y fotografía de la cubierta.,Obtener fuente alternativa verificable con márgenes suficientes; no forzar recorte,
EBOOK,Ebook/inventario.csv,201,Vivir las matemáticas (4a. ed.),"Canals Tolosa, Maria Antònia",Matemáticas,https://elibro.puce.elogim.com/es/lc/puce/titulos/61949,"Matemáticas/originales/Vivir las matemáticas (4a. ed.) - Canals Tolosa, Maria Antònia.jpg",a904668bbd8fd1ea5f92537a720fb6374b01215480925e201f9cc560b3729d03,87,impossible,No existe un crop seguro para las marcas protegidas.,La fotografía de personas y suelo ocupa todo el ancho inferior. Los fondos planos de arriba no proporcionan un margen vacío continuo a lo largo de la cubierta.,Obtener fuente alternativa verificable con márgenes suficientes; no forzar recorte,
EBOOK,Ebook/inventario.csv,203,Anatomía y fisiología humana (2a. ed.),"Le Vay, David",Medicina,https://elibro.puce.elogim.com/es/lc/puce/titulos/119186,"Medicina/originales/Anatomía y fisiología humana (2a. ed.) - Le Vay, David.jpg",fa7626c71da6a22a8cbac391db9102e387e7a7cd122430b27174ba63ed5b5b92,88,impossible,No existe un crop seguro para las marcas protegidas.,La ilustración anatómica llega a ambos bordes y las líneas blancas de encuadre también cruzan los extremos. Un crop lateral afectaría contenido anatómico/diseño real.,Obtener fuente alternativa verificable con márgenes suficientes; no forzar recorte,
EBOOK,Ebook/inventario.csv,204,Aprenda medicina sonriendo... (2a. ed.),"Ruiz Speare, José Octavio; Alberto Barrón Vargas",Medicina,https://elibro.puce.elogim.com/es/lc/puce/titulos/40320,"Medicina/originales/Aprenda medicina sonriendo... (2a. ed.) - Ruiz Speare, José Octavio; Alberto Barrón Vargas.jpg",fbe2ce91ef6a0b742e8874f503afcb8b3b9e1aa17108018546e3c0c9f91666f6,89,impossible,No existe un crop seguro para las marcas protegidas.,"El libro ilustrado y la composición fotográfica llegan al lado izquierdo, y la mano enguantada y el fondo fotográfico al derecho. Ninguno de los laterales ofrece margen vacío continuo.",Obtener fuente alternativa verificable con márgenes suficientes; no forzar recorte,
EBOOK,Ebook/inventario.csv,207,Cómo estudiar anatomía,Emilio Martínez Marrero,Medicina,https://elibro.puce.elogim.com/es/lc/puce/titulos/69845,Medicina/originales/Cómo estudiar anatomía - Emilio Martínez Marrero.jpg,77fb5bc87135a5c15fbfc1cd4ff158328b91f4eeb2108e9d848088899ef8cfc6,91,impossible,No existe un crop seguro para las marcas protegidas.,"Las láminas anatómicas ocupan los dos laterales, en los cuadrantes superiores e inferiores. No hay franja exterior libre; cualquier distribución del recorte corta las ilustraciones.",Obtener fuente alternativa verificable con márgenes suficientes; no forzar recorte,
EBOOK,Ebook/inventario.csv,219,Manual de medicina paliativa,"Centeno Cortés, Carlos; Gómez Sancho, Marcos; Nabal Vicuña, María; Pascual López, Antonio",Medicina,https://elibro.puce.elogim.com/es/lc/puce/titulos/47085,"Medicina/originales/Manual de medicina paliativa - Centeno Cortés, Carlos; Gómez Sancho, Marcos; Nabal Vicuña, María; Pascual López, Antonio.jpg",3d82673587ad0a3277a2f0ddfc7db3d27abcd46c5a1228241a75f7061ea33c22,92,impossible,No existe un crop seguro para las marcas protegidas.,"El fondo ilustrado de colores y la gran curva atraviesan ambos bordes. La imagen ocupa todo el ancho, sin margen externo vacío; el recorte lateral elimina parte de la composición.",Obtener fuente alternativa verificable con márgenes suficientes; no forzar recorte,
EBOOK,Ebook/inventario.csv,221,Medicina familiar,"Dávila Torres, Javier; Garza Sagástegui, María Gabriela",Medicina,https://elibro.puce.elogim.com/es/lc/puce/titulos/40852,"Medicina/originales/Medicina familiar - Dávila Torres, Javier; Garza Sagástegui, María Gabriela.jpg",88bf4bac09125739d7fe32c1b4ef71289c1df0abe9e4b6d0e72cfe2452912b4d,93,impossible,No existe un crop seguro para las marcas protegidas.,"El montaje fotográfico del médico, paciente y luces alcanza ambos extremos. La cubierta no tiene una franja lateral vacía que permita el cambio de proporción sin cortar fotografía.",Obtener fuente alternativa verificable con márgenes suficientes; no forzar recorte,
EBOOK,Ebook/inventario.csv,225,Medicina oral,"Ghom, Anil",Medicina,https://elibro.puce.elogim.com/es/lc/puce/titulos/166522,"Medicina/originales/Medicina oral - Ghom, Anil.jpg",9623789239c5a0e5257ffb5d7eba978e60ea354986d27f02518dee6f2ad112b6,94,impossible,No existe un crop seguro para las marcas protegidas.,Las reglas burdeos cruzan ambos lados; el nombre del autor además llega al extremo derecho. Desplazar el crop al izquierdo seguiría cortando las reglas del diseño.,Obtener fuente alternativa verificable con márgenes suficientes; no forzar recorte,
AUDIOBOOK,Audiolibros/inventario.csv,6,El sicario en la novela colombiana,"Osorio, Óscar",Literatura,https://elibro.puce.elogim.com/es/lc/puce/titulos/70341,"Literatura/originales/El sicario en la novela colombiana - Osorio, Óscar.jpg",e90dc2922900b635e89b7b2520db2a884fa7adaf6f8188c6114cd2ddb8b7c845,95,impossible,No existe un crop seguro para las marcas protegidas.,La fotografía/textura de pared con grietas llena la cubierta hasta ambos bordes. No hay margen externo; cortar a cualquier lado suprime parte de la imagen de la pared.,Obtener fuente alternativa verificable con márgenes suficientes; no forzar recorte,
AUDIOBOOK,Audiolibros/inventario.csv,8,Hölderlin: una novela,"Härtling, Peter",Literatura,https://elibro.puce.elogim.com/es/lc/puce/titulos/209548,"Literatura/originales/Hölderlin una novela - Härtling, Peter.jpg",2aa66cf3424cd13f8dfd396e811317fdc320c1f7bb844e8b344036eb0a0478df,96,impossible,No existe un crop seguro para las marcas protegidas.,El marco rectangular del retrato y las reglas negras superiores llegan a los laterales; el logotipo inferior se aproxima mucho al izquierdo. Retirar anchura cortaría el marco aunque no afectara al rostro.,Obtener fuente alternativa verificable con márgenes suficientes; no forzar recorte,
AUDIOBOOK,Audiolibros/inventario.csv,9,Itinerario de trenes: novela,"Marchán, Jaime",Literatura,https://elibro.puce.elogim.com/es/lc/puce/titulos/269501,"Literatura/originales/Itinerario de trenes novela - Marchán, Jaime.jpg",f9eb541219e7e3b5229facd5f2235eb4e9884c88ab79a793472f7815b772b6f7,97,impossible,No existe un crop seguro para las marcas protegidas.,"La composición de ciudad, plaza y paisaje llega a ambos bordes. No existe una franja de fondo vacía continua; cualquier crop corta detalles del paisaje/edificios.",Obtener fuente alternativa verificable con márgenes suficientes; no forzar recorte,
AUDIOBOOK,Audiolibros/inventario.csv,10,La baldomera: una novela incorrecta,"Ocampo, Juana",Literatura,https://elibro.puce.elogim.com/es/lc/puce/titulos/77320,"Literatura/originales/La baldomera una novela incorrecta - Ocampo, Juana.jpg",8a3054d44d6c083879b92419decb37eabe40d951e766619a9cc26ef1b7e00c98,98,impossible,No existe un crop seguro para las marcas protegidas.,"La ilustración de ventana y figura llena ambos extremos de la cubierta. Un recorte lateral elimina partes del dibujo, sin alternativa en margen externo.",Obtener fuente alternativa verificable con márgenes suficientes; no forzar recorte,
AUDIOBOOK,Audiolibros/inventario.csv,12,La derrota: novela de estudiantes,"Sánchez Gómez, Gregorio",Literatura,https://elibro.puce.elogim.com/es/lc/puce/titulos/290772,"Literatura/originales/La derrota novela de estudiantes - Sánchez Gómez, Gregorio.jpg",13d37203e26e9e80bbcecfab0efd6c899da14f219af9545b997d0b5fbeba54cd,99,impossible,No existe un crop seguro para las marcas protegidas.,"La ampliación por columnas muestra el saliente de la locomotora muy próximo al borde izquierdo y la rueda/sombra del automóvil próxima al derecho. La suma de franjas realmente vacías es menor de 6,6667 px; ni centrar ni desplazar el crop conserva toda la composición.",Obtener fuente alternativa verificable con márgenes suficientes; no forzar recorte,
AUDIOBOOK,Audiolibros/inventario.csv,13,La novela colombiana posmoderna,"Ponce de León, Gina",Literatura,https://elibro.puce.elogim.com/es/lc/puce/titulos/70951,"Literatura/originales/La novela colombiana posmoderna - Ponce de León, Gina.jpg",7d0b68309236eb228a000a7ac52490c6773551197c68196dd25207eeadb03aee,100,impossible,No existe un crop seguro para las marcas protegidas.,Las teclas y piezas de la máquina de escribir llegan a los dos bordes en la mitad inferior. El fondo naranja superior no forma un margen vacío continuo y no permite recortar sin perder imagen.,Obtener fuente alternativa verificable con márgenes suficientes; no forzar recorte,
AUDIOBOOK,Audiolibros/inventario.csv,14,La novela inglesa: una introducción,"Eagleton, Terry",Literatura,https://elibro.puce.elogim.com/es/lc/puce/titulos/116127,"Literatura/originales/La novela inglesa una introducción - Eagleton, Terry.jpg",95c2d3f6e93489b583c9a61d4225fd03a49d2c59234215bd99ccf7403555ce02,101,impossible,No existe un crop seguro para las marcas protegidas.,La trama amarilla sobre gris alcanza ambos bordes y la fotografía superior llega al derecho. Cualquier recorte lateral elimina trazos del diseño o fotografía.,Obtener fuente alternativa verificable con márgenes suficientes; no forzar recorte,
AUDIOBOOK,Audiolibros/inventario.csv,16,La vuelta al mundo de un novelista,"Blasco Ibáñez, Vicente",Literatura,https://elibro.puce.elogim.com/es/lc/puce/titulos/267855,"Literatura/originales/La vuelta al mundo de un novelista - Blasco Ibáñez, Vicente.jpg",507c6bb88099ba4d8f2fe3d612beff55915b8a026e7d3d8795f7cec1637abf3d,102,impossible,No existe un crop seguro para las marcas protegidas.,"El mosaico fotográfico de monumentos, paisajes y transporte llega a ambos lados. No existe margen exterior continuo; el crop corta alguna de esas imágenes.",Obtener fuente alternativa verificable con márgenes suficientes; no forzar recorte,
AUDIOBOOK,Audiolibros/inventario.csv,21,Novelas ejemplares,"Cervantes Saavedra, Miguel de",Literatura,https://elibro.puce.elogim.com/es/lc/puce/titulos/127206,"Literatura/originales/Novelas ejemplares - Cervantes Saavedra, Miguel de.jpg",9c3b56cea4b087aae968628ea4e7a491d5ec5223bfbddc60ed3ff86d328f9fed,103,impossible,No existe un crop seguro para las marcas protegidas.,"La regla burdeos entra desde el borde izquierdo y la cinta diagonal roja llega al derecho. Además hay textura de papel en toda la superficie; ninguno de los lados proporciona 6,6667 px combinados de margen vacío sin cortar diseño.",Obtener fuente alternativa verificable con márgenes suficientes; no forzar recorte,
AUDIOBOOK,Audiolibros/inventario.csv,22,Novelas históricas,"Solares, Ignacio",Literatura,https://elibro.puce.elogim.com/es/lc/puce/titulos/111002,"Literatura/originales/Novelas históricas - Solares, Ignacio.jpg",e5b1478e8811f46a1bfdf2c3b86b0f4ea59350113d85925e0a91b5e5054db291,104,impossible,No existe un crop seguro para las marcas protegidas.,El manuscrito de fondo y la composición ilustrada llegan a ambos bordes. No hay margen externo libre; el cambio de proporción mediante crop cortaría escritura/dibujo de la portada.,Obtener fuente alternativa verificable con márgenes suficientes; no forzar recorte,
AUDIOBOOK,Audiolibros/inventario.csv,23,OKTUBRE: la novela,"Bello, Carolina",Literatura,https://elibro.puce.elogim.com/es/lc/puce/titulos/286086,"Literatura/originales/OKTUBRE la novela - Bello, Carolina.jpg",6cc2b965d3fba6e92c1e92ec2f74c4c9761cbd625fa8e96aeef6aea29a5e5004,105,impossible,No existe un crop seguro para las marcas protegidas.,La pintura de figuras y arquitectura ocupa todo el ancho y la fotografía inferior también llega a los extremos. Ningún crop lateral conserva toda la imagen.,Obtener fuente alternativa verificable con márgenes suficientes; no forzar recorte,
AUDIOBOOK,Audiolibros/inventario.csv,24,Sin defensa posible: novela,"Ramírez C., Clinton",Literatura,https://elibro.puce.elogim.com/es/lc/puce/titulos/290339,"Literatura/originales/Sin defensa posible novela - Ramírez C., Clinton.jpg",545871d65471a6feb34a90ac74bcb2a35309a4bd8629a45ea15df5f081b910f8,106,impossible,No existe un crop seguro para las marcas protegidas.,"La fotografía de calle y edificios llena la cubierta de lado a lado. Las franjas laterales contienen pared/arquitectura real, no margen vacío, y no pueden recortarse bajo la restricción.",Obtener fuente alternativa verificable con márgenes suficientes; no forzar recorte,
AUDIOBOOK,Audiolibros/inventario.csv,25,Succión: una novela,"Poblete Pardo, Nicolás",Literatura,https://elibro.puce.elogim.com/es/lc/puce/titulos/303162,"Literatura/originales/Succión una novela - Poblete Pardo, Nicolás.jpg",9e3616c4084dfec04e88b296b22212f747bac452a1c5e39790e2c4df247e7d92,107,impossible,No existe un crop seguro para las marcas protegidas.,"La fotografía del oso y su ropa alcanza ambos laterales, especialmente en la zona inferior. No hay margen lateral continuo vacío para hacer el recorte.",Obtener fuente alternativa verificable con márgenes suficientes; no forzar recorte,
AUDIOBOOK,Audiolibros/inventario.csv,28,Introducción a la ética,"Torres Hernández, Zacarías",Filosofía,https://elibro.puce.elogim.com/es/lc/puce/titulos/39401,"Filosofía/originales/Introducción a la ética - Torres Hernández, Zacarías.jpg",78a222cad72f9c2b6e5bfda30fdb4ac12402564f8f3752a14f139644c73cadd3,108,impossible,No existe un crop seguro para las marcas protegidas.,"La fotografía de columnas llena todo el ancho central, las líneas ornamentales superiores tocan los bordes y el título está muy cerca de los extremos. Cualquier crop lateral corta contenido real.",Obtener fuente alternativa verificable con márgenes suficientes; no forzar recorte,
AUDIOBOOK,Audiolibros/inventario.csv,30,La ética amable,"Bosch, Magdalena",Filosofía,https://elibro.puce.elogim.com/es/lc/puce/titulos/47253,"Filosofía/originales/La ética amable - Bosch, Magdalena.jpg",7e92c2bd8633494c7188db0cbd7085954f462c7601b036371b17142df2a3da35,109,impossible,No existe un crop seguro para las marcas protegidas.,La pintura abstracta multicolor llega a ambos bordes de la zona superior. El fondo plano inferior no ofrece una franja vacía continua; recortar pierde pintura.,Obtener fuente alternativa verificable con márgenes suficientes; no forzar recorte,
AUDIOBOOK,Audiolibros/inventario.csv,31,La ética de la redistribución,"Jouvenel, Bertrand de",Filosofía,https://elibro.puce.elogim.com/es/lc/puce/titulos/61753,"Filosofía/originales/La ética de la redistribución - Jouvenel, Bertrand de.jpg",2000856b363a0e723359cedb05f200307f53a3394aa2c537cc1baf4f64011f38,110,impossible,No existe un crop seguro para las marcas protegidas.,"La pintura de manos, monedas y mesa ocupa ambos extremos. No hay margen exterior vacío; un recorte centrado o asimétrico elimina parte de la obra.",Obtener fuente alternativa verificable con márgenes suficientes; no forzar recorte,
AUDIOBOOK,Audiolibros/inventario.csv,34,Lecciones de ética,"Polo Barrena, Leonardo",Filosofía,https://elibro.puce.elogim.com/es/lc/puce/titulos/47131,"Filosofía/originales/Lecciones de ética - Polo Barrena, Leonardo.jpg",a76c73f2b9e490129cd6e6be17e34824b6e8608d0836d1492dbc104f51653ab5,112,impossible,No existe un crop seguro para las marcas protegidas.,"La ilustración del árbol, cielo y paisaje alcanza ambos bordes laterales. No existe una franja continua vacía; el crop corta paisaje aunque conserve personajes y texto.",Obtener fuente alternativa verificable con márgenes suficientes; no forzar recorte,
AUDIOBOOK,Audiolibros/inventario.csv,35,Metafísica de la pereza,"Valls Boix, Juan Evaristo",Filosofía,https://elibro.puce.elogim.com/es/lc/puce/titulos/218248,"Filosofía/originales/Metafísica de la pereza - Valls Boix, Juan Evaristo.jpg",4b03b83b4b9cac37e8f5a0acb74a7d26570819bfc681e3bb54dab4342372a15e,113,impossible,No existe un crop seguro para las marcas protegidas.,"Las líneas de nubes y ondas llegan a ambos bordes de la ilustración. Recortar cualquier lateral corta trazos identificables del dibujo, no solo un campo liso.",Obtener fuente alternativa verificable con márgenes suficientes; no forzar recorte,
AUDIOBOOK,Audiolibros/inventario.csv,39,Ética (3a. ed.),"Chávez Calderón, Pedro",Filosofía,https://elibro.puce.elogim.com/es/lc/puce/titulos/40400,"Filosofía/originales/Ética (3a. ed.) - Chávez Calderón, Pedro.jpg",3562e16ca824393c5d474adbfda44f69fdc31641a78793756b92b983598ad982,115,impossible,No existe un crop seguro para las marcas protegidas.,"La fotografía de la manzana y aguja alcanza el borde derecho, mientras el patrón y las bandas de diseño llegan al izquierdo. No hay una distribución lateral de 6,6667 px que preserve todos esos elementos.",Obtener fuente alternativa verificable con márgenes suficientes; no forzar recorte,
AUDIOBOOK,Audiolibros/inventario.csv,41,Ética con los clásicos,"Martínez Huerta, Miguel",Filosofía,https://elibro.puce.elogim.com/es/lc/puce/titulos/73299,"Filosofía/originales/Ética con los clásicos - Martínez Huerta, Miguel.jpg",21293e2aa3148196f43f2889021cc89c9ead957911cc3f29e5480612b2a88d17,116,impossible,No existe un crop seguro para las marcas protegidas.,"La línea CON LOS CLÁSICOS llega prácticamente a ambos bordes. El margen combinado no admite quitar 6,6667 px sin cortar letras, aun desplazando el crop; la ilustración inferior también está próxima al izquierdo.",Obtener fuente alternativa verificable con márgenes suficientes; no forzar recorte,
AUDIOBOOK,Audiolibros/inventario.csv,45,Ética extramuros (2a. ed.),"Riechmann, Jorge",Filosofía,https://elibro.puce.elogim.com/es/lc/puce/titulos/54040,"Filosofía/originales/Ética extramuros (2a. ed.) - Riechmann, Jorge.jpg",1419497cef7f7644a75ff5b30663ea2e2fbdb5c536d0dc8b4e14214cb7736473,117,impossible,No existe un crop seguro para las marcas protegidas.,"Los motivos botánicos morados alcanzan ambos extremos. Eliminar anchura por cualquier lado corta ramas/hojas, aunque el título central permanezca completo.",Obtener fuente alternativa verificable con márgenes suficientes; no forzar recorte,
AUDIOBOOK,Audiolibros/inventario.csv,47,Ética integral,"Blanco Blanco, Luis Antonio",Filosofía,https://elibro.puce.elogim.com/es/lc/puce/titulos/69262,"Filosofía/originales/Ética integral - Blanco Blanco, Luis Antonio.jpg",022ca3cdabd865076bf50c5ba9c9a37f9c09734c615f8998f321356053256c90,118,impossible,No existe un crop seguro para las marcas protegidas.,La ilustración de cabezas anidadas se prolonga hasta el borde izquierdo y la nariz/silueta hasta el derecho. No existe margen lateral vacío continuo.,Obtener fuente alternativa verificable con márgenes suficientes; no forzar recorte,
AUDIOBOOK,Audiolibros/inventario.csv,53,Confieso que he sentido: historias secretas de psicoterapia,"León, Sebastián",Psicología,https://elibro.puce.elogim.com/es/lc/puce/titulos/67549,"Psicología/originales/Confieso que he sentido historias secretas de psicoterapia - León, Sebastián.jpg",8a02510ecc45148e2815e325747593c8cd780f5293eb0767d24285f466fadc5e,119,impossible,No existe un crop seguro para las marcas protegidas.,"La fotografía de casilleros, llaves y herrajes ocupa ambos extremos en la zona superior. Recortar solo el fondo plano inferior no resuelve el ancho total y un crop lateral corta fotografía.",Obtener fuente alternativa verificable con márgenes suficientes; no forzar recorte,
AUDIOBOOK,Audiolibros/inventario.csv,59,Infancia: psicoterapia gestáltica,"Valle Bevilacqua, Liliana del",Psicología,https://elibro.puce.elogim.com/es/lc/puce/titulos/78191,"Psicología/originales/Infancia psicoterapia gestáltica - Valle Bevilacqua, Liliana del.jpg",50946a92230a8ec792867fcd9a60dd8863f57a60faf68c693230a0620b0b9c07,120,impossible,No existe un crop seguro para las marcas protegidas.,"La fotografía del niño llega al borde izquierdo. A la derecha, la ampliación por columnas muestra que las últimas letras azules de Psicoterapia/Gestáltica ocupan x=213 y su suavizado llega a x=214; el límite requerido x=213,3333 cortaría esas letras, por lo que no cabe todo el recorte en el blanco derecho.",Obtener fuente alternativa verificable con márgenes suficientes; no forzar recorte,
AUDIOBOOK,Audiolibros/inventario.csv,61,Manual práctico de psicoterapia Gestalt (7a. ed.),"Martín, Ángeles",Psicología,https://elibro.puce.elogim.com/es/lc/puce/titulos/47794,"Psicología/originales/Manual práctico de psicoterapia Gestalt (7a. ed.) - Martín, Ángeles.jpg",ffd1c61e3a75a99e22892a65e6f37ebf7b67d6182cfa623a95b3617c45020df3,121,impossible,No existe un crop seguro para las marcas protegidas.,La fotografía llena el lateral izquierdo y el autor/título llegan prácticamente al derecho; Gestalt alcanza el extremo. No hay franja vacía continua ni margen combinado suficiente sin cortar imagen o letras.,Obtener fuente alternativa verificable con márgenes suficientes; no forzar recorte,
AUDIOBOOK,Audiolibros/inventario.csv,63,Psicología aplicada a la publicidad,"Thomas Currás, Helena; García Dauder, Silvia",Psicología,https://elibro.puce.elogim.com/es/lc/puce/titulos/63129,"Psicología/originales/Psicología aplicada a la publicidad - Thomas Currás, Helena; García Dauder, Silvia.jpg",959295f6b4e2fe1240cc69d8e1f241a307872bc981ba2da16c2f1f05a868a7a7,122,impossible,No existe un crop seguro para las marcas protegidas.,El emblema de publicaciones inferior llega casi al borde izquierdo y las marcas repetidas de universidad llegan al derecho. La banda roja también cruza el izquierdo; no existe recorte lateral vacío seguro.,Obtener fuente alternativa verificable con márgenes suficientes; no forzar recorte,
AUDIOBOOK,Audiolibros/inventario.csv,64,Psicología básica,"Eysenck, Michael W.",Psicología,https://elibro.puce.elogim.com/es/lc/puce/titulos/174631,"Psicología/originales/Psicología básica - Eysenck, Michael W..jpg",ef72a810670877f7dbc4c8337573c33092cc8c8d7eca0f9c0ce105fa980bf8f5,123,impossible,No existe un crop seguro para las marcas protegidas.,La ilustración/fotografía de nodos luminosos llena ambos extremos. No hay un margen externo vacío para reducir el ancho sin eliminar parte de la red.,Obtener fuente alternativa verificable con márgenes suficientes; no forzar recorte,
AUDIOBOOK,Audiolibros/inventario.csv,66,Psicología de la personalidad (7a. ed.),"Larsen, Randy; Buss, David M.",Psicología,https://elibro.puce.elogim.com/es/lc/puce/titulos/295095,"Psicología/originales/Psicología de la personalidad (7a. ed.) - Larsen, Randy; Buss, David M..jpg",50a80fbfc6df061bc00663bab8f697e4cde49bc731b775b0edcef81b8123fa7a,124,impossible,No existe un crop seguro para las marcas protegidas.,Los medallones de imágenes están a sangre a la izquierda y el retrato superior a la derecha; también hay partículas de la mano cerca del derecho. Cualquier crop lateral corta una imagen.,Obtener fuente alternativa verificable con márgenes suficientes; no forzar recorte,
AUDIOBOOK,Audiolibros/inventario.csv,69,Psicología del desarrollo de la niñez,"Faas, Ana Eugenia",Psicología,https://elibro.puce.elogim.com/es/lc/puce/titulos/78809,"Psicología/originales/Psicología del desarrollo de la niñez - Faas, Ana Eugenia.jpg",579701ae0baa704fb78dd54fa2c893399fc878fd182442e85cb462c0d5c3ce45,126,impossible,No existe un crop seguro para las marcas protegidas.,"El bebé llega cerca del izquierdo y la extremidad de la niña cerca del derecho. La revisión por columnas muestra contenido del bebé desde aproximadamente x=3 y de la niña hasta x=216, con suavizado adyacente; el margen combinado es menor que 6,6667 px. La línea gris exterior tampoco ofrece ancho suficiente.",Obtener fuente alternativa verificable con márgenes suficientes; no forzar recorte,
AUDIOBOOK,Audiolibros/inventario.csv,71,Psicología y cultura de los adolescentes,"Yuni, José Alberto; Urbano, Claudio Ariel",Psicología,https://elibro.puce.elogim.com/es/lc/puce/titulos/77443,"Psicología/originales/Psicología y cultura de los adolescentes - Yuni, José Alberto; Urbano, Claudio Ariel.jpg",0821db1acc2915fa9801ef4d09a875460ef6e9cc41d857b571c075d00a928347,127,impossible,No existe un crop seguro para las marcas protegidas.,La fotografía del grupo de adolescentes alcanza ambos laterales. No hay margen vacío continuo y retirar ancho cortaría ropa/cuerpos de la fotografía.,Obtener fuente alternativa verificable con márgenes suficientes; no forzar recorte,
AUDIOBOOK,Audiolibros/inventario.csv,72,Psicología y economía,"Bonavía Martín, Tomás; Quintanilla Pardo, Ismael",Psicología,https://elibro.puce.elogim.com/es/lc/puce/titulos/297354,"Psicología/originales/Psicología y economía - Bonavía Martín, Tomás; Quintanilla Pardo, Ismael.jpg",ed3634d12bec57323e6de2adabc6af813e2592e371a54b01cfe2e494e1dc0c42,128,impossible,No existe un crop seguro para las marcas protegidas.,"Solo hay una línea blanca externa muy estrecha a ambos lados, insuficiente para 6,6667 px en total. Inmediatamente detrás comienza la fotografía de libros, reflejo y mesa; cualquier crop exacto 2:3 cortaría esa fotografía.",Obtener fuente alternativa verificable con márgenes suficientes; no forzar recorte,
AUDIOBOOK,Audiolibros/inventario.csv,73,Psicoterapia (2a. ed.),Lucio Balarezo,Psicología,https://elibro.puce.elogim.com/es/lc/puce/titulos/80160,Psicología/originales/Psicoterapia (2a. ed.) - Lucio Balarezo.jpg,0314ac90a4e6641e3eb4fa4a9048380df73f51c09586540e4d7a517a957be466,129,impossible,No existe un crop seguro para las marcas protegidas.,Las cintas y luces azules de la imagen abstracta cruzan ambos bordes. No hay margen externo vacío; el crop lateral quitaría parte de esa ilustración.,Obtener fuente alternativa verificable con márgenes suficientes; no forzar recorte,
AUDIOBOOK,Audiolibros/inventario.csv,78,Historia mínima de Bolivia,"Klein, Herbert",Historia,https://elibro.puce.elogim.com/es/lc/puce/titulos/194870,"Historia/originales/Historia mínima de Bolivia - Klein, Herbert.jpg",113db31300ddb2affe7195f228e0a71172bf813ff1c4eee5df7fa3fbc94c0378,130,impossible,No existe un crop seguro para las marcas protegidas.,"El cuadro abstracto empieza en el borde izquierdo. La inspección de columnas derechas muestra pintura hasta x=213 y transición en x=214, de modo que la franja derecha es menor de 6,6667 px: el límite x=213,3333 corta el cuadro. No existe alternativa desplazada sin cortar pintura por el izquierdo.",Obtener fuente alternativa verificable con márgenes suficientes; no forzar recorte,
AUDIOBOOK,Audiolibros/inventario.csv,100,Momias: la derrota de la muerte en el Antiguo Egipto,"Parra, José Miguel",Historia,https://elibro.puce.elogim.com/es/lc/puce/titulos/294171,"Historia/originales/Momias la derrota de la muerte en el Antiguo Egipto - Parra, José Miguel.jpg",66bfeb64129c112c1b77c0561116c93e50d6901ac58314dd5790c65f3a58cea2,133,impossible,No existe un crop seguro para las marcas protegidas.,"La fotografía de la momia, vendas y entorno llena ambos bordes. No existe margen vacío lateral; cualquier crop perdería parte de la imagen arqueológica.",Obtener fuente alternativa verificable con márgenes suficientes; no forzar recorte,
AUDIOBOOK,Audiolibros/inventario.csv,102,Antropología,Juan Oliver Sánchez Fernández,Ciencias Sociales,https://elibro.puce.elogim.com/es/lc/puce/titulos/45451,Ciencias Sociales/originales/Antropología - Juan Oliver Sánchez Fernández.jpg,ad9626472621572734d8df8f03fa40e3056bf7988c1e46f66d41f94189b91b84,134,impossible,No existe un crop seguro para las marcas protegidas.,Las líneas del rostro/máscara ocupan ambos laterales. No es fondo vacío: cortar las franjas externas eliminaría trazos del diseño principal.,Obtener fuente alternativa verificable con márgenes suficientes; no forzar recorte,
AUDIOBOOK,Audiolibros/inventario.csv,103,Antropología,"Lahera Almeida, Nubis",Ciencias Sociales,https://elibro.puce.elogim.com/es/lc/puce/titulos/175598,"Ciencias Sociales/originales/Antropología - Lahera Almeida, Nubis.jpg",817a1bff30e4d415f5f866b5a281b842d4d32837a62eb092e77924b65d10f141,135,impossible,No existe un crop seguro para las marcas protegidas.,"El collage antropológico llega a ambos extremos, con figuras recortadas a sangre en la fotografía central. No hay una franja lateral continua vacía que pueda retirarse.",Obtener fuente alternativa verificable con márgenes suficientes; no forzar recorte,
AUDIOBOOK,Audiolibros/inventario.csv,104,Antropología ambiental: fundamentos,"Jaquenod De Zsögön, Silvia",Ciencias Sociales,https://elibro.puce.elogim.com/es/lc/puce/titulos/118397,"Ciencias Sociales/originales/Antropología ambiental fundamentos - Jaquenod De Zsögön, Silvia.jpg",b9c9444f02fca434d3f2fab31cd2657e15f7f41a5fee4b66b99fe9d228575abd,136,impossible,No existe un crop seguro para las marcas protegidas.,"El marco de rectángulos multicolores ocupa y toca los cuatro bordes. El crop lateral cortaría piezas y líneas negras del marco, aunque el texto interior quede intacto.",Obtener fuente alternativa verificable con márgenes suficientes; no forzar recorte,
AUDIOBOOK,Audiolibros/inventario.csv,105,Antropología de la ciudad,"Duch, Lluís",Ciencias Sociales,https://elibro.puce.elogim.com/es/lc/puce/titulos/114382,"Ciencias Sociales/originales/Antropología de la ciudad - Duch, Lluís.jpg",63a19053049e63d98775e924ebe633938cd49463042a472d6b2554ab2f2ac4a1,137,impossible,No existe un crop seguro para las marcas protegidas.,La ilustración urbana y las manchas de color llegan a ambos extremos. No existe margen externo vacío; recortar altera edificios/trazos del dibujo.,Obtener fuente alternativa verificable con márgenes suficientes; no forzar recorte,
AUDIOBOOK,Audiolibros/inventario.csv,108,Antropología del dolor,"Breton, David Le",Ciencias Sociales,https://elibro.puce.elogim.com/es/lc/puce/titulos/209018,"Ciencias Sociales/originales/Antropología del dolor - Breton, David Le.jpg",770c7db70ad31f105865c4cfe3abd85463b65dfe8fda63dff6ac30258ea58f4b,138,impossible,No existe un crop seguro para las marcas protegidas.,"Las líneas negras geométricas y la imagen de fondo alcanzan ambos bordes. No hay una franja lateral vacía continua, y un crop cortaría esos trazos del diseño.",Obtener fuente alternativa verificable con márgenes suficientes; no forzar recorte,
AUDIOBOOK,Audiolibros/inventario.csv,109,Antropología en perspectiva ambiental,"Cárdenas Támara, Felipe",Ciencias Sociales,https://elibro.puce.elogim.com/es/lc/puce/titulos/68803,"Ciencias Sociales/originales/Antropología en perspectiva ambiental - Cárdenas Támara, Felipe.jpg",01c01b7ebe7e4011f3efeb7da4406061391565c4135a0b2ae1db01e3b94307d5,139,impossible,No existe un crop seguro para las marcas protegidas.,La fotografía de barca y niña arriba y el detalle fotográfico inferior alcanzan los laterales. La banda roja central no proporciona un margen vacío continuo; cualquier crop pierde fotografía.,Obtener fuente alternativa verificable con márgenes suficientes; no forzar recorte,
AUDIOBOOK,Audiolibros/inventario.csv,112,La antropología y el derecho,"Manouvrier, Léonce",Ciencias Sociales,https://elibro.puce.elogim.com/es/lc/puce/titulos/247794,"Ciencias Sociales/originales/La antropología y el derecho - Manouvrier, Léonce.jpg",13fb57a2e52881f10dc3ea46a1ea6b0d4d0e0c30ce88280c36f7e3ec789e3cd2,140,hold,No existe un crop seguro para las marcas protegidas.,"QA independiente y revisión visual de root: el apellido vertical MANOUVRIER tiene suavizado significativo, alineado con los trazos, en x=6. Un límite izquierdo 20/3=6,6666667 elimina parte de esa columna; el borde derecho contiene pintura a sangre y no ofrece un desplazamiento alternativo seguro. Se retiene por conservación estricta del contenido; no se depende del muestreo Lanczos exterior.",Retención conservadora: solicitar fuente con margen adicional o revisión visual explícita; no declarar imposibilidad definitiva,
AUDIOBOOK,Audiolibros/inventario.csv,115,Pragmatismo y sociología,"Durkheim, Émile",Ciencias Sociales,https://elibro.puce.elogim.com/es/lc/puce/titulos/223685,"Ciencias Sociales/originales/Pragmatismo y sociología - Durkheim, Émile.jpg",660097689f3283b7bc8cc13526db16e533bc5ffb2596e915f811336f0295d919,141,impossible,No existe un crop seguro para las marcas protegidas.,"El gran nombre claro del fondo tiene el borde de la D en la franja izquierda de unos 6–7 px; la pestaña negra del editor llega al borde derecho. Quitar 6⅔ px a la izquierda invade el contorno de la letra, y trasladar el recorte a la derecha corta la pestaña. La textura no es por sí sola el impedimento.",Obtener fuente alternativa verificable con márgenes suficientes; no forzar recorte,
AUDIOBOOK,Audiolibros/inventario.csv,116,Sociología,"Cruz Diloné, Efraín",Ciencias Sociales,https://elibro.puce.elogim.com/es/lc/puce/titulos/175803,"Ciencias Sociales/originales/Sociología - Cruz Diloné, Efraín.jpg",eabc417be04049120853ee433bf6b9a320a67899b769189b26a5a2c588ae7f6c,142,impossible,No existe un crop seguro para las marcas protegidas.,La ilustración de estudiantes llega a ambos laterales: una persona y su brazo a la izquierda y otra figura a la derecha. No hay margen exterior continuo suficiente; desplazar el recorte seguiría cortando la ilustración.,Obtener fuente alternativa verificable con márgenes suficientes; no forzar recorte,
AUDIOBOOK,Audiolibros/inventario.csv,117,Sociología,Luis Pérez Cruz,Ciencias Sociales,https://elibro.puce.elogim.com/es/lc/puce/titulos/40394,Ciencias Sociales/originales/Sociología - Luis Pérez Cruz.jpg,ab6485a77c09bd923ea1698d42455288e7d3d6804ab09e6e8bf05a411807f5a5,143,impossible,No existe un crop seguro para las marcas protegidas.,El montaje fotográfico de personas ocupa los dos bordes y la banda vertical izquierda también contiene letras. Ni un recorte centrado ni uno unilateral de 6⅔ px conserva todo el contenido.,Obtener fuente alternativa verificable con márgenes suficientes; no forzar recorte,
AUDIOBOOK,Audiolibros/inventario.csv,118,Sociología (3a. ed.),"Paradeda, Daniel; Pintos Andrade, Esteban W.; Ríos, Alejandra",Ciencias Sociales,https://elibro.puce.elogim.com/es/lc/puce/titulos/183872,"Ciencias Sociales/originales/Sociología (3a. ed.) - Paradeda, Daniel; Pintos Andrade, Esteban W.; Ríos, Alejandra.jpg",518ffa0762138c99af559585f9b65dcee14832b2075595912a4a1d6ee5721690,144,impossible,No existe un crop seguro para las marcas protegidas.,El emblema amarillo inferior está a pocos píxeles de la izquierda y la cinta de edición diagonal termina en la esquina derecha. La suma de los márgenes vacíos no permite quitar 6⅔ px sin tocar emblema o cinta; no se rechaza por la textura marrón.,Obtener fuente alternativa verificable con márgenes suficientes; no forzar recorte,
AUDIOBOOK,Audiolibros/inventario.csv,120,Sociología de la educación,"Rodríguez González, Raysa",Ciencias Sociales,https://elibro.puce.elogim.com/es/lc/puce/titulos/176661,"Ciencias Sociales/originales/Sociología de la educación - Rodríguez González, Raysa.jpg",d04ae2e03d72f0746c58b3393d27140e4d1f6ed3cfec77f536cd40b1224b520c,145,impossible,No existe un crop seguro para las marcas protegidas.,La fotografía central llega a ambos lados: la escena y los árboles continúan hasta sus bordes. Los espacios lisos superiores e inferiores no forman un margen vertical continuo; cualquier desplazamiento corta fotografía.,Obtener fuente alternativa verificable con márgenes suficientes; no forzar recorte,
AUDIOBOOK,Audiolibros/inventario.csv,121,Sociología del derecho,"Aubert, Vilhelm",Ciencias Sociales,https://elibro.puce.elogim.com/es/lc/puce/titulos/235290,"Ciencias Sociales/originales/Sociología del derecho - Aubert, Vilhelm.jpg",984c87f421fb6775911f2f4754feabfa3aaa1ee44c02b510011e6fd5ad1650d1,146,impossible,No existe un crop seguro para las marcas protegidas.,"El nombre vertical VILHELM AUBERT está prácticamente pegado al borde izquierdo; por la derecha llegan la pintura, la marca Lex y el recuadro del editor. No existe una franja vacía lateral suficiente.",Obtener fuente alternativa verificable con márgenes suficientes; no forzar recorte,
AUDIOBOOK,Audiolibros/inventario.csv,122,Sociología del Derecho,"Lévy-Bruhl, Henri",Ciencias Sociales,https://elibro.puce.elogim.com/es/lc/puce/titulos/235286,"Ciencias Sociales/originales/Sociología del Derecho - Lévy-Bruhl, Henri.jpg",9c13c56db2cc7cdbed9946c9108dcdaf394a23e00585c76ce10ed2b7f4e63d45,147,impossible,No existe un crop seguro para las marcas protegidas.,El autor vertical HENRI LÉVY-BRUHL alcanza la franja izquierda y el retrato y la marca superior alcanzan la derecha. Recortar por cualquiera de los lados elimina letras o pintura.,Obtener fuente alternativa verificable con márgenes suficientes; no forzar recorte,
AUDIOBOOK,Audiolibros/inventario.csv,123,Sociología del derecho,"Rehbinder, Manfred",Ciencias Sociales,https://elibro.puce.elogim.com/es/lc/puce/titulos/235253,"Ciencias Sociales/originales/Sociología del derecho - Rehbinder, Manfred.jpg",f1fea996993464654c78fe997a1a0453b6badf8d2147273796e5827cef3471cf,148,impossible,No existe un crop seguro para las marcas protegidas.,El apellido vertical REHBINDER ocupa el estrecho lateral izquierdo; la pintura cubista y el bloque editorial alcanzan la derecha. No se puede reunir el ancho requerido de margen sin cortar contenido.,Obtener fuente alternativa verificable con márgenes suficientes; no forzar recorte,
AUDIOBOOK,Audiolibros/inventario.csv,125,Sociología jurídica,"Nardi-Greco, Carlo",Ciencias Sociales,https://elibro.puce.elogim.com/es/lc/puce/titulos/235515,"Ciencias Sociales/originales/Sociología jurídica - Nardi-Greco, Carlo.jpg",b8be24573b142cea7d60155c144a579e1f5d8a5e1f6afce6600f308ac63497da,149,impossible,No existe un crop seguro para las marcas protegidas.,El nombre NARDI-GRECO está junto al borde izquierdo y la pintura y el encabezado Lex llegan al derecho. Un desplazamiento asimétrico tampoco deja 6⅔ px de fondo vacío.,Obtener fuente alternativa verificable con márgenes suficientes; no forzar recorte,
AUDIOBOOK,Audiolibros/inventario.csv,126,Sociología: los conceptos esenciales,"Izquierdo Escribano, Antonio",Ciencias Sociales,https://elibro.puce.elogim.com/es/lc/puce/titulos/36407,"Ciencias Sociales/originales/Sociología los conceptos esenciales - Izquierdo Escribano, Antonio.jpg",3aa6a99429c36992f821d1e30ca923ae6345443acfb9509be3bd20b687b1e197,150,impossible,No existe un crop seguro para las marcas protegidas.,La línea de autor y la composición de perfiles llegan a los dos límites laterales. Los perfiles y las reglas del diseño no dejan una banda exterior prescindible en ninguno de los lados.,Obtener fuente alternativa verificable con márgenes suficientes; no forzar recorte,
AUDIOBOOK,Audiolibros/inventario.csv,128,Astronomía a ras del suelo,"Zandanel, Armando Eugenio",Ciencias,https://elibro.puce.elogim.com/es/lc/puce/titulos/258772,"Ciencias/originales/Astronomía a ras del suelo - Zandanel, Armando Eugenio.jpg",75785e564b4a601e8c200707da672aeee1844d52f657e61a0e4eac3e3413ed44,151,impossible,No existe un crop seguro para las marcas protegidas.,"El disco lunar llega al borde izquierdo y casi al derecho, y hay texto vertical en el extremo inferior izquierdo. Un recorte de la anchura requerida corta la Luna o la inscripción; no hay margen alternativo continuo.",Obtener fuente alternativa verificable con márgenes suficientes; no forzar recorte,
AUDIOBOOK,Audiolibros/inventario.csv,131,Clima y tiempo en Ontiyent,"Guerra Ángel, Pablo",Ciencias,https://elibro.puce.elogim.com/es/lc/puce/titulos/298777,"Ciencias/originales/Clima y tiempo en Ontiyent - Guerra Ángel, Pablo.jpg",12f6073fd8b06d279d6e862ccddd16341e4ebe142b72e1cf5f1e237204c269a3,152,impossible,El margen exterior supera 5 % por lado.,"La foto está bien encajada, pero la banda curva y sus filetes superiores llegan a ambos lados. Recortar por cualquiera de los lados secciona esa geometría; el blanco central no constituye un margen exterior a toda altura.",Obtener fuente alternativa verificable con márgenes suficientes; no forzar recorte,
AUDIOBOOK,Audiolibros/inventario.csv,133,Conocer la meteorología: diccionario ilustrado del tiempo y del clima,"Viñas, José Miguel",Ciencias,https://elibro.puce.elogim.com/es/lc/puce/titulos/303720,"Ciencias/originales/Conocer la meteorología diccionario ilustrado del tiempo y del clima - Viñas, José Miguel.jpg",d060482987618acf315566b3b8409066c800b2db3bd0a08214247ffbc16980ff,154,impossible,No existe un crop seguro para las marcas protegidas.,"La escena fotográfica de nubes y horizonte cubre ambos extremos, con el gran título además muy cerca de los lados. Cualquier reparto del recorte corta fotografía; no hay franja exterior vacía.",Obtener fuente alternativa verificable con márgenes suficientes; no forzar recorte,
AUDIOBOOK,Audiolibros/inventario.csv,134,Ecología de comunidades (2a. ed.),"Jaksic A., Fabian M.; Marone B., Luis",Ciencias,https://elibro.puce.elogim.com/es/lc/puce/titulos/302282,"Ciencias/originales/Ecología de comunidades (2a. ed.) - Jaksic A., Fabian M.; Marone B., Luis.jpg",b9f8b519350566e7b89839d135e31a531048a57be5dacdf4eba46660617d13cc,155,impossible,No existe un crop seguro para las marcas protegidas.,La composición amarilla ilustrada entra por el borde izquierdo y COMUNIDADES queda pegado al derecho. Ningún lado ofrece los 6⅔ px libres y un recorte mixto afecta imagen o letras.,Obtener fuente alternativa verificable con márgenes suficientes; no forzar recorte,
AUDIOBOOK,Audiolibros/inventario.csv,136,Geología de Marte: un planeta fósil,"Pardo Igúzquiza, Eulogio; Durán Valsero, Juan José",Ciencias,https://elibro.puce.elogim.com/es/lc/puce/titulos/255899,"Ciencias/originales/Geología de Marte un planeta fósil - Pardo Igúzquiza, Eulogio; Durán Valsero, Juan José.jpg",f9d0e48a90b1d12535b10819a8864b2749710b70894f9c7d51853b40c2538d07,156,impossible,No existe un crop seguro para las marcas protegidas.,El planeta y el paisaje oscuro inferior son imágenes a sangre en ambos lados. Mover el encuadre no evita quitar parte de Marte o del paisaje; las bandas de texto no aportan margen vertical continuo.,Obtener fuente alternativa verificable con márgenes suficientes; no forzar recorte,
AUDIOBOOK,Audiolibros/inventario.csv,138,Historia de la geología: una introducción,"Alsina Calvés, José",Ciencias,https://elibro.puce.elogim.com/es/lc/puce/titulos/212425,"Ciencias/originales/Historia de la geología una introducción - Alsina Calvés, José.jpg",b48a7cf624afa9a2752f7fb75c3edcd548d96246388a417ec89327676fcb65c3,157,impossible,No existe un crop seguro para las marcas protegidas.,"La franja negra izquierda contiene inscripción vertical y el extremo derecho contiene la esquina negra, el título diagonal y el remate inferior. No existe un margen liso lateral suficiente sin cortar esos elementos.",Obtener fuente alternativa verificable con márgenes suficientes; no forzar recorte,
AUDIOBOOK,Audiolibros/inventario.csv,139,Iniciación a la botánica,J. L. Fuentes Yagüe,Ciencias,https://elibro.puce.elogim.com/es/lc/puce/titulos/35838,Ciencias/originales/Iniciación a la botánica - J. L. Fuentes Yagüe.jpg,c6518a0bef6ba322ec1c17c57f13dbd1034451532b92a5b92b4faadec9ed9e87,158,impossible,No existe un crop seguro para las marcas protegidas.,La fotografía de ramas de pino llena el ancho y toca ambos laterales. El verde uniforme de las bandas no continúa por los lados de la fotografía; ningún recorte lateral es íntegramente de fondo vacío.,Obtener fuente alternativa verificable con márgenes suficientes; no forzar recorte,
AUDIOBOOK,Audiolibros/inventario.csv,142,Lagos asesinos: todo lo que debes saber sobre uno de los fenómenos naturales más enigmáticos del planeta,"Sánchez España, Javier",Ciencias,https://elibro.puce.elogim.com/es/lc/puce/titulos/255898,"Ciencias/originales/Lagos asesinos todo lo que debes saber sobre uno de los fenómenos naturales más enigmáticos del planeta - Sánchez España, Javier.jpg",e053c81640cea1c00562df14cc3c8cdea6179cf9240cf1cbacee965259dd8b7b,159,impossible,No existe un crop seguro para las marcas protegidas.,"El bosque, el lago y sus reflejos se prolongan hasta ambos laterales. Quitar 6⅔ px, centrados o por un solo lado, corta la fotografía a sangre.",Obtener fuente alternativa verificable con márgenes suficientes; no forzar recorte,
AUDIOBOOK,Audiolibros/inventario.csv,143,Los terremotos perdidos,"Pérez López, Raúl; Rodríguez Pascua, Miguel Ángel",Ciencias,https://elibro.puce.elogim.com/es/lc/puce/titulos/233364,"Ciencias/originales/Los terremotos perdidos - Pérez López, Raúl; Rodríguez Pascua, Miguel Ángel.jpg",85a2b19b8ca8a785b02d64f156112961b64472a6778feb404971bcf3212ce3c1,160,impossible,No existe un crop seguro para las marcas protegidas.,La pintura de figuras y arquitectura llega a los dos bordes. Tanto la izquierda como la derecha contienen formas reconocibles; no hay margen prescindible para el cambio de proporción.,Obtener fuente alternativa verificable con márgenes suficientes; no forzar recorte,
AUDIOBOOK,Audiolibros/inventario.csv,144,Los volcanes,"Martí Molist, Joan",Ciencias,https://elibro.puce.elogim.com/es/lc/puce/titulos/233490,"Ciencias/originales/Los volcanes - Martí Molist, Joan.jpg",7a21f7dc6eeff095e4807fe3997214a83b4baefd450ca7a825c2b7f4d42b6bf1,161,impossible,No existe un crop seguro para las marcas protegidas.,"La fotografía de la erupción, ladera y terreno ocupa todo el ancho. Los laterales contienen humo y relieve, por lo que ninguna traslación del recorte conserva la imagen completa.",Obtener fuente alternativa verificable con márgenes suficientes; no forzar recorte,
AUDIOBOOK,Audiolibros/inventario.csv,147,Principios de ecología,José Luis Fontana,Ciencias,https://elibro.puce.elogim.com/es/lc/puce/titulos/78148,Ciencias/originales/Principios de ecología - José Luis Fontana.jpg,ab96cee7f897ba9f06a2c270584d8d5cf4aa2fae54c6f337cf4c65158c7058b2,162,impossible,No existe un crop seguro para las marcas protegidas.,"La fotografía del brote incluye suelo con detalle hasta los dos bordes inferiores. Aunque el fondo superior sea oscuro, no existe una franja vacía de lado a lado en toda la altura.",Obtener fuente alternativa verificable con márgenes suficientes; no forzar recorte,
AUDIOBOOK,Audiolibros/inventario.csv,148,Principios Geología y exploración minera,"Oyarzún Muñoz, Jorge",Ciencias,https://elibro.puce.elogim.com/es/lc/puce/titulos/190901,"Ciencias/originales/Principios Geología y exploración minera - Oyarzún Muñoz, Jorge.jpg",da980247b26a275a642f7230af176db72c33689087d5ceed401f76ee8cd54e66,163,impossible,No existe un crop seguro para las marcas protegidas.,El paisaje minero inferior llega a ambos límites laterales. La gran zona superior lisa no permite recortar el ancho sin eliminar paisaje en la parte inferior.,Obtener fuente alternativa verificable con márgenes suficientes; no forzar recorte,
AUDIOBOOK,Audiolibros/inventario.csv,149,Una historia breve de la astronomía,"Medina Doctor, José",Ciencias,https://elibro.puce.elogim.com/es/lc/puce/titulos/53488,"Ciencias/originales/Una historia breve de la astronomía - Medina Doctor, José.jpg",6e211d0f6511a85e66459c2ea3608b4f2d6ea4305ecf2ef662c74a338b315392,164,impossible,No existe un crop seguro para las marcas protegidas.,La identificación vertical y su recuadro inferior ocupan el borde izquierdo; el mosaico de retratos llega al derecho. No queda una suma de márgenes laterales vacíos suficiente para 6⅔ px.,Obtener fuente alternativa verificable con márgenes suficientes; no forzar recorte,
AUDIOBOOK,Audiolibros/inventario.csv,150,¿Estamos cambiando el clima?,"Viñas, José Miguel",Ciencias,https://elibro.puce.elogim.com/es/lc/puce/titulos/35195,"Ciencias/originales/¿Estamos cambiando el clima - Viñas, José Miguel.jpg",9d3be7745f29a31a4e5fa41a16d4fbddb2b6717c2b938e26b7d58da692f8201d,165,impossible,No existe un crop seguro para las marcas protegidas.,"La inscripción vertical JOSÉ MIGUEL VIÑAS tiene trazos y acentos dentro de los primeros 6⅔ px, confirmado en ampliación de píxeles. La fotografía y los filetes llegan al extremo derecho; desplazar el recorte corta texto o foto.",Obtener fuente alternativa verificable con márgenes suficientes; no forzar recorte,
AUDIOBOOK,Audiolibros/inventario.csv,151,¿Para qué sirve la geología?: el idioma de las piedras,"Regueiro López Barros, Manuel María; Regueiro de Margelina, Macarena",Ciencias,https://elibro.puce.elogim.com/es/lc/puce/titulos/234795,"Ciencias/originales/¿Para qué sirve la geología el idioma de las piedras - Regueiro López Barros, Manuel María; Regueiro de Margelina, Macarena.jpg",5e15055ef946f453e73004a4d4b4c9f6b0dde3ab47cf599a42d8b4ee71ddefdd,166,impossible,No existe un crop seguro para las marcas protegidas.,La fotografía de las formaciones rocosas ocupa ambos laterales arriba y abajo de la banda de título. No existe una franja vacía continua y cualquier desplazamiento elimina imagen.,Obtener fuente alternativa verificable con márgenes suficientes; no forzar recorte,
AUDIOBOOK,Audiolibros/inventario.csv,153,Arduino: curso completo (2a. ed.),"Schmidt, Daniel",Tecnología e Informática,https://elibro.puce.elogim.com/es/lc/puce/titulos/222675,"Tecnología e Informática/originales/Arduino curso completo (2a. ed.) - Schmidt, Daniel.jpg",5dc5e966c061a1df10df97d88d3bd9511c77e283a61054216ed78e2dc4e58183,167,impossible,No existe un crop seguro para las marcas protegidas.,"La foto central tiene aire, pero los filetes paralelos que forman la banda editorial inferior terminan en ambos bordes. No puede retirarse el ancho necesario sin seccionar esos elementos de diseño.",Obtener fuente alternativa verificable con márgenes suficientes; no forzar recorte,
AUDIOBOOK,Audiolibros/inventario.csv,154,Bases de datos,"Ahijado Sánchez, Antonio",Tecnología e Informática,https://elibro.puce.elogim.com/es/lc/puce/titulos/280365,"Tecnología e Informática/originales/Bases de datos - Ahijado Sánchez, Antonio.jpg",c0f3ca314af3b674754b29073a1cb5243bb2e2981782d5d14464c449ee54ea34,168,impossible,No existe un crop seguro para las marcas protegidas.,La fotografía de pasillos de servidores llega a ambos extremos laterales. Los márgenes blancos de las bandas no se extienden por toda la altura; un recorte unilateral también corta foto.,Obtener fuente alternativa verificable con márgenes suficientes; no forzar recorte,
AUDIOBOOK,Audiolibros/inventario.csv,156,Bases de datos distribuidas,Maidel de la Rosa Téllez,Tecnología e Informática,https://elibro.puce.elogim.com/es/lc/puce/titulos/71306,Tecnología e Informática/originales/Bases de datos distribuidas - Maidel de la Rosa Téllez.jpg,b97f1e98b80ceb7c494b83d41a9c09e8f9e40ab56f46656511b23de740addc87,169,impossible,No existe un crop seguro para las marcas protegidas.,"Las líneas ornamentales superiores izquierdas, inferiores derechas y el filete horizontal inferior llegan a los bordes. Ambos lados están ocupados por geometría del diseño; no hay alternativa asimétrica vacía.",Obtener fuente alternativa verificable con márgenes suficientes; no forzar recorte,
AUDIOBOOK,Audiolibros/inventario.csv,157,Diseño de base de datos,"Merchán Manzano, Oswaldo",Tecnología e Informática,https://elibro.puce.elogim.com/es/lc/puce/titulos/233930,"Tecnología e Informática/originales/Diseño de base de datos - Merchán Manzano, Oswaldo.jpg",07bdc16d7247bfab90b6c16f3552eb61cb08ed6699ff5f5c02d2431191d1e6c9,170,impossible,No existe un crop seguro para las marcas protegidas.,"El diagrama azul de cajas y flechas ocupa todo el ancho de la mitad inferior. Cortar por izquierda o derecha elimina trazos reconocibles del diagrama, aunque el encabezado tenga fondo liso.",Obtener fuente alternativa verificable con márgenes suficientes; no forzar recorte,
AUDIOBOOK,Audiolibros/inventario.csv,161,Java 17: programación avanzada,"Vegas Gertrudix, José María",Tecnología e Informática,https://elibro.puce.elogim.com/es/lc/puce/titulos/222668,"Tecnología e Informática/originales/Java 17 programación avanzada - Vegas Gertrudix, José María.jpg",1764c7141ca4d8d8051b19811ec90ffb544d07de4c803076873ea66da175fa02,172,impossible,No existe un crop seguro para las marcas protegidas.,"Los filetes editoriales paralelos inferiores atraviesan el ancho completo y llegan a los dos límites. No hay banda exterior vacía continua, aunque foto y texto principales estén centrados.",Obtener fuente alternativa verificable con márgenes suficientes; no forzar recorte,
AUDIOBOOK,Audiolibros/inventario.csv,162,Java: curso práctico,"Vegas Gertrudix, José María",Tecnología e Informática,https://elibro.puce.elogim.com/es/lc/puce/titulos/222715,"Tecnología e Informática/originales/Java curso práctico - Vegas Gertrudix, José María.jpg",75d6e25b351166d01257426483531e0e88f88d0366e94b5bf4d1ce95f4eff7b1,173,impossible,No existe un crop seguro para las marcas protegidas.,La banda de reglas paralelas que acompaña al logo Ra-Ma llega a ambos bordes. Cualquier recorte lateral secciona reglas del diseño; la foto centrada no cambia ese impedimento.,Obtener fuente alternativa verificable con márgenes suficientes; no forzar recorte,
AUDIOBOOK,Audiolibros/inventario.csv,163,Kali Linux: curso práctico,"Caballero Quezada, Alonso E.",Tecnología e Informática,https://elibro.puce.elogim.com/es/lc/puce/titulos/222673,"Tecnología e Informática/originales/Kali Linux curso práctico - Caballero Quezada, Alonso E..jpg",291226b0da18b97484d238fca8a511757e4046a3d7b9aaf41b57cfeabf7ed66b,174,impossible,No existe un crop seguro para las marcas protegidas.,La banda de franjas negras y amarillas superior y los filetes inferiores llegan a ambos lados. Ninguna distribución de 6⅔ px evita cortar ornamentación.,Obtener fuente alternativa verificable con márgenes suficientes; no forzar recorte,
AUDIOBOOK,Audiolibros/inventario.csv,164,Las bases de Big Data,"Caballero, Rafael; Martín, Enrique",Tecnología e Informática,https://elibro.puce.elogim.com/es/lc/puce/titulos/234185,"Tecnología e Informática/originales/Las bases de Big Data - Caballero, Rafael; Martín, Enrique.jpg",f7ef61d33a05ad4fafdc918eb929e440c2678d7bc15000aff5587c2709d4b07e,175,impossible,No existe un crop seguro para las marcas protegidas.,La fotografía de datos y luces llena los dos bordes de arriba abajo. En la parte baja también hay elementos gráficos junto a los extremos; no existe margen vacío alternativo.,Obtener fuente alternativa verificable con márgenes suficientes; no forzar recorte,
AUDIOBOOK,Audiolibros/inventario.csv,165,Linux avanzado (2a. ed.),"Pérez Rodríguez, María Dolores",Tecnología e Informática,https://elibro.puce.elogim.com/es/lc/puce/titulos/113228,"Tecnología e Informática/originales/Linux avanzado (2a. ed.) - Pérez Rodríguez, María Dolores.jpg",38e3445f8c2193961155d5f10e1e0d4a3d943b988c0a5e0219028fb27d9d0e84,176,impossible,No existe un crop seguro para las marcas protegidas.,El teclado fotográfico alcanza el borde izquierdo y las bandas/filetes rojos y negros inferiores atraviesan ambos bordes. Un recorte derecho evitaría el teclado pero cortaría esas reglas; uno izquierdo corta ambos.,Obtener fuente alternativa verificable con márgenes suficientes; no forzar recorte,
AUDIOBOOK,Audiolibros/inventario.csv,167,Modelos de Inteligencia Artificial,"Rodríguez Muiños, Carlos; Sánchez Lasheras, Fernando",Tecnología e Informática,https://elibro.puce.elogim.com/es/lc/puce/titulos/280358,"Tecnología e Informática/originales/Modelos de Inteligencia Artificial - Rodríguez Muiños, Carlos; Sánchez Lasheras, Fernando.jpg",2b217389b080366b9124de227b7c69fd87d03dee9b09369ea785b0329ddcefb9,177,impossible,No existe un crop seguro para las marcas protegidas.,La ilustración tecnológica azul con formas luminosas y perfil humano llega a los dos extremos laterales. No se puede reunir un margen vacío del ancho requerido desplazando el encuadre.,Obtener fuente alternativa verificable con márgenes suficientes; no forzar recorte,
AUDIOBOOK,Audiolibros/inventario.csv,168,Planificación y administración de redes,"Molina Robles, Francisco José",Tecnología e Informática,https://elibro.puce.elogim.com/es/lc/puce/titulos/106392,"Tecnología e Informática/originales/Planificación y administración de redes - Molina Robles, Francisco José.jpg",921953900f9c68979d8d6f0012963b2d7eaddc07fbcdadefa45400a69773b3b4,178,impossible,No existe un crop seguro para las marcas protegidas.,"El disco y el lateral rojo llegan al borde izquierdo, y la fotografía central continúa hasta el derecho. Un recorte centrado o unilateral corta diseño o fotografía.",Obtener fuente alternativa verificable con márgenes suficientes; no forzar recorte,
AUDIOBOOK,Audiolibros/inventario.csv,169,Programación de inteligencia artificial,"Menéndez García, Luis Alfonso; Sánchez Lasheras, Fernando; Rodríguez Muiños, Carlos",Tecnología e Informática,https://elibro.puce.elogim.com/es/lc/puce/titulos/282037,"Tecnología e Informática/originales/Programación de inteligencia artificial - Menéndez García, Luis Alfonso; Sánchez Lasheras, Fernando; Rodríguez Muiños, Carlos.jpg",7bd2253b8eca8f6198649b1e1e50f334c01aafad301656dbbc718a10b79efc99,179,impossible,No existe un crop seguro para las marcas protegidas.,"La imagen de código, datos y figura luminosa llena ambos lados de la zona central. Las franjas blancas no son un margen vertical continuo; cualquier recorte lateral elimina imagen.",Obtener fuente alternativa verificable con márgenes suficientes; no forzar recorte,
AUDIOBOOK,Audiolibros/inventario.csv,171,Redes de Telecomunicaciones,"Riso, Héctor; Saibene, Omar",Tecnología e Informática,https://elibro.puce.elogim.com/es/lc/puce/titulos/174559,"Tecnología e Informática/originales/Redes de Telecomunicaciones - Riso, Héctor; Saibene, Omar.jpg",0c5ee260b11761f1fb8977cfd671d1856c4afd4eb9ee38601a49e64ea1649498,181,impossible,No existe un crop seguro para las marcas protegidas.,El diagrama central se aproxima a ambos bordes y las reglas horizontales de la franja editorial inferior llegan a los dos lados. No existe una franja exterior íntegramente vacía para recortar 6⅔ px.,Obtener fuente alternativa verificable con márgenes suficientes; no forzar recorte,
AUDIOBOOK,Audiolibros/inventario.csv,173,Retos de programación con juegos. Python y Java,"Nadal Farré, Mariona",Tecnología e Informática,https://elibro.puce.elogim.com/es/lc/puce/titulos/301756,"Tecnología e Informática/originales/Retos de programación con juegos. Python y Java - Nadal Farré, Mariona.jpg",da6373568575991fd6f1fca9da59697f37ce27ec86f76226fe36f96a53a9aad9,182,impossible,No existe un crop seguro para las marcas protegidas.,La fotografía de fichas numéricas llega a los dos extremos superiores. El amarillo liso inferior no permite ningún recorte vertical sin cortar fichas en la parte alta.,Obtener fuente alternativa verificable con márgenes suficientes; no forzar recorte,
AUDIOBOOK,Audiolibros/inventario.csv,175,Seguridad en aplicaciones Web Java,"Ortega Candel, José Manuel",Tecnología e Informática,https://elibro.puce.elogim.com/es/lc/puce/titulos/106511,"Tecnología e Informática/originales/Seguridad en aplicaciones Web Java - Ortega Candel, José Manuel.jpg",fdea9d26fa2b46fb1569b9fe8958346d168239aeb264f1a3109580dbd3ee0f58,183,impossible,No existe un crop seguro para las marcas protegidas.,Las franjas de advertencia superiores y los filetes paralelos editoriales inferiores alcanzan ambos bordes. Desplazar el recorte no evita seccionar estos ornamentos.,Obtener fuente alternativa verificable con márgenes suficientes; no forzar recorte,
AUDIOBOOK,Audiolibros/inventario.csv,176,Servicios en red,"Polo Ortega, Eduardo; Molina Robles, Francisco José",Tecnología e Informática,https://elibro.puce.elogim.com/es/lc/puce/titulos/62455,"Tecnología e Informática/originales/Servicios en red - Polo Ortega, Eduardo; Molina Robles, Francisco José.jpg",57ecfe441a975af01d174f8e62f0f6eb3347b535817c7c5ad31e9b0c74d7b01e,184,impossible,No existe un crop seguro para las marcas protegidas.,El disco superior izquierdo y la fotografía de conectores y cable llegan a los laterales. Tanto un corte izquierdo como uno derecho quita contenido reconocible.,Obtener fuente alternativa verificable con márgenes suficientes; no forzar recorte,
AUDIOBOOK,Audiolibros/inventario.csv,178,Cálculo de probabilidades,"Saavedra Gallardo, Eugenio",Matemáticas,https://elibro.puce.elogim.com/es/lc/puce/titulos/68542,"Matemáticas/originales/Cálculo de probabilidades - Saavedra Gallardo, Eugenio.jpg",bdc011934bfd4f6322b9aa1e69430351a9570334fc536fa4a8301085eb51086b,185,impossible,No existe un crop seguro para las marcas protegidas.,"Los trazos matemáticos y curvas del fondo artístico llegan a ambos bordes. No son únicamente textura uniforme: existen líneas reconocibles dentro de las franjas candidatas, sin margen alternativo suficiente.",Obtener fuente alternativa verificable con márgenes suficientes; no forzar recorte,
AUDIOBOOK,Audiolibros/inventario.csv,179,Cálculo integral (4a. ed.),"Morales Téllez, Fernando; Colín Uribe, María Patricia; Islas Salomón, Celia Araceli",Matemáticas,https://elibro.puce.elogim.com/es/lc/puce/titulos/130344,"Matemáticas/originales/Cálculo integral (4a. ed.) - Morales Téllez, Fernando; Colín Uribe, María Patricia; Islas Salomón, Celia Araceli.jpg",0edfd0c925606167e978261a6fb0c0fbf5745e651cdc0aac789048d6a3f67158,186,impossible,No existe un crop seguro para las marcas protegidas.,Las curvas multicolores y la imagen de expresiones matemáticas llegan a ambos lados. El cambio de proporción requiere cortar líneas o escritura del arte de portada.,Obtener fuente alternativa verificable con márgenes suficientes; no forzar recorte,
AUDIOBOOK,Audiolibros/inventario.csv,180,Cálculo integral y series,José Aguayo,Matemáticas,https://elibro.puce.elogim.com/es/lc/puce/titulos/68429,Matemáticas/originales/Cálculo integral y series - José Aguayo.jpg,c22cf853a64b2cbea6ace737b84d74e88fe6b950c4199a5789b1a7c309a28394,187,impossible,No existe un crop seguro para las marcas protegidas.,"El pie de marca sobre la franja gris está pegado al lado izquierdo, y la fotografía de la cúpula y el logo superior llegan al derecho. No hay 6⅔ px de fondo vacío disponibles entre ambos.",Obtener fuente alternativa verificable con márgenes suficientes; no forzar recorte,
AUDIOBOOK,Audiolibros/inventario.csv,181,Cálculo para ingenierías,"Arboledas Brihuega, David",Matemáticas,https://elibro.puce.elogim.com/es/lc/puce/titulos/280109,"Matemáticas/originales/Cálculo para ingenierías - Arboledas Brihuega, David.jpg",45a77b6bc519452b9b4a182aedc38af41f6b3be464552f63a8184b9924c99956,188,impossible,No existe un crop seguro para las marcas protegidas.,La foto amarilla de la pluma y las fórmulas manuscritas cubre ambos límites laterales. Un recorte en cualquier posición elimina escritura o imagen.,Obtener fuente alternativa verificable con márgenes suficientes; no forzar recorte,
AUDIOBOOK,Audiolibros/inventario.csv,183,Estadística descriptiva,"Monroy Saldívar, Salvador",Matemáticas,https://elibro.puce.elogim.com/es/lc/puce/titulos/74722,"Matemáticas/originales/Estadística descriptiva - Monroy Saldívar, Salvador.jpg",2a34fbc6f0cf4eb9324f0b2a0b2c2d6fc2377063acd7be8e1e41eec97852abc4,189,impossible,No existe un crop seguro para las marcas protegidas.,"El collage de dados, cartas, fichas y ruleta ocupa los dos bordes. No existe margen exterior lateral vacío; desplazar el encuadre solo cambia qué parte del collage se corta.",Obtener fuente alternativa verificable con márgenes suficientes; no forzar recorte,
AUDIOBOOK,Audiolibros/inventario.csv,185,Estadística multivariada,Nancy Lacourly,Matemáticas,https://elibro.puce.elogim.com/es/lc/puce/titulos/68436,Matemáticas/originales/Estadística multivariada - Nancy Lacourly.jpg,9fa6d1a871d37e44d5a0b73e778d0f032b4fe9ec40ef60904c0b6a9fcfb34ff7,190,impossible,No existe un crop seguro para las marcas protegidas.,La marca inferior y la columna de cuadrados grises ocupan la izquierda; la foto del mapa con peones llega a la derecha. No hay franja lateral suficiente que no contenga elementos del diseño.,Obtener fuente alternativa verificable con márgenes suficientes; no forzar recorte,
AUDIOBOOK,Audiolibros/inventario.csv,188,Fundamentos de álgebra (2a. ed.),"Zaldívar, Felipe",Matemáticas,https://elibro.puce.elogim.com/es/lc/puce/titulos/247422,"Matemáticas/originales/Fundamentos de álgebra (2a. ed.) - Zaldívar, Felipe.jpg",a165994859f7f14bfaea4d43bec9319d9977b7dcd970438caa38d3971ba68789,191,impossible,No existe un crop seguro para las marcas protegidas.,El mosaico de casillas con fórmulas y dibujos llega a ambos laterales. La reducción de ancho corta casillas o sus símbolos; las bandas rojas no forman margen lateral continuo.,Obtener fuente alternativa verificable con márgenes suficientes; no forzar recorte,
AUDIOBOOK,Audiolibros/inventario.csv,192,Introducción a la estadística,Nancy Lacourly,Matemáticas,https://elibro.puce.elogim.com/es/lc/puce/titulos/68439,Matemáticas/originales/Introducción a la estadística - Nancy Lacourly.jpg,59f2eefa125600bd3e85b0152f980487945e04e442923d0e9b18eae4daf8c7f4,192,impossible,No existe un crop seguro para las marcas protegidas.,"La columna gris y su logotipo inferior alcanzan la izquierda, mientras la foto panorámica y marca superior alcanzan la derecha. No es posible un desplazamiento que preserve todos esos elementos.",Obtener fuente alternativa verificable con márgenes suficientes; no forzar recorte,
AUDIOBOOK,Audiolibros/inventario.csv,193,Introducción a la geometría,"Rojas Álvarez, Carlos Javier",Matemáticas,https://elibro.puce.elogim.com/es/lc/puce/titulos/69957,"Matemáticas/originales/Introducción a la geometría - Rojas Álvarez, Carlos Javier.jpg",536488d9ca2f1bb310677bc61d3749151591577fee538bcfc89ed6399f076ac4,193,impossible,No existe un crop seguro para las marcas protegidas.,"La trama geométrica de arcos, radios y retícula se extiende hasta ambos bordes. Son líneas dibujadas del diseño y no fondo vacío; cualquier recorte lateral elimina parte de la trama.",Obtener fuente alternativa verificable con márgenes suficientes; no forzar recorte,
AUDIOBOOK,Audiolibros/inventario.csv,194,Introducción al álgebra,"Lewin, Renato",Matemáticas,https://elibro.puce.elogim.com/es/lc/puce/titulos/68426,"Matemáticas/originales/Introducción al álgebra - Lewin, Renato.jpg",ab398599ef2e5677fa94ef254a9e4f106913c2e3d22eaa6d69f7c5e2836c8d59,194,impossible,No existe un crop seguro para las marcas protegidas.,La columna gris con marca inferior llega al borde izquierdo y la fotografía de pizarra y material geométrico llega al derecho. No existe una suma suficiente de márgenes libres para 6⅔ px.,Obtener fuente alternativa verificable con márgenes suficientes; no forzar recorte,
AUDIOBOOK,Audiolibros/inventario.csv,197,Las geometrías y otras revoluciones,"Logares Jiménez, Marina",Matemáticas,https://elibro.puce.elogim.com/es/lc/puce/titulos/105662,"Matemáticas/originales/Las geometrías y otras revoluciones - Logares Jiménez, Marina.jpg",1233276179920b5d2ba4672c00894f9eb19f1f039cd78fa13de9b4384f8a6578,195,impossible,No existe un crop seguro para las marcas protegidas.,El patrón fotográfico de paneles triangulares cubre ambos laterales. Las aristas llegan al borde y se cortarían con cualquier desplazamiento del encuadre.,Obtener fuente alternativa verificable con márgenes suficientes; no forzar recorte,
AUDIOBOOK,Audiolibros/inventario.csv,199,Álgebra en todas partes,"Peña, José Antonio",Matemáticas,https://elibro.puce.elogim.com/es/lc/puce/titulos/110620,"Matemáticas/originales/Álgebra en todas partes - Peña, José Antonio.jpg",0453c6a6b2ae0e9622ae76da00af77cccf5dd990621a10ffc3a491c16361795b,196,impossible,No existe un crop seguro para las marcas protegidas.,"La retícula de hexágonos y otras figuras del fondo alcanza ambos lados, con una pestaña roja además en el borde izquierdo. La ilustración principal no se corta, pero sí geometría del diseño en cualquier recorte lateral.",Obtener fuente alternativa verificable con márgenes suficientes; no forzar recorte,
AUDIOBOOK,Audiolibros/inventario.csv,200,Álgebra matricial,"Gregori Gregori, Valentín; Roig Sala, Bernardino; Estruch Fuster, Vicent",Matemáticas,https://elibro.puce.elogim.com/es/lc/puce/titulos/57450,"Matemáticas/originales/Álgebra matricial - Gregori Gregori, Valentín; Roig Sala, Bernardino; Estruch Fuster, Vicent.jpg",c1322d1c7dcc1598835c6e24e78f18e539e14cc4f49ecbe6872631d6c20a619c,197,impossible,No existe un crop seguro para las marcas protegidas.,La gran a blanca y las fórmulas manuscritas llegan al borde izquierdo; los planos beige de la composición tridimensional llegan al derecho. No hay margen vacío para un recorte centrado o unilateral.,Obtener fuente alternativa verificable con márgenes suficientes; no forzar recorte,
AUDIOBOOK,Audiolibros/inventario.csv,201,Álgebra Superior,"Lara Rodríguez, José Alejandro; Rubio Barrios, Carlos Jacob",Matemáticas,https://elibro.puce.elogim.com/es/lc/puce/titulos/250209,"Matemáticas/originales/Álgebra Superior - Lara Rodríguez, José Alejandro; Rubio Barrios, Carlos Jacob.jpg",d3104cda47d8083c3ef52f37eadd1fa9188a080a667412892d127f318b982fbe,198,impossible,No existe un crop seguro para las marcas protegidas.,"Las fórmulas blancas tenues del fondo alcanzan la franja izquierda y se acercan al extremo derecho; el examen ampliado muestra trazos dentro del corte unilateral derecho de 6⅔ px. Son escritura del diseño, no textura vacía, y no se verifica un reparto lateral suficiente sin cortar trazos.",Obtener fuente alternativa verificable con márgenes suficientes; no forzar recorte,
AUDIOBOOK,Audiolibros/inventario.csv,205,Farmacología cardiovascular - Tomo 1,"Mendoza Goez, Luis",Medicina,https://elibro.puce.elogim.com/es/lc/puce/titulos/274574,"Medicina/originales/Farmacología cardiovascular - Tomo 1 - Mendoza Goez, Luis.jpg",e8a71301ade934dd97c29e83f64a2b776ca8a9dd77406b9c51cd23cbbb8786c7,199,impossible,No existe un crop seguro para las marcas protegidas.,"La imagen tecnológica y corporal inferior ocupa ambos bordes, con costillas/datos a la izquierda y manos y elementos luminosos a la derecha. No existe una banda lateral vacía continua.",Obtener fuente alternativa verificable con márgenes suficientes; no forzar recorte,
AUDIOBOOK,Audiolibros/inventario.csv,206,Farmacología ilustrada: módulo cardiovascular,"Alviz A., Antistio; Coneo B., Alfredo; Contreras P., Neyder",Medicina,https://elibro.puce.elogim.com/es/lc/puce/titulos/297128,"Medicina/originales/Farmacología ilustrada módulo cardiovascular - Alviz A., Antistio; Coneo B., Alfredo; Contreras P., Neyder.jpg",d7d3accadb0d6962776a1840673daee9d7f4b07ac2e9a59a91c01b53915686c1,200,impossible,No existe un crop seguro para las marcas protegidas.,La ilustración anatómica y sus círculos explicativos llenan los dos laterales. Además la marca inferior izquierda entra desde el borde; cualquier distribución del recorte corta contenido.,Obtener fuente alternativa verificable con márgenes suficientes; no forzar recorte,
AUDIOBOOK,Audiolibros/inventario.csv,207,Fisiología de la nutrición (2a. ed.),"Ascencio Peralta, Claudia",Medicina,https://elibro.puce.elogim.com/es/lc/puce/titulos/39767,"Medicina/originales/Fisiología de la nutrición (2a. ed.) - Ascencio Peralta, Claudia.jpg",3bcb29fe93bf8624e7ac456dc95370a00287b305704c478e2f14129b4696dcd4,201,impossible,No existe un crop seguro para las marcas protegidas.,"Los engranajes ilustrados llegan al borde izquierdo y el texto de la marca Apoyo Multimedia entra en la franja derecha de 6⅔ px, confirmado en ampliación. No cabe trasladar todo el recorte a ninguno de los dos lados.",Obtener fuente alternativa verificable con márgenes suficientes; no forzar recorte,
AUDIOBOOK,Audiolibros/inventario.csv,208,Fisiología endocrina (4a. ed.),"Jácome Roca, Alfredo; Ardila Ardila, Enrique; Casas Figueroa, Luz Ángela",Medicina,https://elibro.puce.elogim.com/es/lc/puce/titulos/128361,"Medicina/originales/Fisiología endocrina (4a. ed.) - Jácome Roca, Alfredo; Ardila Ardila, Enrique; Casas Figueroa, Luz Ángela.jpg",83ef4c1d0e4e7f727c6fe203e2bc8158f7569bbb17c19b7b1562fd7e33bfbbb1,202,impossible,No existe un crop seguro para las marcas protegidas.,"El dibujo de cerebro llega al lateral izquierdo, y las ondas y las bandas con nombres llegan al derecho. Son trazos y cajas del diseño; no existe margen vacío suficiente en ninguno de los lados.",Obtener fuente alternativa verificable con márgenes suficientes; no forzar recorte,
AUDIOBOOK,Audiolibros/inventario.csv,209,Fisiología renal y metabolismo hidrosalino,"Gallardo Munizaga, Pedro; Vio Lagos, Carlos Pablo",Medicina,https://elibro.puce.elogim.com/es/lc/puce/titulos/305194,"Medicina/originales/Fisiología renal y metabolismo hidrosalino - Gallardo Munizaga, Pedro; Vio Lagos, Carlos Pablo.jpg",e4f78c3a778c6e5fa0e0a8ca091700323adac89f38a42de8fb68c5c133612d16,203,impossible,No existe un crop seguro para las marcas protegidas.,La microfotografía histológica cubre ambos bordes con células y estructuras reconocibles. Los bloques de título no generan margen lateral; cualquier recorte elimina imagen.,Obtener fuente alternativa verificable con márgenes suficientes; no forzar recorte,
AUDIOBOOK,Audiolibros/inventario.csv,211,Fisiología respiratoria: lo esencial en la práctica clínica (3a. ed.),"Cristancho Gómez, William",Medicina,https://elibro.puce.elogim.com/es/lc/puce/titulos/71152,"Medicina/originales/Fisiología respiratoria lo esencial en la práctica clínica (3a. ed.) - Cristancho Gómez, William.jpg",1cdfff1a573ec3ee762c257e69ac32932fd258bc2b32676a7239809fe92b7ec7,204,impossible,No existe un crop seguro para las marcas protegidas.,La salpicadura de agua cruza todo el ancho y llega a ambos límites. El blanco amplio de otras zonas no permite recortar una franja vertical sin cortar el agua.,Obtener fuente alternativa verificable con márgenes suficientes; no forzar recorte,
AUDIOBOOK,Audiolibros/inventario.csv,214,La compleja interacción biológica y psicológica en la ciencia médica,"García Frade Ruiz, Luis Fernando",Medicina,https://elibro.puce.elogim.com/es/lc/puce/titulos/275721,"Medicina/originales/La compleja interacción biológica y psicológica en la ciencia médica - García Frade Ruiz, Luis Fernando.jpg",bf452f8da3632fddc34dcdf3ef7ad01de8b8b39b59592981d6bc1da1fec98aea,205,impossible,No existe un crop seguro para las marcas protegidas.,"El collage central de líneas, vórtice y formas luminosas se prolonga hasta ambos laterales. No hay margen negro vacío continuo a toda altura, por lo que un recorte unilateral también corta ilustración.",Obtener fuente alternativa verificable con márgenes suficientes; no forzar recorte,
AUDIOBOOK,Audiolibros/inventario.csv,217,Manual de prácticas de neuroanatomía: laboratorio de morfología (2a. ed.),"Martínez, Emilio G.",Medicina,https://elibro.puce.elogim.com/es/lc/puce/titulos/85296,"Medicina/originales/Manual de prácticas de neuroanatomía laboratorio de morfología (2a. ed.) - Martínez, Emilio G..jpg",6f19ec95e7263ec799828bd88ebecde241378ad430cdb42eee15ea2914b92592,206,impossible,No existe un crop seguro para las marcas protegidas.,"Los dibujos de neuronas, siluetas y retícula geométrica llegan a ambos extremos. Cualquier reparto de la reducción de ancho corta ilustración o líneas ornamentales.",Obtener fuente alternativa verificable con márgenes suficientes; no forzar recorte,
AUDIOBOOK,Audiolibros/inventario.csv,218,Neuroanatomía clínica (7a. ed.),"Snell, Richard",Medicina,https://elibro.puce.elogim.com/es/lc/puce/titulos/125029,"Medicina/originales/Neuroanatomía clínica (7a. ed.) - Snell, Richard.jpg",41b0c148a4a7d88f8869c9a7eab8bfcda74c56c47a90cb3b012048680cbea631,207,impossible,No existe un crop seguro para las marcas protegidas.,"La cuadrícula de bloques con microfotografías, imágenes anatómicas y remates gráficos alcanza ambos laterales. No existe margen continuo vacío para quitar el ancho necesario.",Obtener fuente alternativa verificable con márgenes suficientes; no forzar recorte,
AUDIOBOOK,Audiolibros/inventario.csv,219,Neuroanatomía de bolsillo,"Gould, Douglas J.",Medicina,https://elibro.puce.elogim.com/es/lc/puce/titulos/125316,"Medicina/originales/Neuroanatomía de bolsillo - Gould, Douglas J..jpg",20d3be763698268d3a9e6bd4d89a1435f460e74ed4511e87661b809b0832fb7b,208,impossible,No existe un crop seguro para las marcas protegidas.,La ilustración del corte cerebral llega a ambos bordes de la zona blanca. Cortar por cualquiera de los lados quita anatomía; las bandas azules no solucionan la falta de margen a toda altura.,Obtener fuente alternativa verificable con márgenes suficientes; no forzar recorte,
AUDIOBOOK,Audiolibros/inventario.csv,223,Psicopatología y semiología psiquiátrica,"Capponi M., Ricardo",Medicina,https://elibro.puce.elogim.com/es/lc/puce/titulos/284005,"Medicina/originales/Psicopatología y semiología psiquiátrica - Capponi M., Ricardo.jpg",96eca2d84e751cd711568ca2c54dd579917b0ee899e3f277e430160026bb94a4,209,impossible,No existe un crop seguro para las marcas protegidas.,"La reproducción pictórica central llega a ambos extremos, con troncos y figuras junto a los límites. Ninguna distribución lateral de 6⅔ px preserva íntegra la pintura.",Obtener fuente alternativa verificable con márgenes suficientes; no forzar recorte,
AUDIOBOOK,Audiolibros/inventario.csv,224,Semiología del aparato locomotor (13a. ed.),"Gerstner B., Jochen; Gerstner G., Juan Bernardo",Medicina,https://elibro.puce.elogim.com/es/lc/puce/titulos/280789,"Medicina/originales/Semiología del aparato locomotor (13a. ed.) - Gerstner B., Jochen; Gerstner G., Juan Bernardo.jpg",09fecb24831ed222c99d39ca274a5105fb202fcadc29492eec6c67169b51f611,210,impossible,No existe un crop seguro para las marcas protegidas.,Las curvas y líneas luminosas del fondo alcanzan los dos bordes; además la anatomía ilustrada queda cerca del izquierdo. No existe margen vacío que permita conservar toda la ornamentación con un recorte asimétrico.,Obtener fuente alternativa verificable con márgenes suficientes; no forzar recorte,
