format,inventory,row,title,authors,category,source_url,original_file,pending_image,image_sha256,missing_staging_fields,metadata_errors,import_blockers,direct_api_unresolved_fields,optional_null_fields,development_seed_price
AUDIOBOOK,Audiolibros/inventario.csv,2,Cómo comportarse en la multitud: una novela,"[{""nombre"": ""Bordas, Camille"", ""orden"": 1}]",Literatura,https://elibro.puce.elogim.com/es/lc/puce/titulos/117024,"Literatura/originales/Cómo comportarse en la multitud una novela - Bordas, Camille.jpg",covers/generated/digital-batch/pending-images/Audiolibros/Literatura/portadas/audiobook-8a40bb278ab30a3b.webp,b796105c841a842b761e0081af46ddd1b5878d04ee760e4cfecbeef9d3285a41,edicion.editorial;edicion.idioma;edicion.audioDurationSeconds;edicion.narrators,"Falta la editorial.;Falta un idioma válido.;AUDIOBOOK requiere duración positiva, narradores y páginas null.",Sin staging aceptado; sin asignación SKU existente; sin entrada digital en manifiesto normalizado,bookId;publisherId;sku;price (vincular valores existentes/verificados),isbn13;fechaPublicacion,20.00: constante existente del importador de desarrollo; no es precio verificado del lote
AUDIOBOOK,Audiolibros/inventario.csv,3,Cómo se hace una novela,"[{""nombre"": ""Unamuno, Miguel de"", ""orden"": 1}]",Literatura,https://elibro.puce.elogim.com/es/lc/puce/titulos/217630,"Literatura/originales/Cómo se hace una novela - Unamuno, Miguel de.jpg",covers/generated/digital-batch/pending-images/Audiolibros/Literatura/portadas/audiobook-91b68a3cdb70cf6c.webp,853ef54ef26976fa03ce9b1975c75a766b57c9dbce538db0746048fc39015f20,edicion.editorial;edicion.idioma;edicion.audioDurationSeconds;edicion.narrators,"Falta la editorial.;Falta un idioma válido.;AUDIOBOOK requiere duración positiva, narradores y páginas null.",Sin staging aceptado; sin asignación SKU existente; sin entrada digital en manifiesto normalizado,bookId;publisherId;sku;price (vincular valores existentes/verificados),isbn13;fechaPublicacion,20.00: constante existente del importador de desarrollo; no es precio verificado del lote
AUDIOBOOK,Audiolibros/inventario.csv,4,Discurso y conflicto en la novela,"[{""nombre"": ""Parrilla Sotomayor, Eduardo Enrique"", ""orden"": 1}]",Literatura,https://elibro.puce.elogim.com/es/lc/puce/titulos/39117,"Literatura/originales/Discurso y conflicto en la novela - Parrilla Sotomayor, Eduardo Enrique.jpg",covers/generated/digital-batch/pending-images/Audiolibros/Literatura/portadas/audiobook-3ce2558363ac8234.webp,0ed92a8415bdf765ec3cc239734a52e882ded225926c0c3109effa706cffc540,edicion.editorial;edicion.idioma;edicion.audioDurationSeconds;edicion.narrators,"Falta la editorial.;Falta un idioma válido.;AUDIOBOOK requiere duración positiva, narradores y páginas null.",Sin staging aceptado; sin asignación SKU existente; sin entrada digital en manifiesto normalizado,bookId;publisherId;sku;price (vincular valores existentes/verificados),isbn13;fechaPublicacion,20.00: constante existente del importador de desarrollo; no es precio verificado del lote
AUDIOBOOK,Audiolibros/inventario.csv,5,El retorno de los desplazados: novela,"[{""nombre"": ""Gordillo Barahona, Beatriz"", ""orden"": 1}]",Literatura,https://elibro.puce.elogim.com/es/lc/puce/titulos/288325,"Literatura/originales/El retorno de los desplazados novela - Gordillo Barahona, Beatriz.jpg",covers/generated/digital-batch/pending-images/Audiolibros/Literatura/portadas/audiobook-4058fa136c5702ee.webp,f71e1ed0b2219c91e79b8baea873462bca6e31f0fa6230d913890d29b8be3fb0,edicion.editorial;edicion.idioma;edicion.audioDurationSeconds;edicion.narrators,"Falta la editorial.;Falta un idioma válido.;AUDIOBOOK requiere duración positiva, narradores y páginas null.",Sin staging aceptado; sin asignación SKU existente; sin entrada digital en manifiesto normalizado,bookId;publisherId;sku;price (vincular valores existentes/verificados),isbn13;fechaPublicacion,20.00: constante existente del importador de desarrollo; no es precio verificado del lote
AUDIOBOOK,Audiolibros/inventario.csv,7,Está temblando. Novela,"[{""nombre"": ""Pérez de Arce, Hermógenes"", ""orden"": 1}]",Literatura,https://elibro.puce.elogim.com/es/lc/puce/titulos/195499,"Literatura/originales/Está temblando. Novela - Pérez de Arce, Hermógenes.jpg",covers/generated/digital-batch/pending-images/Audiolibros/Literatura/portadas/audiobook-227ccd7c091f9040.webp,69f79ed9bb60133dbcfd7f43833183034d68679d08222eb79c323f89f9e69527,edicion.editorial;edicion.idioma;edicion.audioDurationSeconds;edicion.narrators,"Falta la editorial.;Falta un idioma válido.;AUDIOBOOK requiere duración positiva, narradores y páginas null.",Sin staging aceptado; sin asignación SKU existente; sin entrada digital en manifiesto normalizado,bookId;publisherId;sku;price (vincular valores existentes/verificados),isbn13;fechaPublicacion,20.00: constante existente del importador de desarrollo; no es precio verificado del lote
AUDIOBOOK,Audiolibros/inventario.csv,11,La confesión: novela,"[{""nombre"": ""Hailji"", ""orden"": 1}]",Literatura,https://elibro.puce.elogim.com/es/lc/puce/titulos/270884,Literatura/originales/La confesión novela - Hailji.jpg,covers/generated/digital-batch/pending-images/Audiolibros/Literatura/portadas/audiobook-2de821b1482db906.webp,ee028ef97b6ff9fffa5f328f553fd6f0c90993277f806a1588345c24727efe9d,edicion.editorial;edicion.idioma;edicion.audioDurationSeconds;edicion.narrators,"Falta la editorial.;Falta un idioma válido.;AUDIOBOOK requiere duración positiva, narradores y páginas null.",Sin staging aceptado; sin asignación SKU existente; sin entrada digital en manifiesto normalizado,bookId;publisherId;sku;price (vincular valores existentes/verificados),isbn13;fechaPublicacion,20.00: constante existente del importador de desarrollo; no es precio verificado del lote
AUDIOBOOK,Audiolibros/inventario.csv,15,La novela rosa,"[{""nombre"": ""González Lejárraga, Antonio"", ""orden"": 1}]",Literatura,https://elibro.puce.elogim.com/es/lc/puce/titulos/41629,"Literatura/originales/La novela rosa - González Lejárraga, Antonio.jpg",covers/generated/digital-batch/pending-images/Audiolibros/Literatura/portadas/audiobook-d660454291ad5fa3.webp,b8d36d2f4bac055b4489efe5e66525cd780ae65e161e6a937a373bab4ffba713,edicion.editorial;edicion.idioma;edicion.audioDurationSeconds;edicion.narrators,"Falta la editorial.;Falta un idioma válido.;AUDIOBOOK requiere duración positiva, narradores y páginas null.",Sin staging aceptado; sin asignación SKU existente; sin entrada digital en manifiesto normalizado,bookId;publisherId;sku;price (vincular valores existentes/verificados),isbn13;fechaPublicacion,20.00: constante existente del importador de desarrollo; no es precio verificado del lote
AUDIOBOOK,Audiolibros/inventario.csv,17,Lady Susan y otras novelas,"[{""nombre"": ""Austen, Jane"", ""orden"": 1}]",Literatura,https://elibro.puce.elogim.com/es/lc/puce/titulos/122857,"Literatura/originales/Lady Susan y otras novelas - Austen, Jane.jpg",covers/generated/digital-batch/pending-images/Audiolibros/Literatura/portadas/audiobook-98a1a860b5649584.webp,b1c667819ae20ab71068bba4a716c57ae1ac74ef0df858e2b604422674949a00,edicion.editorial;edicion.idioma;edicion.audioDurationSeconds;edicion.narrators,"Falta la editorial.;Falta un idioma válido.;AUDIOBOOK requiere duración positiva, narradores y páginas null.",Sin staging aceptado; sin asignación SKU existente; sin entrada digital en manifiesto normalizado,bookId;publisherId;sku;price (vincular valores existentes/verificados),isbn13;fechaPublicacion,20.00: constante existente del importador de desarrollo; no es precio verificado del lote
AUDIOBOOK,Audiolibros/inventario.csv,18,Las novelas de Torquemada,"[{""nombre"": ""Pérez Galdós, Benito"", ""orden"": 1}]",Literatura,https://elibro.puce.elogim.com/es/lc/puce/titulos/216008,"Literatura/originales/Las novelas de Torquemada - Pérez Galdós, Benito.jpg",covers/generated/digital-batch/pending-images/Audiolibros/Literatura/portadas/audiobook-2b8c1c97bbc86318.webp,30f48d3d61d39feb53176c61c8792a062bf311d537e47f8f0a186f9e5624d1b7,edicion.editorial;edicion.idioma;edicion.audioDurationSeconds;edicion.narrators,"Falta la editorial.;Falta un idioma válido.;AUDIOBOOK requiere duración positiva, narradores y páginas null.",Sin staging aceptado; sin asignación SKU existente; sin entrada digital en manifiesto normalizado,bookId;publisherId;sku;price (vincular valores existentes/verificados),isbn13;fechaPublicacion,20.00: constante existente del importador de desarrollo; no es precio verificado del lote
AUDIOBOOK,Audiolibros/inventario.csv,19,Novela negra con argentinos,"[{""nombre"": ""Valenzuela, Luisa"", ""orden"": 1}]",Literatura,https://elibro.puce.elogim.com/es/lc/puce/titulos/218933,"Literatura/originales/Novela negra con argentinos - Valenzuela, Luisa.jpg",covers/generated/digital-batch/pending-images/Audiolibros/Literatura/portadas/audiobook-d4d96850c4ea25cb.webp,2c8e064eb148d08034ce544276191146ebdcbf8bb96c31539dc0ce3d97b67b6a,edicion.editorial;edicion.idioma;edicion.audioDurationSeconds;edicion.narrators,"Falta la editorial.;Falta un idioma válido.;AUDIOBOOK requiere duración positiva, narradores y páginas null.",Sin staging aceptado; sin asignación SKU existente; sin entrada digital en manifiesto normalizado,bookId;publisherId;sku;price (vincular valores existentes/verificados),isbn13;fechaPublicacion,20.00: constante existente del importador de desarrollo; no es precio verificado del lote
AUDIOBOOK,Audiolibros/inventario.csv,20,Novelas amorosas y ejemplares,"[{""nombre"": ""Zayas y Sotomayor, María de"", ""orden"": 1}]",Literatura,https://elibro.puce.elogim.com/es/lc/puce/titulos/267853,"Literatura/originales/Novelas amorosas y ejemplares - Zayas y Sotomayor, María de.jpg",covers/generated/digital-batch/pending-images/Audiolibros/Literatura/portadas/audiobook-b917d2622c19f5b7.webp,870e7e1508c423e9823e960ca84f0ca65bb81bb90305a22ca8024f98949ffa42,edicion.editorial;edicion.idioma;edicion.audioDurationSeconds;edicion.narrators,"Falta la editorial.;Falta un idioma válido.;AUDIOBOOK requiere duración positiva, narradores y páginas null.",Sin staging aceptado; sin asignación SKU existente; sin entrada digital en manifiesto normalizado,bookId;publisherId;sku;price (vincular valores existentes/verificados),isbn13;fechaPublicacion,20.00: constante existente del importador de desarrollo; no es precio verificado del lote
AUDIOBOOK,Audiolibros/inventario.csv,26,Valentín: novela histórica,"[{""nombre"": ""Hernández Beltrán, Rosalío"", ""orden"": 1}]",Literatura,https://elibro.puce.elogim.com/es/lc/puce/titulos/39199,"Literatura/originales/Valentín novela histórica - Hernández Beltrán, Rosalío.jpg",covers/generated/digital-batch/pending-images/Audiolibros/Literatura/portadas/audiobook-524d4e31cdfd7fd8.webp,3fff7a27405cc6fb53eb40139c2d0939bba821031084c791c1043019f0ca1e92,edicion.editorial;edicion.idioma;edicion.audioDurationSeconds;edicion.narrators,"Falta la editorial.;Falta un idioma válido.;AUDIOBOOK requiere duración positiva, narradores y páginas null.",Sin staging aceptado; sin asignación SKU existente; sin entrada digital en manifiesto normalizado,bookId;publisherId;sku;price (vincular valores existentes/verificados),isbn13;fechaPublicacion,20.00: constante existente del importador de desarrollo; no es precio verificado del lote
AUDIOBOOK,Audiolibros/inventario.csv,27,Escritos sobre ética,"[{""nombre"": ""García, Camilo"", ""orden"": 1}]",Filosofía,https://elibro.puce.elogim.com/es/lc/puce/titulos/70889,"Filosofía/originales/Escritos sobre ética - García, Camilo.jpg",covers/generated/digital-batch/pending-images/Audiolibros/Filosofia/portadas/audiobook-c7c794efb03c3148.webp,ac9f914c84ec3ac51b928f5b173aace75ff2d0ec9fb1472f8469aec15b39e111,edicion.editorial;edicion.idioma;edicion.audioDurationSeconds;edicion.narrators,"Falta la editorial.;Falta un idioma válido.;AUDIOBOOK requiere duración positiva, narradores y páginas null.",Sin staging aceptado; sin asignación SKU existente; sin entrada digital en manifiesto normalizado,bookId;publisherId;sku;price (vincular valores existentes/verificados),isbn13;fechaPublicacion,20.00: constante existente del importador de desarrollo; no es precio verificado del lote
AUDIOBOOK,Audiolibros/inventario.csv,29,La responsividad ética,"[{""nombre"": ""Patiño González, Susana Magdalena"", ""orden"": 1}]",Filosofía,https://elibro.puce.elogim.com/es/lc/puce/titulos/59505,"Filosofía/originales/La responsividad ética - Patiño González, Susana Magdalena.jpg",covers/generated/digital-batch/pending-images/Audiolibros/Filosofia/portadas/audiobook-43dc30b23ed17e4e.webp,e9bdb93ec6a2c4e180af4694910de9ea29b833779965abf21b25e9a347c826b8,edicion.editorial;edicion.idioma;edicion.audioDurationSeconds;edicion.narrators,"Falta la editorial.;Falta un idioma válido.;AUDIOBOOK requiere duración positiva, narradores y páginas null.",Sin staging aceptado; sin asignación SKU existente; sin entrada digital en manifiesto normalizado,bookId;publisherId;sku;price (vincular valores existentes/verificados),isbn13;fechaPublicacion,20.00: constante existente del importador de desarrollo; no es precio verificado del lote
AUDIOBOOK,Audiolibros/inventario.csv,32,La ética en la era de la tecnociencia,"[{""nombre"": ""Pulgar Castro, Rodrigo"", ""orden"": 1}]",Filosofía,https://elibro.puce.elogim.com/es/lc/puce/titulos/106271,"Filosofía/originales/La ética en la era de la tecnociencia - Pulgar Castro, Rodrigo.jpg",covers/generated/digital-batch/pending-images/Audiolibros/Filosofia/portadas/audiobook-724a798ecab60e86.webp,935a58d015ec74ab44909050759c0b489ccfa0707ab0431d1d26897e2832ef92,edicion.editorial;edicion.idioma;edicion.audioDurationSeconds;edicion.narrators,"Falta la editorial.;Falta un idioma válido.;AUDIOBOOK requiere duración positiva, narradores y páginas null.",Sin staging aceptado; sin asignación SKU existente; sin entrada digital en manifiesto normalizado,bookId;publisherId;sku;price (vincular valores existentes/verificados),isbn13;fechaPublicacion,20.00: constante existente del importador de desarrollo; no es precio verificado del lote
AUDIOBOOK,Audiolibros/inventario.csv,33,La ética explorada,"[{""nombre"": ""González, Ana Marta"", ""orden"": 1}]",Filosofía,https://elibro.puce.elogim.com/es/lc/puce/titulos/47307,"Filosofía/originales/La ética explorada - González, Ana Marta.jpg",covers/generated/digital-batch/pending-images/Audiolibros/Filosofia/portadas/audiobook-2d0a07a10e6b0b80.webp,d53a94099b7328438f40a47dc72cd7d6c7fc36bdbc219d0ddcfb01f77d0354f3,edicion.editorial;edicion.idioma;edicion.audioDurationSeconds;edicion.narrators,"Falta la editorial.;Falta un idioma válido.;AUDIOBOOK requiere duración positiva, narradores y páginas null.",Sin staging aceptado; sin asignación SKU existente; sin entrada digital en manifiesto normalizado,bookId;publisherId;sku;price (vincular valores existentes/verificados),isbn13;fechaPublicacion,20.00: constante existente del importador de desarrollo; no es precio verificado del lote
AUDIOBOOK,Audiolibros/inventario.csv,36,Metafísica de la web,"[{""nombre"": ""Ferraris, Maurizio"", ""orden"": 1}]",Filosofía,https://elibro.puce.elogim.com/es/lc/puce/titulos/159993,"Filosofía/originales/Metafísica de la web - Ferraris, Maurizio.jpg",covers/generated/digital-batch/pending-images/Audiolibros/Filosofia/portadas/audiobook-2e27906c918a7d2d.webp,433fd5eb0390779e870394653668a1cd7e55ae3d70fd8379870f77b41416ada0,edicion.editorial;edicion.idioma;edicion.audioDurationSeconds;edicion.narrators,"Falta la editorial.;Falta un idioma válido.;AUDIOBOOK requiere duración positiva, narradores y páginas null.",Sin staging aceptado; sin asignación SKU existente; sin entrada digital en manifiesto normalizado,bookId;publisherId;sku;price (vincular valores existentes/verificados),isbn13;fechaPublicacion,20.00: constante existente del importador de desarrollo; no es precio verificado del lote
AUDIOBOOK,Audiolibros/inventario.csv,37,¿Hay que desconstruir la metafísica?,"[{""nombre"": ""Aubenque, Pierre"", ""orden"": 1}]",Filosofía,https://elibro.puce.elogim.com/es/lc/puce/titulos/61805,"Filosofía/originales/¿Hay que desconstruir la metafísica - Aubenque, Pierre.jpg",covers/generated/digital-batch/pending-images/Audiolibros/Filosofia/portadas/audiobook-f1fae131a4859d4d.webp,25cff4a036eb2cc53c9b3c3e2e6887afe7ada9a3b87eb35d724f7c84911b5a0b,edicion.editorial;edicion.idioma;edicion.audioDurationSeconds;edicion.narrators,"Falta la editorial.;Falta un idioma válido.;AUDIOBOOK requiere duración positiva, narradores y páginas null.",Sin staging aceptado; sin asignación SKU existente; sin entrada digital en manifiesto normalizado,bookId;publisherId;sku;price (vincular valores existentes/verificados),isbn13;fechaPublicacion,20.00: constante existente del importador de desarrollo; no es precio verificado del lote
AUDIOBOOK,Audiolibros/inventario.csv,38,¿Qué es eso llamado metafísica?,"[{""nombre"": ""Garrett, Brian"", ""orden"": 1}]",Filosofía,https://elibro.puce.elogim.com/es/lc/puce/titulos/45443,"Filosofía/originales/¿Qué es eso llamado metafísica - Garrett, Brian.jpg",covers/generated/digital-batch/pending-images/Audiolibros/Filosofia/portadas/audiobook-1b8619eae91a6a97.webp,92907d30e20f57fc374f8d1655afaf1bfc5597dbde277d75e1cf74e87c8ff6e4,edicion.editorial;edicion.idioma;edicion.audioDurationSeconds;edicion.narrators,"Falta la editorial.;Falta un idioma válido.;AUDIOBOOK requiere duración positiva, narradores y páginas null.",Sin staging aceptado; sin asignación SKU existente; sin entrada digital en manifiesto normalizado,bookId;publisherId;sku;price (vincular valores existentes/verificados),isbn13;fechaPublicacion,20.00: constante existente del importador de desarrollo; no es precio verificado del lote
AUDIOBOOK,Audiolibros/inventario.csv,40,Ética básica (3a. ed.),"[{""nombre"": ""Etxeberria Mauleón, Xabier"", ""orden"": 1}]",Filosofía,https://elibro.puce.elogim.com/es/lc/puce/titulos/34160,"Filosofía/originales/Ética básica (3a. ed.) - Etxeberria Mauleón, Xabier.jpg",covers/generated/digital-batch/pending-images/Audiolibros/Filosofia/portadas/audiobook-1ec4175129c2f6f9.webp,16d2c0d9c6d8cf00beb1c4e4b1626d12cd64cb0426a909063bf7bb2c42d7bb0c,edicion.editorial;edicion.idioma;edicion.audioDurationSeconds;edicion.narrators,"Falta la editorial.;Falta un idioma válido.;AUDIOBOOK requiere duración positiva, narradores y páginas null.",Sin staging aceptado; sin asignación SKU existente; sin entrada digital en manifiesto normalizado,bookId;publisherId;sku;price (vincular valores existentes/verificados),isbn13;fechaPublicacion,20.00: constante existente del importador de desarrollo; no es precio verificado del lote
AUDIOBOOK,Audiolibros/inventario.csv,42,Ética de la comunicación,"[{""nombre"": ""Prado Flores, Rogelio del"", ""orden"": 1}]",Filosofía,https://elibro.puce.elogim.com/es/lc/puce/titulos/128281,"Filosofía/originales/Ética de la comunicación - Prado Flores, Rogelio del.jpg",covers/generated/digital-batch/pending-images/Audiolibros/Filosofia/portadas/audiobook-c922336fdf5b1257.webp,2a2079e80066310aa08819b4beeb118f90212695ee16e5d1672ddb39ffefacf6,edicion.editorial;edicion.idioma;edicion.audioDurationSeconds;edicion.narrators,"Falta la editorial.;Falta un idioma válido.;AUDIOBOOK requiere duración positiva, narradores y páginas null.",Sin staging aceptado; sin asignación SKU existente; sin entrada digital en manifiesto normalizado,bookId;publisherId;sku;price (vincular valores existentes/verificados),isbn13;fechaPublicacion,20.00: constante existente del importador de desarrollo; no es precio verificado del lote
AUDIOBOOK,Audiolibros/inventario.csv,43,Ética de la sexualidad,"[{""nombre"": ""Bonete, Enrique"", ""orden"": 1}]",Filosofía,https://elibro.puce.elogim.com/es/lc/puce/titulos/47807,"Filosofía/originales/Ética de la sexualidad - Bonete, Enrique.jpg",covers/generated/digital-batch/pending-images/Audiolibros/Filosofia/portadas/audiobook-7c148898de839f87.webp,64cdab670767f49b8a3e41bb8f440da876146e797d5d00d1b204ed3db3e5cf61,edicion.editorial;edicion.idioma;edicion.audioDurationSeconds;edicion.narrators,"Falta la editorial.;Falta un idioma válido.;AUDIOBOOK requiere duración positiva, narradores y páginas null.",Sin staging aceptado; sin asignación SKU existente; sin entrada digital en manifiesto normalizado,bookId;publisherId;sku;price (vincular valores existentes/verificados),isbn13;fechaPublicacion,20.00: constante existente del importador de desarrollo; no es precio verificado del lote
AUDIOBOOK,Audiolibros/inventario.csv,44,Ética de las nanotecnologías,"[{""nombre"": ""Ruiz Trujillo, Pere"", ""orden"": 1}]",Filosofía,https://elibro.puce.elogim.com/es/lc/puce/titulos/128199,"Filosofía/originales/Ética de las nanotecnologías - Ruiz Trujillo, Pere.jpg",covers/generated/digital-batch/pending-images/Audiolibros/Filosofia/portadas/audiobook-7af4d1003a034ea7.webp,dffd36793130674623b991a4c79b648f3f33b632a3f5f78c48e49b1552c93d64,edicion.editorial;edicion.idioma;edicion.audioDurationSeconds;edicion.narrators,"Falta la editorial.;Falta un idioma válido.;AUDIOBOOK requiere duración positiva, narradores y páginas null.",Sin staging aceptado; sin asignación SKU existente; sin entrada digital en manifiesto normalizado,bookId;publisherId;sku;price (vincular valores existentes/verificados),isbn13;fechaPublicacion,20.00: constante existente del importador de desarrollo; no es precio verificado del lote
AUDIOBOOK,Audiolibros/inventario.csv,46,Ética general (6a. ed.),"[{""nombre"": ""Rodríguez Luño, Ángel"", ""orden"": 1}]",Filosofía,https://elibro.puce.elogim.com/es/lc/puce/titulos/46946,"Filosofía/originales/Ética general (6a. ed.) - Rodríguez Luño, Ángel.jpg",covers/generated/digital-batch/pending-images/Audiolibros/Filosofia/portadas/audiobook-54322882e821818c.webp,bcbed14ca4b3c51812734437a2169991d3f5ea7b49040152cce3071624e1ec20,edicion.editorial;edicion.idioma;edicion.audioDurationSeconds;edicion.narrators,"Falta la editorial.;Falta un idioma válido.;AUDIOBOOK requiere duración positiva, narradores y páginas null.",Sin staging aceptado; sin asignación SKU existente; sin entrada digital en manifiesto normalizado,bookId;publisherId;sku;price (vincular valores existentes/verificados),isbn13;fechaPublicacion,20.00: constante existente del importador de desarrollo; no es precio verificado del lote
AUDIOBOOK,Audiolibros/inventario.csv,48,Ética y cultura,"[{""nombre"": ""Ricoeur, Paul"", ""orden"": 1}]",Filosofía,https://elibro.puce.elogim.com/es/lc/puce/titulos/191960,"Filosofía/originales/Ética y cultura - Ricoeur, Paul.jpg",covers/generated/digital-batch/pending-images/Audiolibros/Filosofia/portadas/audiobook-c1b41020fd3c464c.webp,bd4320bb20ca202d7bf958baf709824676c6b3bc5624bc42e7ceebd4c5b38f46,edicion.editorial;edicion.idioma;edicion.audioDurationSeconds;edicion.narrators,"Falta la editorial.;Falta un idioma válido.;AUDIOBOOK requiere duración positiva, narradores y páginas null.",Sin staging aceptado; sin asignación SKU existente; sin entrada digital en manifiesto normalizado,bookId;publisherId;sku;price (vincular valores existentes/verificados),isbn13;fechaPublicacion,20.00: constante existente del importador de desarrollo; no es precio verificado del lote
AUDIOBOOK,Audiolibros/inventario.csv,49,Ética y libertad,"[{""nombre"": ""Roman Garate"", ""orden"": 1}]",Filosofía,https://elibro.puce.elogim.com/es/lc/puce/titulos/34123,Filosofía/originales/Ética y libertad - Roman Garate.jpg,covers/generated/digital-batch/pending-images/Audiolibros/Filosofia/portadas/audiobook-d6813d23c882b658.webp,f32d987659b8185fbb0f9fa741dad4b1278d797c71c2672e519ca300fcda33fa,edicion.editorial;edicion.idioma;edicion.audioDurationSeconds;edicion.narrators,"Falta la editorial.;Falta un idioma válido.;AUDIOBOOK requiere duración positiva, narradores y páginas null.",Sin staging aceptado; sin asignación SKU existente; sin entrada digital en manifiesto normalizado,bookId;publisherId;sku;price (vincular valores existentes/verificados),isbn13;fechaPublicacion,20.00: constante existente del importador de desarrollo; no es precio verificado del lote
AUDIOBOOK,Audiolibros/inventario.csv,50,Ética y política,"[{""nombre"": ""Sánchez Vázquez, Adolfo"", ""orden"": 1}]",Filosofía,https://elibro.puce.elogim.com/es/lc/puce/titulos/110932,"Filosofía/originales/Ética y política - Sánchez Vázquez, Adolfo.jpg",covers/generated/digital-batch/pending-images/Audiolibros/Filosofia/portadas/audiobook-e13bdd919ce475f6.webp,a04a3956529a2dcd43d2bd6d9efe6bed98f64ce38ee8ec803c6db9a7ba7e4aaa,edicion.editorial;edicion.idioma;edicion.audioDurationSeconds;edicion.narrators,"Falta la editorial.;Falta un idioma válido.;AUDIOBOOK requiere duración positiva, narradores y páginas null.",Sin staging aceptado; sin asignación SKU existente; sin entrada digital en manifiesto normalizado,bookId;publisherId;sku;price (vincular valores existentes/verificados),isbn13;fechaPublicacion,20.00: constante existente del importador de desarrollo; no es precio verificado del lote
AUDIOBOOK,Audiolibros/inventario.csv,51,Ética y psicoanálisis,"[{""nombre"": ""Fromm, Erich"", ""orden"": 1}]",Filosofía,https://elibro.puce.elogim.com/es/lc/puce/titulos/173449,"Filosofía/originales/Ética y psicoanálisis - Fromm, Erich.jpg",covers/generated/digital-batch/pending-images/Audiolibros/Filosofia/portadas/audiobook-e9c64ba5698c0cc9.webp,22d3b509841304196b22e9cec9429db7417f3a153cbfcc7bf4bca2d1d6e8d144,edicion.editorial;edicion.idioma;edicion.audioDurationSeconds;edicion.narrators,"Falta la editorial.;Falta un idioma válido.;AUDIOBOOK requiere duración positiva, narradores y páginas null.",Sin staging aceptado; sin asignación SKU existente; sin entrada digital en manifiesto normalizado,bookId;publisherId;sku;price (vincular valores existentes/verificados),isbn13;fechaPublicacion,20.00: constante existente del importador de desarrollo; no es precio verificado del lote
AUDIOBOOK,Audiolibros/inventario.csv,52,24 ideas para una psicoterapia breve (2a. ed.),"[{""nombre"": ""Mark Beyebach"", ""orden"": 1}]",Psicología,https://elibro.puce.elogim.com/es/lc/puce/titulos/45760,Psicología/originales/24 ideas para una psicoterapia breve (2a. ed.) - Mark Beyebach.jpg,covers/generated/digital-batch/pending-images/Audiolibros/psicologia/portadas/audiobook-55c9e35ac75d34cf.webp,6611a0c58763e2c68be9f2757ba31debe1affdf9a1addb6fd6d2e4ca7595eab6,edicion.editorial;edicion.idioma;edicion.audioDurationSeconds;edicion.narrators,"Falta la editorial.;Falta un idioma válido.;AUDIOBOOK requiere duración positiva, narradores y páginas null.",Sin staging aceptado; sin asignación SKU existente; sin entrada digital en manifiesto normalizado,bookId;publisherId;sku;price (vincular valores existentes/verificados),isbn13;fechaPublicacion,20.00: constante existente del importador de desarrollo; no es precio verificado del lote
AUDIOBOOK,Audiolibros/inventario.csv,54,Constructivismo y psicoterapia (3a. ed.),"[{""nombre"": ""Feixas Viaplana, Guillem; Villegas Besora, Manuel"", ""orden"": 1}]",Psicología,https://elibro.puce.elogim.com/es/lc/puce/titulos/47644,"Psicología/originales/Constructivismo y psicoterapia (3a. ed.) - Feixas Viaplana, Guillem; Villegas Besora, Manuel.jpg",covers/generated/digital-batch/pending-images/Audiolibros/psicologia/portadas/audiobook-4a795b65bdfd9ca1.webp,00cff5b9af71ae90cd33245f26af053c5934933f3ff3021ba701ce8eb0eb21e3,edicion.editorial;edicion.idioma;edicion.audioDurationSeconds;edicion.narrators,"Falta la editorial.;Falta un idioma válido.;AUDIOBOOK requiere duración positiva, narradores y páginas null.",Sin staging aceptado; sin asignación SKU existente; sin entrada digital en manifiesto normalizado,bookId;publisherId;sku;price (vincular valores existentes/verificados),isbn13;fechaPublicacion,20.00: constante existente del importador de desarrollo; no es precio verificado del lote
AUDIOBOOK,Audiolibros/inventario.csv,55,Crítica de la psicoterapia integrativa,"[{""nombre"": ""Guillermo Cepeda Armijos"", ""orden"": 1}]",Psicología,https://elibro.puce.elogim.com/es/lc/puce/titulos/79874,Psicología/originales/Crítica de la psicoterapia integrativa - Guillermo Cepeda Armijos.jpg,covers/generated/digital-batch/pending-images/Audiolibros/psicologia/portadas/audiobook-6e39f5b1f9e5f84f.webp,2748cac3f39219d3c6577f751145c923c7bf7109613ff4dd95b71aeb2d924ae3,edicion.editorial;edicion.idioma;edicion.audioDurationSeconds;edicion.narrators,"Falta la editorial.;Falta un idioma válido.;AUDIOBOOK requiere duración positiva, narradores y páginas null.",Sin staging aceptado; sin asignación SKU existente; sin entrada digital en manifiesto normalizado,bookId;publisherId;sku;price (vincular valores existentes/verificados),isbn13;fechaPublicacion,20.00: constante existente del importador de desarrollo; no es precio verificado del lote
AUDIOBOOK,Audiolibros/inventario.csv,56,Escritos de psicoterapia cognitiva,"[{""nombre"": ""Keegan, Eduardo"", ""orden"": 1}]",Psicología,https://elibro.puce.elogim.com/es/lc/puce/titulos/66218,"Psicología/originales/Escritos de psicoterapia cognitiva - Keegan, Eduardo.jpg",covers/generated/digital-batch/pending-images/Audiolibros/psicologia/portadas/audiobook-b2d3df9243256b1b.webp,ebd90f80a420e2269c9462804bf94faa5d08eca218fdf18e478290d36502ee82,edicion.editorial;edicion.idioma;edicion.audioDurationSeconds;edicion.narrators,"Falta la editorial.;Falta un idioma válido.;AUDIOBOOK requiere duración positiva, narradores y páginas null.",Sin staging aceptado; sin asignación SKU existente; sin entrada digital en manifiesto normalizado,bookId;publisherId;sku;price (vincular valores existentes/verificados),isbn13;fechaPublicacion,20.00: constante existente del importador de desarrollo; no es precio verificado del lote
AUDIOBOOK,Audiolibros/inventario.csv,57,Historia de la psicología,"[{""nombre"": ""Santamaría, Carlos"", ""orden"": 1}]",Psicología,https://elibro.puce.elogim.com/es/lc/puce/titulos/293923,"Psicología/originales/Historia de la psicología - Santamaría, Carlos.jpg",covers/generated/digital-batch/pending-images/Audiolibros/psicologia/portadas/audiobook-37f13fad292b679a.webp,2d968ef9c5ceb108af325ccce5f0fb8de301e8e93a6ee03b88a99807790e52fa,edicion.editorial;edicion.idioma;edicion.audioDurationSeconds;edicion.narrators,"Falta la editorial.;Falta un idioma válido.;AUDIOBOOK requiere duración positiva, narradores y páginas null.",Sin staging aceptado; sin asignación SKU existente; sin entrada digital en manifiesto normalizado,bookId;publisherId;sku;price (vincular valores existentes/verificados),isbn13;fechaPublicacion,20.00: constante existente del importador de desarrollo; no es precio verificado del lote
AUDIOBOOK,Audiolibros/inventario.csv,58,Historia de la psicología en Colombia,"[{""nombre"": ""Ardila, Rubén"", ""orden"": 1}]",Psicología,https://elibro.puce.elogim.com/es/lc/puce/titulos/71159,"Psicología/originales/Historia de la psicología en Colombia - Ardila, Rubén.jpg",covers/generated/digital-batch/pending-images/Audiolibros/psicologia/portadas/audiobook-515007baa9e819ef.webp,0514e5a68d103a6528a185c88c412cadc3b373b414e23cc0a3c7ee11f5e4dcb5,edicion.editorial;edicion.idioma;edicion.audioDurationSeconds;edicion.narrators,"Falta la editorial.;Falta un idioma válido.;AUDIOBOOK requiere duración positiva, narradores y páginas null.",Sin staging aceptado; sin asignación SKU existente; sin entrada digital en manifiesto normalizado,bookId;publisherId;sku;price (vincular valores existentes/verificados),isbn13;fechaPublicacion,20.00: constante existente del importador de desarrollo; no es precio verificado del lote
AUDIOBOOK,Audiolibros/inventario.csv,60,Lecciones de psicología cognitiva,"[{""nombre"": ""Fernández, Humberto"", ""orden"": 1}]",Psicología,https://elibro.puce.elogim.com/es/lc/puce/titulos/77154,"Psicología/originales/Lecciones de psicología cognitiva - Fernández, Humberto.jpg",covers/generated/digital-batch/pending-images/Audiolibros/psicologia/portadas/audiobook-c66b08fc14cb351c.webp,0efaea0199010648f6b292dcb88c800cb235e36a624128b1967ac56cf588982c,edicion.editorial;edicion.idioma;edicion.audioDurationSeconds;edicion.narrators,"Falta la editorial.;Falta un idioma válido.;AUDIOBOOK requiere duración positiva, narradores y páginas null.",Sin staging aceptado; sin asignación SKU existente; sin entrada digital en manifiesto normalizado,bookId;publisherId;sku;price (vincular valores existentes/verificados),isbn13;fechaPublicacion,20.00: constante existente del importador de desarrollo; no es precio verificado del lote
AUDIOBOOK,Audiolibros/inventario.csv,62,Principios de una psicoterapia de la psicosis,"[{""nombre"": ""Álvarez, José María"", ""orden"": 1}]",Psicología,https://elibro.puce.elogim.com/es/lc/puce/titulos/128573,"Psicología/originales/Principios de una psicoterapia de la psicosis - Álvarez, José María.jpg",covers/generated/digital-batch/pending-images/Audiolibros/psicologia/portadas/audiobook-688c3a28f1d3c7da.webp,ea23342e2f9fb086c3ba8e178c995f00d9bf704b27151f0efcd99b4d05f69afb,edicion.editorial;edicion.idioma;edicion.audioDurationSeconds;edicion.narrators,"Falta la editorial.;Falta un idioma válido.;AUDIOBOOK requiere duración positiva, narradores y páginas null.",Sin staging aceptado; sin asignación SKU existente; sin entrada digital en manifiesto normalizado,bookId;publisherId;sku;price (vincular valores existentes/verificados),isbn13;fechaPublicacion,20.00: constante existente del importador de desarrollo; no es precio verificado del lote
AUDIOBOOK,Audiolibros/inventario.csv,65,Psicología de la música,"[{""nombre"": ""Schön, Daniele; Akiva-Kabiri, Lilach; Vecchi, Tomaso"", ""orden"": 1}]",Psicología,https://elibro.puce.elogim.com/es/lc/puce/titulos/216569,"Psicología/originales/Psicología de la música - Schön, Daniele; Akiva-Kabiri, Lilach; Vecchi, Tomaso.jpg",covers/generated/digital-batch/pending-images/Audiolibros/psicologia/portadas/audiobook-75d305b10d871ee4.webp,31d3bd8f7f5e178fe04c2d79f1a913e21742c518dc06d6b36b48d7e60e6ad43d,edicion.editorial;edicion.idioma;edicion.audioDurationSeconds;edicion.narrators,"Falta la editorial.;Falta un idioma válido.;AUDIOBOOK requiere duración positiva, narradores y páginas null.",Sin staging aceptado; sin asignación SKU existente; sin entrada digital en manifiesto normalizado,bookId;publisherId;sku;price (vincular valores existentes/verificados),isbn13;fechaPublicacion,20.00: constante existente del importador de desarrollo; no es precio verificado del lote
AUDIOBOOK,Audiolibros/inventario.csv,67,Psicología del crecimiento interior,"[{""nombre"": ""Ramírez Villafáñez, Amado"", ""orden"": 1}]",Psicología,https://elibro.puce.elogim.com/es/lc/puce/titulos/63002,"Psicología/originales/Psicología del crecimiento interior - Ramírez Villafáñez, Amado.jpg",covers/generated/digital-batch/pending-images/Audiolibros/psicologia/portadas/audiobook-392b2831c54b8b36.webp,d2c57fec75585ee01fb249eceb45c077f1708f6fb0aafce68d9115025e24c2d7,edicion.editorial;edicion.idioma;edicion.audioDurationSeconds;edicion.narrators,"Falta la editorial.;Falta un idioma válido.;AUDIOBOOK requiere duración positiva, narradores y páginas null.",Sin staging aceptado; sin asignación SKU existente; sin entrada digital en manifiesto normalizado,bookId;publisherId;sku;price (vincular valores existentes/verificados),isbn13;fechaPublicacion,20.00: constante existente del importador de desarrollo; no es precio verificado del lote
AUDIOBOOK,Audiolibros/inventario.csv,68,Psicología del delincuente,"[{""nombre"": ""Pollitz, Paul"", ""orden"": 1}]",Psicología,https://elibro.puce.elogim.com/es/lc/puce/titulos/240116,"Psicología/originales/Psicología del delincuente - Pollitz, Paul.jpg",covers/generated/digital-batch/pending-images/Audiolibros/psicologia/portadas/audiobook-bc5d121d338cba2f.webp,7ef8d42c7ece6a651188d6a97dbaaa1ffb6fb0df6445bff261e3de6c7fbb7c02,edicion.editorial;edicion.idioma;edicion.audioDurationSeconds;edicion.narrators,"Falta la editorial.;Falta un idioma válido.;AUDIOBOOK requiere duración positiva, narradores y páginas null.",Sin staging aceptado; sin asignación SKU existente; sin entrada digital en manifiesto normalizado,bookId;publisherId;sku;price (vincular valores existentes/verificados),isbn13;fechaPublicacion,20.00: constante existente del importador de desarrollo; no es precio verificado del lote
AUDIOBOOK,Audiolibros/inventario.csv,70,Psicología del Poder,"[{""nombre"": ""Población, Pablo"", ""orden"": 1}]",Psicología,https://elibro.puce.elogim.com/es/lc/puce/titulos/189415,"Psicología/originales/Psicología del Poder - Población, Pablo.jpg",covers/generated/digital-batch/pending-images/Audiolibros/psicologia/portadas/audiobook-2958ef439959c6b6.webp,0577aa4a63da2d7232e5bf150a9ceb62b07086d6459b0d3321c5225fe8da5990,edicion.editorial;edicion.idioma;edicion.audioDurationSeconds;edicion.narrators,"Falta la editorial.;Falta un idioma válido.;AUDIOBOOK requiere duración positiva, narradores y páginas null.",Sin staging aceptado; sin asignación SKU existente; sin entrada digital en manifiesto normalizado,bookId;publisherId;sku;price (vincular valores existentes/verificados),isbn13;fechaPublicacion,20.00: constante existente del importador de desarrollo; no es precio verificado del lote
AUDIOBOOK,Audiolibros/inventario.csv,74,"Psicoterapia, asesoramiento y consejería (2a. ed.)","[{""nombre"": ""Lucio Balarezo Chiriboga"", ""orden"": 1}]",Psicología,https://elibro.puce.elogim.com/es/lc/puce/titulos/80166,"Psicología/originales/Psicoterapia, asesoramiento y consejería (2a. ed.) - Lucio Balarezo Chiriboga.jpg",covers/generated/digital-batch/pending-images/Audiolibros/psicologia/portadas/audiobook-fc7e8871dd33f964.webp,1de08b400baa0b8625ee764dc25dca4c40d2592f93ebd920f36139587c388067,edicion.editorial;edicion.idioma;edicion.audioDurationSeconds;edicion.narrators,"Falta la editorial.;Falta un idioma válido.;AUDIOBOOK requiere duración positiva, narradores y páginas null.",Sin staging aceptado; sin asignación SKU existente; sin entrada digital en manifiesto normalizado,bookId;publisherId;sku;price (vincular valores existentes/verificados),isbn13;fechaPublicacion,20.00: constante existente del importador de desarrollo; no es precio verificado del lote
AUDIOBOOK,Audiolibros/inventario.csv,75,Temas de psicología práctica,"[{""nombre"": ""Sarráis Oteo, Fernando"", ""orden"": 1}]",Psicología,https://elibro.puce.elogim.com/es/lc/puce/titulos/47120,"Psicología/originales/Temas de psicología práctica - Sarráis Oteo, Fernando.jpg",covers/generated/digital-batch/pending-images/Audiolibros/psicologia/portadas/audiobook-b3f705160d54dbfe.webp,dc3388e7233ff27baf5e24eff4482b6ab4df4c7b23d4aea6a470ce57e02c6072,edicion.editorial;edicion.idioma;edicion.audioDurationSeconds;edicion.narrators,"Falta la editorial.;Falta un idioma válido.;AUDIOBOOK requiere duración positiva, narradores y páginas null.",Sin staging aceptado; sin asignación SKU existente; sin entrada digital en manifiesto normalizado,bookId;publisherId;sku;price (vincular valores existentes/verificados),isbn13;fechaPublicacion,20.00: constante existente del importador de desarrollo; no es precio verificado del lote
AUDIOBOOK,Audiolibros/inventario.csv,76,Teoría y técnica de la psicoterapia psicoanalítica,"[{""nombre"": ""González Núñez, José de Jesús; Rodríguez Cortés, María del Pilar"", ""orden"": 1}]",Psicología,https://elibro.puce.elogim.com/es/lc/puce/titulos/75485,"Psicología/originales/Teoría y técnica de la psicoterapia psicoanalítica - González Núñez, José de Jesús; Rodríguez Cortés, María del Pilar.jpg",covers/generated/digital-batch/pending-images/Audiolibros/psicologia/portadas/audiobook-fcd4ee9a90e733d4.webp,b4d903c8565afba817059546be3d42449a3f1dce609264dbcdfad6339d25bd86,edicion.editorial;edicion.idioma;edicion.audioDurationSeconds;edicion.narrators,"Falta la editorial.;Falta un idioma válido.;AUDIOBOOK requiere duración positiva, narradores y páginas null.",Sin staging aceptado; sin asignación SKU existente; sin entrada digital en manifiesto normalizado,bookId;publisherId;sku;price (vincular valores existentes/verificados),isbn13;fechaPublicacion,20.00: constante existente del importador de desarrollo; no es precio verificado del lote
AUDIOBOOK,Audiolibros/inventario.csv,77,Cleopatra: una vida,"[{""nombre"": ""Schiff, Stacy"", ""orden"": 1}]",Historia,https://elibro.puce.elogim.com/es/lc/puce/titulos/247386,"Historia/originales/Cleopatra una vida - Schiff, Stacy.jpg",covers/generated/digital-batch/pending-images/Audiolibros/historia/portadas/audiobook-5ffda6c39b6efed0.webp,353e0c91e77eb0452fb71f904e216d019a77f89288f1497582b7dda363bfe668,edicion.editorial;edicion.idioma;edicion.audioDurationSeconds;edicion.narrators,"Falta la editorial.;Falta un idioma válido.;AUDIOBOOK requiere duración positiva, narradores y páginas null.",Sin staging aceptado; sin asignación SKU existente; sin entrada digital en manifiesto normalizado,bookId;publisherId;sku;price (vincular valores existentes/verificados),isbn13;fechaPublicacion,20.00: constante existente del importador de desarrollo; no es precio verificado del lote
AUDIOBOOK,Audiolibros/inventario.csv,79,Historia mínima de Brasil,"[{""nombre"": ""Fausto, Boris"", ""orden"": 1}]",Historia,https://elibro.puce.elogim.com/es/lc/puce/titulos/226347,"Historia/originales/Historia mínima de Brasil - Fausto, Boris.jpg",covers/generated/digital-batch/pending-images/Audiolibros/historia/portadas/audiobook-c010fe1dc07ad8d9.webp,a4799f49d6444b83413f95a22adb5c68d1ac8923afbc1ce506265db213e6ac14,edicion.editorial;edicion.idioma;edicion.audioDurationSeconds;edicion.narrators,"Falta la editorial.;Falta un idioma válido.;AUDIOBOOK requiere duración positiva, narradores y páginas null.",Sin staging aceptado; sin asignación SKU existente; sin entrada digital en manifiesto normalizado,bookId;publisherId;sku;price (vincular valores existentes/verificados),isbn13;fechaPublicacion,20.00: constante existente del importador de desarrollo; no es precio verificado del lote
AUDIOBOOK,Audiolibros/inventario.csv,80,Historia mínima de Centroamérica,"[{""nombre"": ""Pastor, Rodolfo"", ""orden"": 1}]",Historia,https://elibro.puce.elogim.com/es/lc/puce/titulos/193611,"Historia/originales/Historia mínima de Centroamérica - Pastor, Rodolfo.jpg",covers/generated/digital-batch/pending-images/Audiolibros/historia/portadas/audiobook-c5aaef0d8aa67d63.webp,e9e58003fe2e5b9546a5f9f9be9e6aa897ee1d211b9f737fb8ddfd4bd8d30c26,edicion.editorial;edicion.idioma;edicion.audioDurationSeconds;edicion.narrators,"Falta la editorial.;Falta un idioma válido.;AUDIOBOOK requiere duración positiva, narradores y páginas null.",Sin staging aceptado; sin asignación SKU existente; sin entrada digital en manifiesto normalizado,bookId;publisherId;sku;price (vincular valores existentes/verificados),isbn13;fechaPublicacion,20.00: constante existente del importador de desarrollo; no es precio verificado del lote
AUDIOBOOK,Audiolibros/inventario.csv,81,Historia mínima de Chile,"[{""nombre"": ""Sagredo Baeza, Rafael"", ""orden"": 1}]",Historia,https://elibro.puce.elogim.com/es/lc/puce/titulos/193635,"Historia/originales/Historia mínima de Chile - Sagredo Baeza, Rafael.jpg",covers/generated/digital-batch/pending-images/Audiolibros/historia/portadas/audiobook-93b9e1556ed1909c.webp,1d927443fb51cef8c0d2025358808adfa8679ecd2d48ef2818a1d7c0e5c4b8e1,edicion.editorial;edicion.idioma;edicion.audioDurationSeconds;edicion.narrators,"Falta la editorial.;Falta un idioma válido.;AUDIOBOOK requiere duración positiva, narradores y páginas null.",Sin staging aceptado; sin asignación SKU existente; sin entrada digital en manifiesto normalizado,bookId;publisherId;sku;price (vincular valores existentes/verificados),isbn13;fechaPublicacion,20.00: constante existente del importador de desarrollo; no es precio verificado del lote
AUDIOBOOK,Audiolibros/inventario.csv,82,Historia mínima de Cuba,"[{""nombre"": ""Zanetti Lecuona, Oscar"", ""orden"": 1}]",Historia,https://elibro.puce.elogim.com/es/lc/puce/titulos/193629,"Historia/originales/Historia mínima de Cuba - Zanetti Lecuona, Oscar.jpg",covers/generated/digital-batch/pending-images/Audiolibros/historia/portadas/audiobook-8353ef125b47830b.webp,32b4139c5145118f9bee8fbb6b0c4679c2ba1169a667e4ef17ea09b74a88a936,edicion.editorial;edicion.idioma;edicion.audioDurationSeconds;edicion.narrators,"Falta la editorial.;Falta un idioma válido.;AUDIOBOOK requiere duración positiva, narradores y páginas null.",Sin staging aceptado; sin asignación SKU existente; sin entrada digital en manifiesto normalizado,bookId;publisherId;sku;price (vincular valores existentes/verificados),isbn13;fechaPublicacion,20.00: constante existente del importador de desarrollo; no es precio verificado del lote
AUDIOBOOK,Audiolibros/inventario.csv,83,Historia mínima de Filipinas,"[{""nombre"": ""Machuca Chávez, Paulina"", ""orden"": 1}]",Historia,https://elibro.puce.elogim.com/es/lc/puce/titulos/194884,"Historia/originales/Historia mínima de Filipinas - Machuca Chávez, Paulina.jpg",covers/generated/digital-batch/pending-images/Audiolibros/historia/portadas/audiobook-5ce7895763a94ba2.webp,b983d1e8997c85d4c01a4f8596af87b0f8e5c1f44ad852977e95d1295e1ae5f3,edicion.editorial;edicion.idioma;edicion.audioDurationSeconds;edicion.narrators,"Falta la editorial.;Falta un idioma válido.;AUDIOBOOK requiere duración positiva, narradores y páginas null.",Sin staging aceptado; sin asignación SKU existente; sin entrada digital en manifiesto normalizado,bookId;publisherId;sku;price (vincular valores existentes/verificados),isbn13;fechaPublicacion,20.00: constante existente del importador de desarrollo; no es precio verificado del lote
AUDIOBOOK,Audiolibros/inventario.csv,84,Historia mínima de Israel,"[{""nombre"": ""Sznajder, Mario"", ""orden"": 1}]",Historia,https://elibro.puce.elogim.com/es/lc/puce/titulos/214100,"Historia/originales/Historia mínima de Israel - Sznajder, Mario.jpg",covers/generated/digital-batch/pending-images/Audiolibros/historia/portadas/audiobook-3e4cdaec6f0f53ba.webp,af92c3c98a60df22c4a42b82923e20935fa5a409f6b8369ee125e12dd6126fad,edicion.editorial;edicion.idioma;edicion.audioDurationSeconds;edicion.narrators,"Falta la editorial.;Falta un idioma válido.;AUDIOBOOK requiere duración positiva, narradores y páginas null.",Sin staging aceptado; sin asignación SKU existente; sin entrada digital en manifiesto normalizado,bookId;publisherId;sku;price (vincular valores existentes/verificados),isbn13;fechaPublicacion,20.00: constante existente del importador de desarrollo; no es precio verificado del lote
AUDIOBOOK,Audiolibros/inventario.csv,85,Historia mínima de la deuda externa de Latinoamérica,"[{""nombre"": ""Marichal Salinas, Carlos"", ""orden"": 1}]",Historia,https://elibro.puce.elogim.com/es/lc/puce/titulos/193604,"Historia/originales/Historia mínima de la deuda externa de Latinoamérica - Marichal Salinas, Carlos.jpg",covers/generated/digital-batch/pending-images/Audiolibros/historia/portadas/audiobook-4fe7602af2ff65e0.webp,54fbe7390903e77cfe48795cb233e8de5ff6d5a0e4fada3bc643b0cd5f183989,edicion.editorial;edicion.idioma;edicion.audioDurationSeconds;edicion.narrators,"Falta la editorial.;Falta un idioma válido.;AUDIOBOOK requiere duración positiva, narradores y páginas null.",Sin staging aceptado; sin asignación SKU existente; sin entrada digital en manifiesto normalizado,bookId;publisherId;sku;price (vincular valores existentes/verificados),isbn13;fechaPublicacion,20.00: constante existente del importador de desarrollo; no es precio verificado del lote
AUDIOBOOK,Audiolibros/inventario.csv,86,Historia mínima de la eugenesia en América Latina,"[{""nombre"": ""Reggiani, Andrés Horacio"", ""orden"": 1}]",Historia,https://elibro.puce.elogim.com/es/lc/puce/titulos/194927,"Historia/originales/Historia mínima de la eugenesia en América Latina - Reggiani, Andrés Horacio.jpg",covers/generated/digital-batch/pending-images/Audiolibros/historia/portadas/audiobook-c43379ed1e172b68.webp,7f29f1be1dbab154ca9f794d40a66e2588a49cbbb30a9d397da70ad31db9227e,edicion.editorial;edicion.idioma;edicion.audioDurationSeconds;edicion.narrators,"Falta la editorial.;Falta un idioma válido.;AUDIOBOOK requiere duración positiva, narradores y páginas null.",Sin staging aceptado; sin asignación SKU existente; sin entrada digital en manifiesto normalizado,bookId;publisherId;sku;price (vincular valores existentes/verificados),isbn13;fechaPublicacion,20.00: constante existente del importador de desarrollo; no es precio verificado del lote
AUDIOBOOK,Audiolibros/inventario.csv,87,Historia mínima de la globalización temprana,"[{""nombre"": ""Hausberger, Bernd"", ""orden"": 1}]",Historia,https://elibro.puce.elogim.com/es/lc/puce/titulos/194996,"Historia/originales/Historia mínima de la globalización temprana - Hausberger, Bernd.jpg",covers/generated/digital-batch/pending-images/Audiolibros/historia/portadas/audiobook-8a8026589089416b.webp,9b1865917a87c87f644b851fd6fea709a21643d9927c9b22ffeeb05896def73d,edicion.editorial;edicion.idioma;edicion.audioDurationSeconds;edicion.narrators,"Falta la editorial.;Falta un idioma válido.;AUDIOBOOK requiere duración positiva, narradores y páginas null.",Sin staging aceptado; sin asignación SKU existente; sin entrada digital en manifiesto normalizado,bookId;publisherId;sku;price (vincular valores existentes/verificados),isbn13;fechaPublicacion,20.00: constante existente del importador de desarrollo; no es precio verificado del lote
AUDIOBOOK,Audiolibros/inventario.csv,88,Historia mínima de la Inquisición,"[{""nombre"": ""Torres Puga, Gabriel"", ""orden"": 1}]",Historia,https://elibro.puce.elogim.com/es/lc/puce/titulos/194928,"Historia/originales/Historia mínima de la Inquisición - Torres Puga, Gabriel.jpg",covers/generated/digital-batch/pending-images/Audiolibros/historia/portadas/audiobook-176d5792f8d5303e.webp,252735602ded6168a5c17f26063d31f5eb512867a2824371cdcfcfd1bffad0ae,edicion.editorial;edicion.idioma;edicion.audioDurationSeconds;edicion.narrators,"Falta la editorial.;Falta un idioma válido.;AUDIOBOOK requiere duración positiva, narradores y páginas null.",Sin staging aceptado; sin asignación SKU existente; sin entrada digital en manifiesto normalizado,bookId;publisherId;sku;price (vincular valores existentes/verificados),isbn13;fechaPublicacion,20.00: constante existente del importador de desarrollo; no es precio verificado del lote
AUDIOBOOK,Audiolibros/inventario.csv,89,Historia mínima de la Revolución cubana,"[{""nombre"": ""Rojas, Rafael"", ""orden"": 1}]",Historia,https://elibro.puce.elogim.com/es/lc/puce/titulos/193640,"Historia/originales/Historia mínima de la Revolución cubana - Rojas, Rafael.jpg",covers/generated/digital-batch/pending-images/Audiolibros/historia/portadas/audiobook-f3621ba9427d736d.webp,6198efed4b8a07b37dc7aa4af418cb3afd0d3f0e3220965a2d88bdd1136c320e,edicion.editorial;edicion.idioma;edicion.audioDurationSeconds;edicion.narrators,"Falta la editorial.;Falta un idioma válido.;AUDIOBOOK requiere duración positiva, narradores y páginas null.",Sin staging aceptado; sin asignación SKU existente; sin entrada digital en manifiesto normalizado,bookId;publisherId;sku;price (vincular valores existentes/verificados),isbn13;fechaPublicacion,20.00: constante existente del importador de desarrollo; no es precio verificado del lote
AUDIOBOOK,Audiolibros/inventario.csv,90,Historia mínima de la transición democrática en México,"[{""nombre"": ""Woldenberg, José"", ""orden"": 1}]",Historia,https://elibro.puce.elogim.com/es/lc/puce/titulos/193613,"Historia/originales/Historia mínima de la transición democrática en México - Woldenberg, José.jpg",covers/generated/digital-batch/pending-images/Audiolibros/historia/portadas/audiobook-2882f30b93bec4e1.webp,07bf4e5269f82cdd458e103943681f206cb5f164f6931c4a763075876cc87b25,edicion.editorial;edicion.idioma;edicion.audioDurationSeconds;edicion.narrators,"Falta la editorial.;Falta un idioma válido.;AUDIOBOOK requiere duración positiva, narradores y páginas null.",Sin staging aceptado; sin asignación SKU existente; sin entrada digital en manifiesto normalizado,bookId;publisherId;sku;price (vincular valores existentes/verificados),isbn13;fechaPublicacion,20.00: constante existente del importador de desarrollo; no es precio verificado del lote
AUDIOBOOK,Audiolibros/inventario.csv,91,Historia mínima de las constituciones en México,"[{""nombre"": ""Serrano Migallón, Fernando"", ""orden"": 1}]",Historia,https://elibro.puce.elogim.com/es/lc/puce/titulos/193644,"Historia/originales/Historia mínima de las constituciones en México - Serrano Migallón, Fernando.jpg",covers/generated/digital-batch/pending-images/Audiolibros/historia/portadas/audiobook-8bfa074835747bda.webp,67ab06f448931e53e55238dbd862953cd9ab625a07115b7c8c8ab5e4f059fb44,edicion.editorial;edicion.idioma;edicion.audioDurationSeconds;edicion.narrators,"Falta la editorial.;Falta un idioma válido.;AUDIOBOOK requiere duración positiva, narradores y páginas null.",Sin staging aceptado; sin asignación SKU existente; sin entrada digital en manifiesto normalizado,bookId;publisherId;sku;price (vincular valores existentes/verificados),isbn13;fechaPublicacion,20.00: constante existente del importador de desarrollo; no es precio verificado del lote
AUDIOBOOK,Audiolibros/inventario.csv,92,Historia mínima de las izquierdas en México,"[{""nombre"": ""Rodríguez Kuri, Ariel"", ""orden"": 1}]",Historia,https://elibro.puce.elogim.com/es/lc/puce/titulos/194932,"Historia/originales/Historia mínima de las izquierdas en México - Rodríguez Kuri, Ariel.jpg",covers/generated/digital-batch/pending-images/Audiolibros/historia/portadas/audiobook-68e899b54c542016.webp,da4d8fcb7da8aafc4bcdc80f4ef8a01eb82224f7447f97a00b9ca01996081525,edicion.editorial;edicion.idioma;edicion.audioDurationSeconds;edicion.narrators,"Falta la editorial.;Falta un idioma válido.;AUDIOBOOK requiere duración positiva, narradores y páginas null.",Sin staging aceptado; sin asignación SKU existente; sin entrada digital en manifiesto normalizado,bookId;publisherId;sku;price (vincular valores existentes/verificados),isbn13;fechaPublicacion,20.00: constante existente del importador de desarrollo; no es precio verificado del lote
AUDIOBOOK,Audiolibros/inventario.csv,93,Historia mínima de los judíos en la antigüedad,"[{""nombre"": ""Roitman, Adolfo D."", ""orden"": 1}]",Historia,https://elibro.puce.elogim.com/es/lc/puce/titulos/194893,"Historia/originales/Historia mínima de los judíos en la antigüedad - Roitman, Adolfo D..jpg",covers/generated/digital-batch/pending-images/Audiolibros/historia/portadas/audiobook-cf1f2cbe3ef1e9db.webp,21854e1958e2886d811c7d4329fea8bb9447ceb4cdc815f91406039b57395176,edicion.editorial;edicion.idioma;edicion.audioDurationSeconds;edicion.narrators,"Falta la editorial.;Falta un idioma válido.;AUDIOBOOK requiere duración positiva, narradores y páginas null.",Sin staging aceptado; sin asignación SKU existente; sin entrada digital en manifiesto normalizado,bookId;publisherId;sku;price (vincular valores existentes/verificados),isbn13;fechaPublicacion,20.00: constante existente del importador de desarrollo; no es precio verificado del lote
AUDIOBOOK,Audiolibros/inventario.csv,94,Historia mínima de Perú,"[{""nombre"": ""Contreras, Carlos; Zuloaga, Marina"", ""orden"": 1}]",Historia,https://elibro.puce.elogim.com/es/lc/puce/titulos/193634,"Historia/originales/Historia mínima de Perú - Contreras, Carlos; Zuloaga, Marina.jpg",covers/generated/digital-batch/pending-images/Audiolibros/historia/portadas/audiobook-659960efe616ad92.webp,b8c006b332efed8ebc7c494a932f6541c147819b8a21f951b541b2d4128d9088,edicion.editorial;edicion.idioma;edicion.audioDurationSeconds;edicion.narrators,"Falta la editorial.;Falta un idioma válido.;AUDIOBOOK requiere duración positiva, narradores y páginas null.",Sin staging aceptado; sin asignación SKU existente; sin entrada digital en manifiesto normalizado,bookId;publisherId;sku;price (vincular valores existentes/verificados),isbn13;fechaPublicacion,20.00: constante existente del importador de desarrollo; no es precio verificado del lote
AUDIOBOOK,Audiolibros/inventario.csv,95,Historia mínima de Rusia,"[{""nombre"": ""Matos Franco, Rainer María"", ""orden"": 1}]",Historia,https://elibro.puce.elogim.com/es/lc/puce/titulos/214112,"Historia/originales/Historia mínima de Rusia - Matos Franco, Rainer María.jpg",covers/generated/digital-batch/pending-images/Audiolibros/historia/portadas/audiobook-3df916b31d9a1795.webp,c48bb14e87e9c86a7a3c1c490c527b14ed822e7625fc33cfc68c21ae0dad3094,edicion.editorial;edicion.idioma;edicion.audioDurationSeconds;edicion.narrators,"Falta la editorial.;Falta un idioma válido.;AUDIOBOOK requiere duración positiva, narradores y páginas null.",Sin staging aceptado; sin asignación SKU existente; sin entrada digital en manifiesto normalizado,bookId;publisherId;sku;price (vincular valores existentes/verificados),isbn13;fechaPublicacion,20.00: constante existente del importador de desarrollo; no es precio verificado del lote
AUDIOBOOK,Audiolibros/inventario.csv,96,Historia mínima de Uruguay,"[{""nombre"": ""Caetano, Gerardo"", ""orden"": 1}]",Historia,https://elibro.puce.elogim.com/es/lc/puce/titulos/194885,"Historia/originales/Historia mínima de Uruguay - Caetano, Gerardo.jpg",covers/generated/digital-batch/pending-images/Audiolibros/historia/portadas/audiobook-b86df2c25680b773.webp,b87a9677da5494c936b8ddc8b4589172de5bcbf29d35ecc4ada78428e63c4fbb,edicion.editorial;edicion.idioma;edicion.audioDurationSeconds;edicion.narrators,"Falta la editorial.;Falta un idioma válido.;AUDIOBOOK requiere duración positiva, narradores y páginas null.",Sin staging aceptado; sin asignación SKU existente; sin entrada digital en manifiesto normalizado,bookId;publisherId;sku;price (vincular valores existentes/verificados),isbn13;fechaPublicacion,20.00: constante existente del importador de desarrollo; no es precio verificado del lote
AUDIOBOOK,Audiolibros/inventario.csv,97,Historia mínima del PRI,"[{""nombre"": ""Hernández Rodríguez, Rogelio"", ""orden"": 1}]",Historia,https://elibro.puce.elogim.com/es/lc/puce/titulos/194981,"Historia/originales/Historia mínima del PRI - Hernández Rodríguez, Rogelio.jpg",covers/generated/digital-batch/pending-images/Audiolibros/historia/portadas/audiobook-7411ad44a2e96d63.webp,97fdee242717125ed84c3e23ead263d95a1bcc1664ec2302b3c8ea84dbb6a04b,edicion.editorial;edicion.idioma;edicion.audioDurationSeconds;edicion.narrators,"Falta la editorial.;Falta un idioma válido.;AUDIOBOOK requiere duración positiva, narradores y páginas null.",Sin staging aceptado; sin asignación SKU existente; sin entrada digital en manifiesto normalizado,bookId;publisherId;sku;price (vincular valores existentes/verificados),isbn13;fechaPublicacion,20.00: constante existente del importador de desarrollo; no es precio verificado del lote
AUDIOBOOK,Audiolibros/inventario.csv,98,Historia mínima del Tequila,"[{""nombre"": ""Muria, José M."", ""orden"": 1}]",Historia,https://elibro.puce.elogim.com/es/lc/puce/titulos/287524,"Historia/originales/Historia mínima del Tequila - Muria, José M..jpg",covers/generated/digital-batch/pending-images/Audiolibros/historia/portadas/audiobook-0387aad921ca05d3.webp,acc75ef16ee0928e54736170dddbaef0a5f5b546b963957d5ef853d19fb2d981,edicion.editorial;edicion.idioma;edicion.audioDurationSeconds;edicion.narrators,"Falta la editorial.;Falta un idioma válido.;AUDIOBOOK requiere duración positiva, narradores y páginas null.",Sin staging aceptado; sin asignación SKU existente; sin entrada digital en manifiesto normalizado,bookId;publisherId;sku;price (vincular valores existentes/verificados),isbn13;fechaPublicacion,20.00: constante existente del importador de desarrollo; no es precio verificado del lote
AUDIOBOOK,Audiolibros/inventario.csv,99,Los hombres del faraón: el ejército a finales del Reino Nuevo en el Antiguo Egipto,"[{""nombre"": ""Alonso García, José"", ""orden"": 1}]",Historia,https://elibro.puce.elogim.com/es/lc/puce/titulos/34085,"Historia/originales/Los hombres del faraón el ejército a finales del Reino Nuevo en el Antiguo Egipto - Alonso García, José.jpg",covers/generated/digital-batch/pending-images/Audiolibros/historia/portadas/audiobook-d29c2b72f2da902e.webp,488c35a2b7c5d635a471d90afb3dfccb116b36a6f7acdf709dae5c89ab35dd86,edicion.editorial;edicion.idioma;edicion.audioDurationSeconds;edicion.narrators,"Falta la editorial.;Falta un idioma válido.;AUDIOBOOK requiere duración positiva, narradores y páginas null.",Sin staging aceptado; sin asignación SKU existente; sin entrada digital en manifiesto normalizado,bookId;publisherId;sku;price (vincular valores existentes/verificados),isbn13;fechaPublicacion,20.00: constante existente del importador de desarrollo; no es precio verificado del lote
AUDIOBOOK,Audiolibros/inventario.csv,101,"Pirámides, templos y estrellas: astronomía y arqueología en el Egipto antiguo","[{""nombre"": ""Belmonte Avilés, Juan Antonio"", ""orden"": 1}]",Historia,https://elibro.puce.elogim.com/es/lc/puce/titulos/293627,"Historia/originales/Pirámides, templos y estrellas astronomía y arqueología en el Egipto antiguo - Belmonte Avilés, Juan Antonio.jpg",covers/generated/digital-batch/pending-images/Audiolibros/historia/portadas/audiobook-be5cb4237d0c750c.webp,00a4ab0116ed4e2cdd690e38a02d33de851b7306ede43b77dedc9b09a1915d0f,edicion.editorial;edicion.idioma;edicion.audioDurationSeconds;edicion.narrators,"Falta la editorial.;Falta un idioma válido.;AUDIOBOOK requiere duración positiva, narradores y páginas null.",Sin staging aceptado; sin asignación SKU existente; sin entrada digital en manifiesto normalizado,bookId;publisherId;sku;price (vincular valores existentes/verificados),isbn13;fechaPublicacion,20.00: constante existente del importador de desarrollo; no es precio verificado del lote
AUDIOBOOK,Audiolibros/inventario.csv,106,Antropología de la religión,"[{""nombre"": ""Duch, Lluís"", ""orden"": 1}]",Ciencias Sociales,https://elibro.puce.elogim.com/es/lc/puce/titulos/45819,"Ciencias Sociales/originales/Antropología de la religión - Duch, Lluís.jpg",covers/generated/digital-batch/pending-images/Audiolibros/ciencias-sociales/portadas/audiobook-3d0d136ef42177f4.webp,681c86f7012239f5e8226ce8c4364f27d7f002687e94ee89a314667fb074c82b,edicion.editorial;edicion.idioma;edicion.audioDurationSeconds;edicion.narrators,"Falta la editorial.;Falta un idioma válido.;AUDIOBOOK requiere duración positiva, narradores y páginas null.",Sin staging aceptado; sin asignación SKU existente; sin entrada digital en manifiesto normalizado,bookId;publisherId;sku;price (vincular valores existentes/verificados),isbn13;fechaPublicacion,20.00: constante existente del importador de desarrollo; no es precio verificado del lote
AUDIOBOOK,Audiolibros/inventario.csv,107,Antropología de la sexualidad (2a. ed.),"[{""nombre"": ""Choza, Jacinto"", ""orden"": 1}]",Ciencias Sociales,https://elibro.puce.elogim.com/es/lc/puce/titulos/59981,"Ciencias Sociales/originales/Antropología de la sexualidad (2a. ed.) - Choza, Jacinto.jpg",covers/generated/digital-batch/pending-images/Audiolibros/ciencias-sociales/portadas/audiobook-73771c507c8407af.webp,d2eccebff0721ebe3f3a5ccdcb0d290abe08a36910c9fbb48c204aba11b92dc4,edicion.editorial;edicion.idioma;edicion.audioDurationSeconds;edicion.narrators,"Falta la editorial.;Falta un idioma válido.;AUDIOBOOK requiere duración positiva, narradores y páginas null.",Sin staging aceptado; sin asignación SKU existente; sin entrada digital en manifiesto normalizado,bookId;publisherId;sku;price (vincular valores existentes/verificados),isbn13;fechaPublicacion,20.00: constante existente del importador de desarrollo; no es precio verificado del lote
AUDIOBOOK,Audiolibros/inventario.csv,110,"Cultura, antropología y otras tonterías","[{""nombre"": ""Ángel Díaz de Rada"", ""orden"": 1}]",Ciencias Sociales,https://elibro.puce.elogim.com/es/lc/puce/titulos/61258,"Ciencias Sociales/originales/Cultura, antropología y otras tonterías - Ángel Díaz de Rada.jpg",covers/generated/digital-batch/pending-images/Audiolibros/ciencias-sociales/portadas/audiobook-7f4d556e0ebc44b3.webp,6426eb226d4cdc174e1e6cb306d6aa459651855f04a9b001269a556e8e6815b8,edicion.editorial;edicion.idioma;edicion.audioDurationSeconds;edicion.narrators,"Falta la editorial.;Falta un idioma válido.;AUDIOBOOK requiere duración positiva, narradores y páginas null.",Sin staging aceptado; sin asignación SKU existente; sin entrada digital en manifiesto normalizado,bookId;publisherId;sku;price (vincular valores existentes/verificados),isbn13;fechaPublicacion,20.00: constante existente del importador de desarrollo; no es precio verificado del lote
AUDIOBOOK,Audiolibros/inventario.csv,111,Diccionario básico de antropología,"[{""nombre"": ""Campo A., A. Lorena"", ""orden"": 1}]",Ciencias Sociales,https://elibro.puce.elogim.com/es/lc/puce/titulos/79954,"Ciencias Sociales/originales/Diccionario básico de antropología - Campo A., A. Lorena.jpg",covers/generated/digital-batch/pending-images/Audiolibros/ciencias-sociales/portadas/audiobook-f14fc023b95afe6b.webp,7c38a4a76226a50e9eb87bf9ae9f67f216ca18c47ac40b7345f1bb408b41e9c8,edicion.editorial;edicion.idioma;edicion.audioDurationSeconds;edicion.narrators,"Falta la editorial.;Falta un idioma válido.;AUDIOBOOK requiere duración positiva, narradores y páginas null.",Sin staging aceptado; sin asignación SKU existente; sin entrada digital en manifiesto normalizado,bookId;publisherId;sku;price (vincular valores existentes/verificados),isbn13;fechaPublicacion,20.00: constante existente del importador de desarrollo; no es precio verificado del lote
AUDIOBOOK,Audiolibros/inventario.csv,113,Manual de Sociología de la Familia,"[{""nombre"": ""Donati, Pierpaolo"", ""orden"": 1}]",Ciencias Sociales,https://elibro.puce.elogim.com/es/lc/puce/titulos/47451,"Ciencias Sociales/originales/Manual de Sociología de la Familia - Donati, Pierpaolo.jpg",covers/generated/digital-batch/pending-images/Audiolibros/ciencias-sociales/portadas/audiobook-066ff6da2eef4a7c.webp,b801a08072fc861ef156ce2b7983a0822021a0af8290e663f750c302578705db,edicion.editorial;edicion.idioma;edicion.audioDurationSeconds;edicion.narrators,"Falta la editorial.;Falta un idioma válido.;AUDIOBOOK requiere duración positiva, narradores y páginas null.",Sin staging aceptado; sin asignación SKU existente; sin entrada digital en manifiesto normalizado,bookId;publisherId;sku;price (vincular valores existentes/verificados),isbn13;fechaPublicacion,20.00: constante existente del importador de desarrollo; no es precio verificado del lote
AUDIOBOOK,Audiolibros/inventario.csv,114,Paisajes de antropología urbana,"[{""nombre"": ""Cátedra, María"", ""orden"": 1}]",Ciencias Sociales,https://elibro.puce.elogim.com/es/lc/puce/titulos/59734,"Ciencias Sociales/originales/Paisajes de antropología urbana - Cátedra, María.jpg",covers/generated/digital-batch/pending-images/Audiolibros/ciencias-sociales/portadas/audiobook-37860ea43ea9c32a.webp,6a218fbec916705c6501141990370a1e7686ac227a3ae366447bd9e4efb9fc60,edicion.editorial;edicion.idioma;edicion.audioDurationSeconds;edicion.narrators,"Falta la editorial.;Falta un idioma válido.;AUDIOBOOK requiere duración positiva, narradores y páginas null.",Sin staging aceptado; sin asignación SKU existente; sin entrada digital en manifiesto normalizado,bookId;publisherId;sku;price (vincular valores existentes/verificados),isbn13;fechaPublicacion,20.00: constante existente del importador de desarrollo; no es precio verificado del lote
AUDIOBOOK,Audiolibros/inventario.csv,119,Sociología criminal,"[{""nombre"": ""Ferri, Enrico"", ""orden"": 1}]",Ciencias Sociales,https://elibro.puce.elogim.com/es/lc/puce/titulos/251021,"Ciencias Sociales/originales/Sociología criminal - Ferri, Enrico.jpg",covers/generated/digital-batch/pending-images/Audiolibros/ciencias-sociales/portadas/audiobook-da60551f03495d38.webp,0fde21aafefbb915f3311adb73cbc6e078861d70a05e50cfd2671e30ecaa0577,edicion.editorial;edicion.idioma;edicion.audioDurationSeconds;edicion.narrators,"Falta la editorial.;Falta un idioma válido.;AUDIOBOOK requiere duración positiva, narradores y páginas null.",Sin staging aceptado; sin asignación SKU existente; sin entrada digital en manifiesto normalizado,bookId;publisherId;sku;price (vincular valores existentes/verificados),isbn13;fechaPublicacion,20.00: constante existente del importador de desarrollo; no es precio verificado del lote
AUDIOBOOK,Audiolibros/inventario.csv,124,Sociología del Renacimiento,"[{""nombre"": ""Martín, Alfred von"", ""orden"": 1}]",Ciencias Sociales,https://elibro.puce.elogim.com/es/lc/puce/titulos/110396,"Ciencias Sociales/originales/Sociología del Renacimiento - Martín, Alfred von.jpg",covers/generated/digital-batch/pending-images/Audiolibros/ciencias-sociales/portadas/audiobook-6e184162cc357663.webp,79c8593fef38e7465d63cfdb3bb99f8ea99d4bf7abea53c7db0e06f761156788,edicion.editorial;edicion.idioma;edicion.audioDurationSeconds;edicion.narrators,"Falta la editorial.;Falta un idioma válido.;AUDIOBOOK requiere duración positiva, narradores y páginas null.",Sin staging aceptado; sin asignación SKU existente; sin entrada digital en manifiesto normalizado,bookId;publisherId;sku;price (vincular valores existentes/verificados),isbn13;fechaPublicacion,20.00: constante existente del importador de desarrollo; no es precio verificado del lote
AUDIOBOOK,Audiolibros/inventario.csv,127,Apuntes de ecología microbiana,"[{""nombre"": ""Gutiérrez Castrejón, Teodoro"", ""orden"": 1}]",Ciencias,https://elibro.puce.elogim.com/es/lc/puce/titulos/72775,"Ciencias/originales/Apuntes de ecología microbiana - Gutiérrez Castrejón, Teodoro.jpg",covers/generated/digital-batch/pending-images/Audiolibros/ciencias/portadas/audiobook-e8a8d5d56c6bbdae.webp,bd1bcd21e34fece00274580fa871a586afdd1b0834b834efb0c5df79f82161ed,edicion.editorial;edicion.idioma;edicion.audioDurationSeconds;edicion.narrators,"Falta la editorial.;Falta un idioma válido.;AUDIOBOOK requiere duración positiva, narradores y páginas null.",Sin staging aceptado; sin asignación SKU existente; sin entrada digital en manifiesto normalizado,bookId;publisherId;sku;price (vincular valores existentes/verificados),isbn13;fechaPublicacion,20.00: constante existente del importador de desarrollo; no es precio verificado del lote
AUDIOBOOK,Audiolibros/inventario.csv,129,Astronomía: de la tierra al cosmos,"[{""nombre"": ""Zandanel, Armando Eugenio"", ""orden"": 1}]",Ciencias,https://elibro.puce.elogim.com/es/lc/puce/titulos/112787,"Ciencias/originales/Astronomía de la tierra al cosmos - Zandanel, Armando Eugenio.jpg",covers/generated/digital-batch/pending-images/Audiolibros/ciencias/portadas/audiobook-2a754808d8c97445.webp,9b4680698e44ef0fabdf73b568b8db7d4323a1537e5633313b975d24eb81a1b8,edicion.editorial;edicion.idioma;edicion.audioDurationSeconds;edicion.narrators,"Falta la editorial.;Falta un idioma válido.;AUDIOBOOK requiere duración positiva, narradores y páginas null.",Sin staging aceptado; sin asignación SKU existente; sin entrada digital en manifiesto normalizado,bookId;publisherId;sku;price (vincular valores existentes/verificados),isbn13;fechaPublicacion,20.00: constante existente del importador de desarrollo; no es precio verificado del lote
AUDIOBOOK,Audiolibros/inventario.csv,130,Botánica aplicada,"[{""nombre"": ""Molina Abril, José Antonio"", ""orden"": 1}]",Ciencias,https://elibro.puce.elogim.com/es/lc/puce/titulos/131465,"Ciencias/originales/Botánica aplicada - Molina Abril, José Antonio.jpg",covers/generated/digital-batch/pending-images/Audiolibros/ciencias/portadas/audiobook-f8ceb3a2ee2a1163.webp,f6b7c7b69ea9cac1b3ca7e7636b11e8035c3e913689dc54afca7846bfcac1841,edicion.editorial;edicion.idioma;edicion.audioDurationSeconds;edicion.narrators,"Falta la editorial.;Falta un idioma válido.;AUDIOBOOK requiere duración positiva, narradores y páginas null.",Sin staging aceptado; sin asignación SKU existente; sin entrada digital en manifiesto normalizado,bookId;publisherId;sku;price (vincular valores existentes/verificados),isbn13;fechaPublicacion,20.00: constante existente del importador de desarrollo; no es precio verificado del lote
AUDIOBOOK,Audiolibros/inventario.csv,132,Colapso: cuando el clima lo cambia todo,"[{""nombre"": ""Baquedano, Manuel"", ""orden"": 1}]",Ciencias,https://elibro.puce.elogim.com/es/lc/puce/titulos/190898,"Ciencias/originales/Colapso cuando el clima lo cambia todo - Baquedano, Manuel.jpg",covers/generated/digital-batch/pending-images/Audiolibros/ciencias/portadas/audiobook-ea66d96a5be19bc6.webp,81a4e74c8cc76366e75375b74df4344670c11161110c8c6f112aead272b9c613,edicion.editorial;edicion.idioma;edicion.audioDurationSeconds;edicion.narrators,"Falta la editorial.;Falta un idioma válido.;AUDIOBOOK requiere duración positiva, narradores y páginas null.",Sin staging aceptado; sin asignación SKU existente; sin entrada digital en manifiesto normalizado,bookId;publisherId;sku;price (vincular valores existentes/verificados),isbn13;fechaPublicacion,20.00: constante existente del importador de desarrollo; no es precio verificado del lote
AUDIOBOOK,Audiolibros/inventario.csv,135,Ecología del Paisaje,"[{""nombre"": ""Farina, Almo"", ""orden"": 1}]",Ciencias,https://elibro.puce.elogim.com/es/lc/puce/titulos/60609,"Ciencias/originales/Ecología del Paisaje - Farina, Almo.jpg",covers/generated/digital-batch/pending-images/Audiolibros/ciencias/portadas/audiobook-b734e320648e8926.webp,14670e5cb00496d5fbd72ae39c837e0a1ea889734da030eb3b4eb5fcbcee16d1,edicion.editorial;edicion.idioma;edicion.audioDurationSeconds;edicion.narrators,"Falta la editorial.;Falta un idioma válido.;AUDIOBOOK requiere duración positiva, narradores y páginas null.",Sin staging aceptado; sin asignación SKU existente; sin entrada digital en manifiesto normalizado,bookId;publisherId;sku;price (vincular valores existentes/verificados),isbn13;fechaPublicacion,20.00: constante existente del importador de desarrollo; no es precio verificado del lote
AUDIOBOOK,Audiolibros/inventario.csv,137,Glosario botánico ilustrado,"[{""nombre"": ""Esteras Pérez, Francisco Javier; Sanchis Duato, Enrique"", ""orden"": 1}]",Ciencias,https://elibro.puce.elogim.com/es/lc/puce/titulos/219257,"Ciencias/originales/Glosario botánico ilustrado - Esteras Pérez, Francisco Javier; Sanchis Duato, Enrique.jpg",covers/generated/digital-batch/pending-images/Audiolibros/ciencias/portadas/audiobook-9ce9ae3a37f15e8d.webp,79bf819e201440b36c5b782ed1babe1202a1533b852183e4c0eb501d4c5ccfd2,edicion.editorial;edicion.idioma;edicion.audioDurationSeconds;edicion.narrators,"Falta la editorial.;Falta un idioma válido.;AUDIOBOOK requiere duración positiva, narradores y páginas null.",Sin staging aceptado; sin asignación SKU existente; sin entrada digital en manifiesto normalizado,bookId;publisherId;sku;price (vincular valores existentes/verificados),isbn13;fechaPublicacion,20.00: constante existente del importador de desarrollo; no es precio verificado del lote
AUDIOBOOK,Audiolibros/inventario.csv,140,Introducción a la geología (2a. ed.),"[{""nombre"": ""Iriondo, Martín Horacio"", ""orden"": 1}]",Ciencias,https://elibro.puce.elogim.com/es/lc/puce/titulos/78025,"Ciencias/originales/Introducción a la geología (2a. ed.) - Iriondo, Martín Horacio.jpg",covers/generated/digital-batch/pending-images/Audiolibros/ciencias/portadas/audiobook-b57cdac6c1c6043b.webp,7f1bd2431a36932e6b1cd5b3e99cffad8fd2e2df19a8a9fea7f59abeb5262b50,edicion.editorial;edicion.idioma;edicion.audioDurationSeconds;edicion.narrators,"Falta la editorial.;Falta un idioma válido.;AUDIOBOOK requiere duración positiva, narradores y páginas null.",Sin staging aceptado; sin asignación SKU existente; sin entrada digital en manifiesto normalizado,bookId;publisherId;sku;price (vincular valores existentes/verificados),isbn13;fechaPublicacion,20.00: constante existente del importador de desarrollo; no es precio verificado del lote
AUDIOBOOK,Audiolibros/inventario.csv,141,La astronomía es fácil,"[{""nombre"": ""Lopesino, Jordi"", ""orden"": 1}]",Ciencias,https://elibro.puce.elogim.com/es/lc/puce/titulos/281683,"Ciencias/originales/La astronomía es fácil - Lopesino, Jordi.jpg",covers/generated/digital-batch/pending-images/Audiolibros/ciencias/portadas/audiobook-f4e93bafe1053b4c.webp,948278f0422dfa4fccff4f421b95227ac428b7d109a95fe0bab46091de74f692,edicion.editorial;edicion.idioma;edicion.audioDurationSeconds;edicion.narrators,"Falta la editorial.;Falta un idioma válido.;AUDIOBOOK requiere duración positiva, narradores y páginas null.",Sin staging aceptado; sin asignación SKU existente; sin entrada digital en manifiesto normalizado,bookId;publisherId;sku;price (vincular valores existentes/verificados),isbn13;fechaPublicacion,20.00: constante existente del importador de desarrollo; no es precio verificado del lote
AUDIOBOOK,Audiolibros/inventario.csv,145,Magnetismo en Geología y la prospección magnética terrestre,"[{""nombre"": ""Lasfargues, Pierre"", ""orden"": 1}]",Ciencias,https://elibro.puce.elogim.com/es/lc/puce/titulos/72209,"Ciencias/originales/Magnetismo en Geología y la prospección magnética terrestre - Lasfargues, Pierre.jpg",covers/generated/digital-batch/pending-images/Audiolibros/ciencias/portadas/audiobook-09f707889516a345.webp,59ffc760b61c60fd4d604dd9c008656f01af3e491ad02f125b77797bf88ad49a,edicion.editorial;edicion.idioma;edicion.audioDurationSeconds;edicion.narrators,"Falta la editorial.;Falta un idioma válido.;AUDIOBOOK requiere duración positiva, narradores y páginas null.",Sin staging aceptado; sin asignación SKU existente; sin entrada digital en manifiesto normalizado,bookId;publisherId;sku;price (vincular valores existentes/verificados),isbn13;fechaPublicacion,20.00: constante existente del importador de desarrollo; no es precio verificado del lote
AUDIOBOOK,Audiolibros/inventario.csv,146,Manual de zoología,"[{""nombre"": ""Muñoz del Viejo, Antonio; Pérez Bote, José Luis; Rubio, Eduardo da Silva"", ""orden"": 1}]",Ciencias,https://elibro.puce.elogim.com/es/lc/puce/titulos/289642,"Ciencias/originales/Manual de zoología - Muñoz del Viejo, Antonio; Pérez Bote, José Luis; Rubio, Eduardo da Silva.jpg",covers/generated/digital-batch/pending-images/Audiolibros/ciencias/portadas/audiobook-6a94e01622f5eda9.webp,141504459915d7ffd32c7be49a63d07723078812c04370d497f3abc9669eaabf,edicion.editorial;edicion.idioma;edicion.audioDurationSeconds;edicion.narrators,"Falta la editorial.;Falta un idioma válido.;AUDIOBOOK requiere duración positiva, narradores y páginas null.",Sin staging aceptado; sin asignación SKU existente; sin entrada digital en manifiesto normalizado,bookId;publisherId;sku;price (vincular valores existentes/verificados),isbn13;fechaPublicacion,20.00: constante existente del importador de desarrollo; no es precio verificado del lote
AUDIOBOOK,Audiolibros/inventario.csv,152,Arduino práctico. Edición 2022,"[{""nombre"": ""Lozano Equisoain, Daniel"", ""orden"": 1}]",Tecnología e Informática,https://elibro.puce.elogim.com/es/lc/puce/titulos/300709,"Tecnología e Informática/originales/Arduino práctico. Edición 2022 - Lozano Equisoain, Daniel.jpg",covers/generated/digital-batch/pending-images/Audiolibros/tecnologia-e-informatica/portadas/audiobook-815903ceb1052d80.webp,9739b5421e24fbc92197fad6f440fc0bc0f9194cae7f88541b7fafd9d0837e51,edicion.editorial;edicion.idioma;edicion.audioDurationSeconds;edicion.narrators,"Falta la editorial.;Falta un idioma válido.;AUDIOBOOK requiere duración positiva, narradores y páginas null.",Sin staging aceptado; sin asignación SKU existente; sin entrada digital en manifiesto normalizado,bookId;publisherId;sku;price (vincular valores existentes/verificados),isbn13;fechaPublicacion,20.00: constante existente del importador de desarrollo; no es precio verificado del lote
AUDIOBOOK,Audiolibros/inventario.csv,155,Bases de datos avanzadas,"[{""nombre"": ""Aramburu Cabo, María José; Sanz Blasco, Ismael"", ""orden"": 1}]",Tecnología e Informática,https://elibro.puce.elogim.com/es/lc/puce/titulos/51741,"Tecnología e Informática/originales/Bases de datos avanzadas - Aramburu Cabo, María José; Sanz Blasco, Ismael.jpg",covers/generated/digital-batch/pending-images/Audiolibros/tecnologia-e-informatica/portadas/audiobook-00ba28dbbd8adb65.webp,497e835cc88783362d9fccc932c2179423fbd14a1a974b22680bf5e8e6217a8f,edicion.editorial;edicion.idioma;edicion.audioDurationSeconds;edicion.narrators,"Falta la editorial.;Falta un idioma válido.;AUDIOBOOK requiere duración positiva, narradores y páginas null.",Sin staging aceptado; sin asignación SKU existente; sin entrada digital en manifiesto normalizado,bookId;publisherId;sku;price (vincular valores existentes/verificados),isbn13;fechaPublicacion,20.00: constante existente del importador de desarrollo; no es precio verificado del lote
AUDIOBOOK,Audiolibros/inventario.csv,158,El manual de Arduino,"[{""nombre"": ""Aliverti, Paolo"", ""orden"": 1}]",Tecnología e Informática,https://elibro.puce.elogim.com/es/lc/puce/titulos/280056,"Tecnología e Informática/originales/El manual de Arduino - Aliverti, Paolo.jpg",covers/generated/digital-batch/pending-images/Audiolibros/tecnologia-e-informatica/portadas/audiobook-3a1c22b02c0a373c.webp,ffa793621bb83e48384547d3f591843c2ec78f42121b17454c0857408c307552,edicion.editorial;edicion.idioma;edicion.audioDurationSeconds;edicion.narrators,"Falta la editorial.;Falta un idioma válido.;AUDIOBOOK requiere duración positiva, narradores y páginas null.",Sin staging aceptado; sin asignación SKU existente; sin entrada digital en manifiesto normalizado,bookId;publisherId;sku;price (vincular valores existentes/verificados),isbn13;fechaPublicacion,20.00: constante existente del importador de desarrollo; no es precio verificado del lote
AUDIOBOOK,Audiolibros/inventario.csv,159,Iniciación a JavaScript,"[{""nombre"": ""Jorge Mohedano"", ""orden"": 1}]",Tecnología e Informática,https://elibro.puce.elogim.com/es/lc/puce/titulos/49349,Tecnología e Informática/originales/Iniciación a JavaScript - Jorge Mohedano.jpg,covers/generated/digital-batch/pending-images/Audiolibros/tecnologia-e-informatica/portadas/audiobook-42b57ca3d9730e7e.webp,7f01ee48ea8d43983720b06224cc3de5ada596e97429cc9b69e05f4c92ac832c,edicion.editorial;edicion.idioma;edicion.audioDurationSeconds;edicion.narrators,"Falta la editorial.;Falta un idioma válido.;AUDIOBOOK requiere duración positiva, narradores y páginas null.",Sin staging aceptado; sin asignación SKU existente; sin entrada digital en manifiesto normalizado,bookId;publisherId;sku;price (vincular valores existentes/verificados),isbn13;fechaPublicacion,20.00: constante existente del importador de desarrollo; no es precio verificado del lote
AUDIOBOOK,Audiolibros/inventario.csv,160,Inteligencia artificial,"[{""nombre"": ""López de Mántaras Badia, Ramón; Meseguer González, Pedro"", ""orden"": 1}]",Tecnología e Informática,https://elibro.puce.elogim.com/es/lc/puce/titulos/233793,"Tecnología e Informática/originales/Inteligencia artificial - López de Mántaras Badia, Ramón; Meseguer González, Pedro.jpg",covers/generated/digital-batch/pending-images/Audiolibros/tecnologia-e-informatica/portadas/audiobook-28ed8585d496008a.webp,62323918bca12e3d4c7f05f00500b7cde4eb11ba1d4511ce0ebd88456fbd2a22,edicion.editorial;edicion.idioma;edicion.audioDurationSeconds;edicion.narrators,"Falta la editorial.;Falta un idioma válido.;AUDIOBOOK requiere duración positiva, narradores y páginas null.",Sin staging aceptado; sin asignación SKU existente; sin entrada digital en manifiesto normalizado,bookId;publisherId;sku;price (vincular valores existentes/verificados),isbn13;fechaPublicacion,20.00: constante existente del importador de desarrollo; no es precio verificado del lote
AUDIOBOOK,Audiolibros/inventario.csv,166,Linux para usuarios,"[{""nombre"": ""Francisco Torres Escobar"", ""orden"": 1}]",Tecnología e Informática,https://elibro.puce.elogim.com/es/lc/puce/titulos/49377,Tecnología e Informática/originales/Linux para usuarios - Francisco Torres Escobar.jpg,covers/generated/digital-batch/pending-images/Audiolibros/tecnologia-e-informatica/portadas/audiobook-b031fc1cca8cb329.webp,2a2f8a7c99a59e843436516b1fbbf6b6f54d4d393ab9cd985cc0a79a20cca5eb,edicion.editorial;edicion.idioma;edicion.audioDurationSeconds;edicion.narrators,"Falta la editorial.;Falta un idioma válido.;AUDIOBOOK requiere duración positiva, narradores y páginas null.",Sin staging aceptado; sin asignación SKU existente; sin entrada digital en manifiesto normalizado,bookId;publisherId;sku;price (vincular valores existentes/verificados),isbn13;fechaPublicacion,20.00: constante existente del importador de desarrollo; no es precio verificado del lote
AUDIOBOOK,Audiolibros/inventario.csv,170,Programación web en java,"[{""nombre"": ""José Miguel Ordax Cassá"", ""orden"": 1}]",Tecnología e Informática,https://elibro.puce.elogim.com/es/lc/puce/titulos/49347,Tecnología e Informática/originales/Programación web en java - José Miguel Ordax Cassá.jpg,covers/generated/digital-batch/pending-images/Audiolibros/tecnologia-e-informatica/portadas/audiobook-eae0b77aee05260e.webp,63a1f77b776fa5abdf5337732d4832c4f83c2e3df2906b5f4de77a9b3c6d9003,edicion.editorial;edicion.idioma;edicion.audioDurationSeconds;edicion.narrators,"Falta la editorial.;Falta un idioma válido.;AUDIOBOOK requiere duración positiva, narradores y páginas null.",Sin staging aceptado; sin asignación SKU existente; sin entrada digital en manifiesto normalizado,bookId;publisherId;sku;price (vincular valores existentes/verificados),isbn13;fechaPublicacion,20.00: constante existente del importador de desarrollo; no es precio verificado del lote
AUDIOBOOK,Audiolibros/inventario.csv,172,Redes locales,"[{""nombre"": ""Molina Robles, Francisco José"", ""orden"": 1}]",Tecnología e Informática,https://elibro.puce.elogim.com/es/lc/puce/titulos/62450,"Tecnología e Informática/originales/Redes locales - Molina Robles, Francisco José.jpg",covers/generated/digital-batch/pending-images/Audiolibros/tecnologia-e-informatica/portadas/audiobook-88143ffe0f91701c.webp,87249962962943adf8c9d1aee60f3dccdccfe2fb434adbd032ff50cfbbe5a3c7,edicion.editorial;edicion.idioma;edicion.audioDurationSeconds;edicion.narrators,"Falta la editorial.;Falta un idioma válido.;AUDIOBOOK requiere duración positiva, narradores y páginas null.",Sin staging aceptado; sin asignación SKU existente; sin entrada digital en manifiesto normalizado,bookId;publisherId;sku;price (vincular valores existentes/verificados),isbn13;fechaPublicacion,20.00: constante existente del importador de desarrollo; no es precio verificado del lote
AUDIOBOOK,Audiolibros/inventario.csv,174,Revolución artificial: aplicaciones basadas en inteligencia artificial,"[{""nombre"": ""Entenova Gnosis"", ""orden"": 1}]",Tecnología e Informática,https://elibro.puce.elogim.com/es/lc/puce/titulos/298017,Tecnología e Informática/originales/Revolución artificial aplicaciones basadas en inteligencia artificial - Entenova Gnosis.jpg,covers/generated/digital-batch/pending-images/Audiolibros/tecnologia-e-informatica/portadas/audiobook-6d5627bd599950a8.webp,85ebfef3703793e6372f2859ca1795c1e819449ef478c6a13184d8c28e0e47b1,edicion.editorial;edicion.idioma;edicion.audioDurationSeconds;edicion.narrators,"Falta la editorial.;Falta un idioma válido.;AUDIOBOOK requiere duración positiva, narradores y páginas null.",Sin staging aceptado; sin asignación SKU existente; sin entrada digital en manifiesto normalizado,bookId;publisherId;sku;price (vincular valores existentes/verificados),isbn13;fechaPublicacion,20.00: constante existente del importador de desarrollo; no es precio verificado del lote
AUDIOBOOK,Audiolibros/inventario.csv,177,Cálculo avanzado: introducción,"[{""nombre"": ""Caicedo Contreras, José Francisco"", ""orden"": 1}]",Matemáticas,https://elibro.puce.elogim.com/es/lc/puce/titulos/127754,"Matemáticas/originales/Cálculo avanzado introducción - Caicedo Contreras, José Francisco.jpg",covers/generated/digital-batch/pending-images/Audiolibros/Matematicas/portadas/audiobook-2e70a2bb71e8dfd5.webp,18ee9ca1bac55499287696e322d300ea364642386af679347cc0890903499d5b,edicion.editorial;edicion.idioma;edicion.audioDurationSeconds;edicion.narrators,"Falta la editorial.;Falta un idioma válido.;AUDIOBOOK requiere duración positiva, narradores y páginas null.",Sin staging aceptado; sin asignación SKU existente; sin entrada digital en manifiesto normalizado,bookId;publisherId;sku;price (vincular valores existentes/verificados),isbn13;fechaPublicacion,20.00: constante existente del importador de desarrollo; no es precio verificado del lote
AUDIOBOOK,Audiolibros/inventario.csv,182,Estadística aplicada básica (2a. ed.),"[{""nombre"": ""Moore, David S."", ""orden"": 1}]",Matemáticas,https://elibro.puce.elogim.com/es/lc/puce/titulos/60046,"Matemáticas/originales/Estadística aplicada básica (2a. ed.) - Moore, David S..jpg",covers/generated/digital-batch/pending-images/Audiolibros/Matematicas/portadas/audiobook-6193d7218a6f349d.webp,f0010914a82a24e3b0addf14aab62fa535e25d5c4c3e8e1441c6044799329a34,edicion.editorial;edicion.idioma;edicion.audioDurationSeconds;edicion.narrators,"Falta la editorial.;Falta un idioma válido.;AUDIOBOOK requiere duración positiva, narradores y páginas null.",Sin staging aceptado; sin asignación SKU existente; sin entrada digital en manifiesto normalizado,bookId;publisherId;sku;price (vincular valores existentes/verificados),isbn13;fechaPublicacion,20.00: constante existente del importador de desarrollo; no es precio verificado del lote
AUDIOBOOK,Audiolibros/inventario.csv,184,Estadística Inferencial,"[{""nombre"": ""Llinás Solano, Humberto"", ""orden"": 1}]",Matemáticas,https://elibro.puce.elogim.com/es/lc/puce/titulos/70060,"Matemáticas/originales/Estadística Inferencial - Llinás Solano, Humberto.jpg",covers/generated/digital-batch/pending-images/Audiolibros/Matematicas/portadas/audiobook-84c02787a4bc623d.webp,6c3078d525c8c0dae271815dda08828ec678e7065d7482f1eec778c3d46434b7,edicion.editorial;edicion.idioma;edicion.audioDurationSeconds;edicion.narrators,"Falta la editorial.;Falta un idioma válido.;AUDIOBOOK requiere duración positiva, narradores y páginas null.",Sin staging aceptado; sin asignación SKU existente; sin entrada digital en manifiesto normalizado,bookId;publisherId;sku;price (vincular valores existentes/verificados),isbn13;fechaPublicacion,20.00: constante existente del importador de desarrollo; no es precio verificado del lote
AUDIOBOOK,Audiolibros/inventario.csv,186,Estadística y muestreo (14a. ed.),"[{""nombre"": ""Martínez Bencardino, Ciro"", ""orden"": 1}]",Matemáticas,https://elibro.puce.elogim.com/es/lc/puce/titulos/125946,"Matemáticas/originales/Estadística y muestreo (14a. ed.) - Martínez Bencardino, Ciro.jpg",covers/generated/digital-batch/pending-images/Audiolibros/Matematicas/portadas/audiobook-3fdc91d85e14cdbc.webp,12ee27948af163e8ff3f65c5d35979eb809dc7acfc1c2530fd8881544f31673c,edicion.editorial;edicion.idioma;edicion.audioDurationSeconds;edicion.narrators,"Falta la editorial.;Falta un idioma válido.;AUDIOBOOK requiere duración positiva, narradores y páginas null.",Sin staging aceptado; sin asignación SKU existente; sin entrada digital en manifiesto normalizado,bookId;publisherId;sku;price (vincular valores existentes/verificados),isbn13;fechaPublicacion,20.00: constante existente del importador de desarrollo; no es precio verificado del lote
AUDIOBOOK,Audiolibros/inventario.csv,187,Fundamentos de estadística,"[{""nombre"": ""Peña, Daniel"", ""orden"": 1}]",Matemáticas,https://elibro.puce.elogim.com/es/lc/puce/titulos/45429,"Matemáticas/originales/Fundamentos de estadística - Peña, Daniel.jpg",covers/generated/digital-batch/pending-images/Audiolibros/Matematicas/portadas/audiobook-d5e1e8df5d591fa7.webp,5fab167f30ea86b18402bc9e39098753756415e1ae4b97c429409640abb0c5bf,edicion.editorial;edicion.idioma;edicion.audioDurationSeconds;edicion.narrators,"Falta la editorial.;Falta un idioma válido.;AUDIOBOOK requiere duración positiva, narradores y páginas null.",Sin staging aceptado; sin asignación SKU existente; sin entrada digital en manifiesto normalizado,bookId;publisherId;sku;price (vincular valores existentes/verificados),isbn13;fechaPublicacion,20.00: constante existente del importador de desarrollo; no es precio verificado del lote
AUDIOBOOK,Audiolibros/inventario.csv,189,Geometría elemental,"[{""nombre"": ""Pogorélov, A. V."", ""orden"": 1}]",Matemáticas,https://elibro.puce.elogim.com/es/lc/puce/titulos/104762,"Matemáticas/originales/Geometría elemental - Pogorélov, A. V..jpg",covers/generated/digital-batch/pending-images/Audiolibros/Matematicas/portadas/audiobook-41593a3c01bb3bb5.webp,21037a93cc95c95ffa868889f8dbb435e431bd4b279f16e74e1b579fdfe002af,edicion.editorial;edicion.idioma;edicion.audioDurationSeconds;edicion.narrators,"Falta la editorial.;Falta un idioma válido.;AUDIOBOOK requiere duración positiva, narradores y páginas null.",Sin staging aceptado; sin asignación SKU existente; sin entrada digital en manifiesto normalizado,bookId;publisherId;sku;price (vincular valores existentes/verificados),isbn13;fechaPublicacion,20.00: constante existente del importador de desarrollo; no es precio verificado del lote
AUDIOBOOK,Audiolibros/inventario.csv,190,Geometría riemanniana,"[{""nombre"": ""Sánchez Morgado, Héctor; Óscar A. Palmas Velasco"", ""orden"": 1}]",Matemáticas,https://elibro.puce.elogim.com/es/lc/puce/titulos/74615,"Matemáticas/originales/Geometría riemanniana - Sánchez Morgado, Héctor; Óscar A. Palmas Velasco.jpg",covers/generated/digital-batch/pending-images/Audiolibros/Matematicas/portadas/audiobook-e802891e2e2bf310.webp,e833b5aaa7867e6ed2969ad810138741469a079a04d638789022d412f25f41d9,edicion.editorial;edicion.idioma;edicion.audioDurationSeconds;edicion.narrators,"Falta la editorial.;Falta un idioma válido.;AUDIOBOOK requiere duración positiva, narradores y páginas null.",Sin staging aceptado; sin asignación SKU existente; sin entrada digital en manifiesto normalizado,bookId;publisherId;sku;price (vincular valores existentes/verificados),isbn13;fechaPublicacion,20.00: constante existente del importador de desarrollo; no es precio verificado del lote
AUDIOBOOK,Audiolibros/inventario.csv,191,Inferencia estadística,"[{""nombre"": ""Miguel Ángel Gómez Villegas"", ""orden"": 1}]",Matemáticas,https://elibro.puce.elogim.com/es/lc/puce/titulos/52874,Matemáticas/originales/Inferencia estadística - Miguel Ángel Gómez Villegas.jpg,covers/generated/digital-batch/pending-images/Audiolibros/Matematicas/portadas/audiobook-e7e528202ac4b259.webp,24ac0fa65c3e67c5f81ec9b944ce5652e5e016ca7bd67258d0b1ec58a06c7705,edicion.editorial;edicion.idioma;edicion.audioDurationSeconds;edicion.narrators,"Falta la editorial.;Falta un idioma válido.;AUDIOBOOK requiere duración positiva, narradores y páginas null.",Sin staging aceptado; sin asignación SKU existente; sin entrada digital en manifiesto normalizado,bookId;publisherId;sku;price (vincular valores existentes/verificados),isbn13;fechaPublicacion,20.00: constante existente del importador de desarrollo; no es precio verificado del lote
AUDIOBOOK,Audiolibros/inventario.csv,195,La geometría de las ciudades,"[{""nombre"": ""Sorando Muzás, José María"", ""orden"": 1}]",Matemáticas,https://elibro.puce.elogim.com/es/lc/puce/titulos/233100,"Matemáticas/originales/La geometría de las ciudades - Sorando Muzás, José María.jpg",covers/generated/digital-batch/pending-images/Audiolibros/Matematicas/portadas/audiobook-98a184bad47674ce.webp,2a66cdd32506ecae70593ce91d9e5eec687402d704095b0e3fadffebc5a9859b,edicion.editorial;edicion.idioma;edicion.audioDurationSeconds;edicion.narrators,"Falta la editorial.;Falta un idioma válido.;AUDIOBOOK requiere duración positiva, narradores y páginas null.",Sin staging aceptado; sin asignación SKU existente; sin entrada digital en manifiesto normalizado,bookId;publisherId;sku;price (vincular valores existentes/verificados),isbn13;fechaPublicacion,20.00: constante existente del importador de desarrollo; no es precio verificado del lote
AUDIOBOOK,Audiolibros/inventario.csv,196,La geometría del universo,"[{""nombre"": ""Leon, Manuel de"", ""orden"": 1}]",Matemáticas,https://elibro.puce.elogim.com/es/lc/puce/titulos/239571,"Matemáticas/originales/La geometría del universo - Leon, Manuel de.jpg",covers/generated/digital-batch/pending-images/Audiolibros/Matematicas/portadas/audiobook-a73c8fe399446f23.webp,249cbac036bcaa18d56138b116afb7d00e81353613dc3eb82d799e169975cd28,edicion.editorial;edicion.idioma;edicion.audioDurationSeconds;edicion.narrators,"Falta la editorial.;Falta un idioma válido.;AUDIOBOOK requiere duración positiva, narradores y páginas null.",Sin staging aceptado; sin asignación SKU existente; sin entrada digital en manifiesto normalizado,bookId;publisherId;sku;price (vincular valores existentes/verificados),isbn13;fechaPublicacion,20.00: constante existente del importador de desarrollo; no es precio verificado del lote
AUDIOBOOK,Audiolibros/inventario.csv,198,Una introducción a la geometría fractal,"[{""nombre"": ""Sabogal, Sonia; Arenas, Gilberto"", ""orden"": 1}]",Matemáticas,https://elibro.puce.elogim.com/es/lc/puce/titulos/117594,"Matemáticas/originales/Una introducción a la geometría fractal - Sabogal, Sonia; Arenas, Gilberto.jpg",covers/generated/digital-batch/pending-images/Audiolibros/Matematicas/portadas/audiobook-8af061372fbf6a49.webp,890d7fda61bceeac35aa852b3bab709d949e92ce72b9cd51676762749e8f2429,edicion.editorial;edicion.idioma;edicion.audioDurationSeconds;edicion.narrators,"Falta la editorial.;Falta un idioma válido.;AUDIOBOOK requiere duración positiva, narradores y páginas null.",Sin staging aceptado; sin asignación SKU existente; sin entrada digital en manifiesto normalizado,bookId;publisherId;sku;price (vincular valores existentes/verificados),isbn13;fechaPublicacion,20.00: constante existente del importador de desarrollo; no es precio verificado del lote
AUDIOBOOK,Audiolibros/inventario.csv,202,Anatomía y fisiología básicas en el niño,"[{""nombre"": ""Carbonero Celis, Carmen; Cañizares Márquez, José María"", ""orden"": 1}]",Medicina,https://elibro.puce.elogim.com/es/lc/puce/titulos/63446,"Medicina/originales/Anatomía y fisiología básicas en el niño - Carbonero Celis, Carmen; Cañizares Márquez, José María.jpg",covers/generated/digital-batch/pending-images/Audiolibros/medicina/portadas/audiobook-ccecc542047c16dd.webp,5edf32cd1df23aeec6bbb92fcf305b6a8791ac4cef77e2f93e8732022749b0d4,edicion.editorial;edicion.idioma;edicion.audioDurationSeconds;edicion.narrators,"Falta la editorial.;Falta un idioma válido.;AUDIOBOOK requiere duración positiva, narradores y páginas null.",Sin staging aceptado; sin asignación SKU existente; sin entrada digital en manifiesto normalizado,bookId;publisherId;sku;price (vincular valores existentes/verificados),isbn13;fechaPublicacion,20.00: constante existente del importador de desarrollo; no es precio verificado del lote
AUDIOBOOK,Audiolibros/inventario.csv,203,Anatomía y fisiología del sistema nervioso central,"[{""nombre"": ""Velayos, José Luis; Diéguez, Godofredo"", ""orden"": 1}]",Medicina,https://elibro.puce.elogim.com/es/lc/puce/titulos/43244,"Medicina/originales/Anatomía y fisiología del sistema nervioso central - Velayos, José Luis; Diéguez, Godofredo.jpg",covers/generated/digital-batch/pending-images/Audiolibros/medicina/portadas/audiobook-7716c6d896d5a7b7.webp,5281d2d3194f810e733601dd314f5c89fb6ad3ebc7ac87ce69ba441774f07039,edicion.editorial;edicion.idioma;edicion.audioDurationSeconds;edicion.narrators,"Falta la editorial.;Falta un idioma válido.;AUDIOBOOK requiere duración positiva, narradores y páginas null.",Sin staging aceptado; sin asignación SKU existente; sin entrada digital en manifiesto normalizado,bookId;publisherId;sku;price (vincular valores existentes/verificados),isbn13;fechaPublicacion,20.00: constante existente del importador de desarrollo; no es precio verificado del lote
AUDIOBOOK,Audiolibros/inventario.csv,204,El médico en casa: manual de consulta,"[{""nombre"": ""Carrete, Paula; Rubinstein, Esteban; Zárate, Miguel"", ""orden"": 1}]",Medicina,https://elibro.puce.elogim.com/es/lc/puce/titulos/121496,"Medicina/originales/El médico en casa manual de consulta - Carrete, Paula; Rubinstein, Esteban; Zárate, Miguel.jpg",covers/generated/digital-batch/pending-images/Audiolibros/medicina/portadas/audiobook-60f254fb894b8c6a.webp,5683a3d9c13724749b6a7cec9dda87a33d26cc199bd27b221f63768bac721d6f,edicion.editorial;edicion.idioma;edicion.audioDurationSeconds;edicion.narrators,"Falta la editorial.;Falta un idioma válido.;AUDIOBOOK requiere duración positiva, narradores y páginas null.",Sin staging aceptado; sin asignación SKU existente; sin entrada digital en manifiesto normalizado,bookId;publisherId;sku;price (vincular valores existentes/verificados),isbn13;fechaPublicacion,20.00: constante existente del importador de desarrollo; no es precio verificado del lote
AUDIOBOOK,Audiolibros/inventario.csv,210,Fisiología respiratoria (8a. ed.),"[{""nombre"": ""West, John B."", ""orden"": 1}]",Medicina,https://elibro.puce.elogim.com/es/lc/puce/titulos/124823,"Medicina/originales/Fisiología respiratoria (8a. ed.) - West, John B..jpg",covers/generated/digital-batch/pending-images/Audiolibros/medicina/portadas/audiobook-6aa70e9b3495e853.webp,63870356e278273bb7ed8c81afe82062d7a74be3b4fbc0516de1320b2277e7ad,edicion.editorial;edicion.idioma;edicion.audioDurationSeconds;edicion.narrators,"Falta la editorial.;Falta un idioma válido.;AUDIOBOOK requiere duración positiva, narradores y páginas null.",Sin staging aceptado; sin asignación SKU existente; sin entrada digital en manifiesto normalizado,bookId;publisherId;sku;price (vincular valores existentes/verificados),isbn13;fechaPublicacion,20.00: constante existente del importador de desarrollo; no es precio verificado del lote
AUDIOBOOK,Audiolibros/inventario.csv,212,Fisiología y fisiopatología pulmonar: estudios de casos (2a. ed.),"[{""nombre"": ""West, John B."", ""orden"": 1}]",Medicina,https://elibro.puce.elogim.com/es/lc/puce/titulos/125026,"Medicina/originales/Fisiología y fisiopatología pulmonar estudios de casos (2a. ed.) - West, John B..jpg",covers/generated/digital-batch/pending-images/Audiolibros/medicina/portadas/audiobook-da20f31c48dae892.webp,722365f7ef94183a001ab6f787bbd01b64afe33ddfe0929d1b1620b7d5bafcfc,edicion.editorial;edicion.idioma;edicion.audioDurationSeconds;edicion.narrators,"Falta la editorial.;Falta un idioma válido.;AUDIOBOOK requiere duración positiva, narradores y páginas null.",Sin staging aceptado; sin asignación SKU existente; sin entrada digital en manifiesto normalizado,bookId;publisherId;sku;price (vincular valores existentes/verificados),isbn13;fechaPublicacion,20.00: constante existente del importador de desarrollo; no es precio verificado del lote
AUDIOBOOK,Audiolibros/inventario.csv,213,Fundamentos de farmacología oncológica,"[{""nombre"": ""Cevallos Barrera, Edwin; Duque Proaño, Galo"", ""orden"": 1}]",Medicina,https://elibro.puce.elogim.com/es/lc/puce/titulos/233834,"Medicina/originales/Fundamentos de farmacología oncológica - Cevallos Barrera, Edwin; Duque Proaño, Galo.jpg",covers/generated/digital-batch/pending-images/Audiolibros/medicina/portadas/audiobook-dc33785bd60e4578.webp,eda150b61f88eafd4ba23754e172ecc6d03379e5bfdeda459841e02d63f87427,edicion.editorial;edicion.idioma;edicion.audioDurationSeconds;edicion.narrators,"Falta la editorial.;Falta un idioma válido.;AUDIOBOOK requiere duración positiva, narradores y páginas null.",Sin staging aceptado; sin asignación SKU existente; sin entrada digital en manifiesto normalizado,bookId;publisherId;sku;price (vincular valores existentes/verificados),isbn13;fechaPublicacion,20.00: constante existente del importador de desarrollo; no es precio verificado del lote
AUDIOBOOK,Audiolibros/inventario.csv,215,Manual de fisiología articular,"[{""nombre"": ""Guzmán Velasco, Adriana"", ""orden"": 1}]",Medicina,https://elibro.puce.elogim.com/es/lc/puce/titulos/71151,"Medicina/originales/Manual de fisiología articular - Guzmán Velasco, Adriana.jpg",covers/generated/digital-batch/pending-images/Audiolibros/medicina/portadas/audiobook-c8a5563777e61d13.webp,6c0130a2bcbbc56c23b94bae2628dff674d84dd7ebc4e7f793b7448fab562b04,edicion.editorial;edicion.idioma;edicion.audioDurationSeconds;edicion.narrators,"Falta la editorial.;Falta un idioma válido.;AUDIOBOOK requiere duración positiva, narradores y páginas null.",Sin staging aceptado; sin asignación SKU existente; sin entrada digital en manifiesto normalizado,bookId;publisherId;sku;price (vincular valores existentes/verificados),isbn13;fechaPublicacion,20.00: constante existente del importador de desarrollo; no es precio verificado del lote
AUDIOBOOK,Audiolibros/inventario.csv,216,Manual de práctica de semiología clínica,"[{""nombre"": ""Chaveco Pérez, Moraima"", ""orden"": 1}]",Medicina,https://elibro.puce.elogim.com/es/lc/puce/titulos/294232,"Medicina/originales/Manual de práctica de semiología clínica - Chaveco Pérez, Moraima.jpg",covers/generated/digital-batch/pending-images/Audiolibros/medicina/portadas/audiobook-7c90703dd5f5bc7d.webp,2b7be887c7c8bd963c5c27e6d2e1862a14af3f348c4523d405f0c6809ae7067c,edicion.editorial;edicion.idioma;edicion.audioDurationSeconds;edicion.narrators,"Falta la editorial.;Falta un idioma válido.;AUDIOBOOK requiere duración positiva, narradores y páginas null.",Sin staging aceptado; sin asignación SKU existente; sin entrada digital en manifiesto normalizado,bookId;publisherId;sku;price (vincular valores existentes/verificados),isbn13;fechaPublicacion,20.00: constante existente del importador de desarrollo; no es precio verificado del lote
AUDIOBOOK,Audiolibros/inventario.csv,220,"Neuroanatomía, funcional y clínica (5a. ed.)","[{""nombre"": ""Bustamante B., Jairo"", ""orden"": 1}]",Medicina,https://elibro.puce.elogim.com/es/lc/puce/titulos/280790,"Medicina/originales/Neuroanatomía, funcional y clínica (5a. ed.) - Bustamante B., Jairo.jpg",covers/generated/digital-batch/pending-images/Audiolibros/medicina/portadas/audiobook-2d193ee8f693ac3d.webp,ade7eef81da3be9d7d233f9273c51bee827de060a2e9540de0ed800ac80a6b90,edicion.editorial;edicion.idioma;edicion.audioDurationSeconds;edicion.narrators,"Falta la editorial.;Falta un idioma válido.;AUDIOBOOK requiere duración positiva, narradores y páginas null.",Sin staging aceptado; sin asignación SKU existente; sin entrada digital en manifiesto normalizado,bookId;publisherId;sku;price (vincular valores existentes/verificados),isbn13;fechaPublicacion,20.00: constante existente del importador de desarrollo; no es precio verificado del lote
AUDIOBOOK,Audiolibros/inventario.csv,221,"Oxígeno: fisiología, terapéutica, toxicidad","[{""nombre"": ""Cristancho Gómez, William"", ""orden"": 1}]",Medicina,https://elibro.puce.elogim.com/es/lc/puce/titulos/128358,"Medicina/originales/Oxígeno fisiología, terapéutica, toxicidad - Cristancho Gómez, William.jpg",covers/generated/digital-batch/pending-images/Audiolibros/medicina/portadas/audiobook-6c6624b4dbb6c732.webp,218bfe19d268008925825a9b47343579cd4637818ab6b2eddb0f795c90e6257f,edicion.editorial;edicion.idioma;edicion.audioDurationSeconds;edicion.narrators,"Falta la editorial.;Falta un idioma válido.;AUDIOBOOK requiere duración positiva, narradores y páginas null.",Sin staging aceptado; sin asignación SKU existente; sin entrada digital en manifiesto normalizado,bookId;publisherId;sku;price (vincular valores existentes/verificados),isbn13;fechaPublicacion,20.00: constante existente del importador de desarrollo; no es precio verificado del lote
AUDIOBOOK,Audiolibros/inventario.csv,222,Proceso de valoración semiológica de Chávez para el cuidado de enfermería,"[{""nombre"": ""Barragán Becerra, Julián Andrés; Moreno Mojica, Claudia María; Hernández Bernal, Nubia Esperanza"", ""orden"": 1}]",Medicina,https://elibro.puce.elogim.com/es/lc/puce/titulos/219236,"Medicina/originales/Proceso de valoración semiológica de Chávez para el cuidado de enfermería - Barragán Becerra, Julián Andrés; Moreno Mojica, Claudia María; Hernández Bernal, Nubia Esperanza.jpg",covers/generated/digital-batch/pending-images/Audiolibros/medicina/portadas/audiobook-ae42295f28b58397.webp,096bd96eb56bee922514360636144daa20fb6935c3b8b4a1d8d76e9b2675d625,edicion.editorial;edicion.idioma;edicion.audioDurationSeconds;edicion.narrators,"Falta la editorial.;Falta un idioma válido.;AUDIOBOOK requiere duración positiva, narradores y páginas null.",Sin staging aceptado; sin asignación SKU existente; sin entrada digital en manifiesto normalizado,bookId;publisherId;sku;price (vincular valores existentes/verificados),isbn13;fechaPublicacion,20.00: constante existente del importador de desarrollo; no es precio verificado del lote
AUDIOBOOK,Audiolibros/inventario.csv,225,Semiología: sistema craneomandibular,"[{""nombre"": ""Bustillo Verbel, Rosa Lia; Espitia Nieto, Sandra"", ""orden"": 1}]",Medicina,https://elibro.puce.elogim.com/es/lc/puce/titulos/105476,"Medicina/originales/Semiología sistema craneomandibular - Bustillo Verbel, Rosa Lia; Espitia Nieto, Sandra.jpg",covers/generated/digital-batch/pending-images/Audiolibros/medicina/portadas/audiobook-2a1df67176eecdd4.webp,9dc4cc95d9ed637b931b35c8c85226f6ec97d92fc877810c36090f71d5d60087,edicion.editorial;edicion.idioma;edicion.audioDurationSeconds;edicion.narrators,"Falta la editorial.;Falta un idioma válido.;AUDIOBOOK requiere duración positiva, narradores y páginas null.",Sin staging aceptado; sin asignación SKU existente; sin entrada digital en manifiesto normalizado,bookId;publisherId;sku;price (vincular valores existentes/verificados),isbn13;fechaPublicacion,20.00: constante existente del importador de desarrollo; no es precio verificado del lote
AUDIOBOOK,Audiolibros/inventario.csv,226,Temas claves: neuroanatomía (4a. ed.),"[{""nombre"": ""Fix, James D."", ""orden"": 1}]",Medicina,https://elibro.puce.elogim.com/es/lc/puce/titulos/124809,"Medicina/originales/Temas claves neuroanatomía (4a. ed.) - Fix, James D..jpg",covers/generated/digital-batch/pending-images/Audiolibros/medicina/portadas/audiobook-8b4726e2a5b9d46d.webp,433f0fa20eba83ec31fa496649759c1255e30d543acba3c310d673ef2a0e389a,edicion.editorial;edicion.idioma;edicion.audioDurationSeconds;edicion.narrators,"Falta la editorial.;Falta un idioma válido.;AUDIOBOOK requiere duración positiva, narradores y páginas null.",Sin staging aceptado; sin asignación SKU existente; sin entrada digital en manifiesto normalizado,bookId;publisherId;sku;price (vincular valores existentes/verificados),isbn13;fechaPublicacion,20.00: constante existente del importador de desarrollo; no es precio verificado del lote
