format,inventory,row,title,authors,category,source_url,original_file,pending_image,image_sha256,missing_staging_fields,metadata_errors,import_blockers,direct_api_unresolved_fields,optional_null_fields,development_seed_price
EBOOK,Ebook/inventario.csv,6,Historia de historias,"[{""nombre"": ""Uribe, Álvaro"", ""orden"": 1}]",Literatura,https://elibro.puce.elogim.com/es/lc/puce/titulos/117062,"Literatura/originales/Historia de historias - Uribe, Álvaro.jpg",covers/generated/digital-batch/pending-images/Ebook/Literatura/portadas/ebook-d901c48cf0708fb8.webp,787489c9d123a2272cf077e1e5f0e9164c63d858de515cd4f1aa9ad749ce3550,edicion.editorial;edicion.idioma,Falta la editorial.;Falta un idioma válido.,Sin staging aceptado; sin asignación SKU existente; sin entrada digital en manifiesto normalizado,bookId;publisherId;sku;price (vincular valores existentes/verificados),isbn13;fechaPublicacion;paginas;ebookFileFormat,20.00: constante existente del importador de desarrollo; no es precio verificado del lote
EBOOK,Ebook/inventario.csv,7,La era victoriana en literatura,"[{""nombre"": ""Chesterton, Gilbert Keith"", ""orden"": 1}]",Literatura,https://elibro.puce.elogim.com/es/lc/puce/titulos/191119,"Literatura/originales/La era victoriana en literatura - Chesterton, Gilbert Keith.jpg",covers/generated/digital-batch/pending-images/Ebook/Literatura/portadas/ebook-152fc74e8097c3b1.webp,48d1658c6ccdf36afe14d2cdeaabed68ae3e6051d0a67dee0595e5854a9eb3e6,edicion.editorial;edicion.idioma,Falta la editorial.;Falta un idioma válido.,Sin staging aceptado; sin asignación SKU existente; sin entrada digital en manifiesto normalizado,bookId;publisherId;sku;price (vincular valores existentes/verificados),isbn13;fechaPublicacion;paginas;ebookFileFormat,20.00: constante existente del importador de desarrollo; no es precio verificado del lote
EBOOK,Ebook/inventario.csv,9,La literatura,"[{""nombre"": ""Martín Alegre, Sara"", ""orden"": 1}]",Literatura,https://elibro.puce.elogim.com/es/lc/puce/titulos/56436,"Literatura/originales/La literatura - Martín Alegre, Sara.jpg",covers/generated/digital-batch/pending-images/Ebook/Literatura/portadas/ebook-5c51985965164200.webp,b557443a890a8a7bd15fca5736325cebcf4f111f5244f7bda366ca69d2cf3ea2,edicion.editorial;edicion.idioma,Falta la editorial.;Falta un idioma válido.,Sin staging aceptado; sin asignación SKU existente; sin entrada digital en manifiesto normalizado,bookId;publisherId;sku;price (vincular valores existentes/verificados),isbn13;fechaPublicacion;paginas;ebookFileFormat,20.00: constante existente del importador de desarrollo; no es precio verificado del lote
EBOOK,Ebook/inventario.csv,10,La literatura dramática,"[{""nombre"": ""Foguet, Francesc - Santamaria, Núria"", ""orden"": 1}]",Literatura,https://elibro.puce.elogim.com/es/lc/puce/titulos/156644,"Literatura/originales/La literatura dramática - Foguet, Francesc - Santamaria, Núria.jpg",covers/generated/digital-batch/pending-images/Ebook/Literatura/portadas/ebook-be4f33f6d94229e7.webp,72508ec17e228f94005c3ec59d79636098cfe058974277094c165be51c2097c8,edicion.editorial;edicion.idioma,Falta la editorial.;Falta un idioma válido.,Sin staging aceptado; sin asignación SKU existente; sin entrada digital en manifiesto normalizado,bookId;publisherId;sku;price (vincular valores existentes/verificados),isbn13;fechaPublicacion;paginas;ebookFileFormat,20.00: constante existente del importador de desarrollo; no es precio verificado del lote
EBOOK,Ebook/inventario.csv,12,La literatura española,"[{""nombre"": ""Torri, Julio"", ""orden"": 1}]",Literatura,https://elibro.puce.elogim.com/es/lc/puce/titulos/111061,"Literatura/originales/La literatura española - Torri, Julio.jpg",covers/generated/digital-batch/pending-images/Ebook/Literatura/portadas/ebook-404c350b49f8d484.webp,468d68de2243bb4077a3a31b851af13df1415500a650a06b2938c4763fcd0255,edicion.editorial;edicion.idioma,Falta la editorial.;Falta un idioma válido.,Sin staging aceptado; sin asignación SKU existente; sin entrada digital en manifiesto normalizado,bookId;publisherId;sku;price (vincular valores existentes/verificados),isbn13;fechaPublicacion;paginas;ebookFileFormat,20.00: constante existente del importador de desarrollo; no es precio verificado del lote
EBOOK,Ebook/inventario.csv,15,Literatura clásica,"[{""nombre"": ""Álvarez Bravo, Armando"", ""orden"": 1}]",Literatura,https://elibro.puce.elogim.com/es/lc/puce/titulos/36434,"Literatura/originales/Literatura clásica - Álvarez Bravo, Armando.jpg",covers/generated/digital-batch/pending-images/Ebook/Literatura/portadas/ebook-6fb37f2956809505.webp,71eb30d75bb6ccc1651d0e6cfdf6c8924a980e32d6231e56e3d274d3f5852ffb,edicion.editorial;edicion.idioma,Falta la editorial.;Falta un idioma válido.,Sin staging aceptado; sin asignación SKU existente; sin entrada digital en manifiesto normalizado,bookId;publisherId;sku;price (vincular valores existentes/verificados),isbn13;fechaPublicacion;paginas;ebookFileFormat,20.00: constante existente del importador de desarrollo; no es precio verificado del lote
EBOOK,Ebook/inventario.csv,17,Literatura española,"[{""nombre"": ""Reyes, Alfonso"", ""orden"": 1}]",Literatura,https://elibro.puce.elogim.com/es/lc/puce/titulos/110740,"Literatura/originales/Literatura española - Reyes, Alfonso.jpg",covers/generated/digital-batch/pending-images/Ebook/Literatura/portadas/ebook-b6e98eacfdbf3d38.webp,4d567317e96bc5dd519f877066d59fadf9c548308ff8a3ec12ac0747de171d09,edicion.editorial;edicion.idioma,Falta la editorial.;Falta un idioma válido.,Sin staging aceptado; sin asignación SKU existente; sin entrada digital en manifiesto normalizado,bookId;publisherId;sku;price (vincular valores existentes/verificados),isbn13;fechaPublicacion;paginas;ebookFileFormat,20.00: constante existente del importador de desarrollo; no es precio verificado del lote
EBOOK,Ebook/inventario.csv,19,Literatura Oriental,"[{""nombre"": ""Álvarez Bravo, Armando"", ""orden"": 1}]",Literatura,https://elibro.puce.elogim.com/es/lc/puce/titulos/36433,"Literatura/originales/Literatura Oriental - Álvarez Bravo, Armando.jpg",covers/generated/digital-batch/pending-images/Ebook/Literatura/portadas/ebook-a310ba6cc9128e79.webp,6ad93478f2741aac40aeecdaf472873cdb812867332aa88af6994aa68cb53381,edicion.editorial;edicion.idioma,Falta la editorial.;Falta un idioma válido.,Sin staging aceptado; sin asignación SKU existente; sin entrada digital en manifiesto normalizado,bookId;publisherId;sku;price (vincular valores existentes/verificados),isbn13;fechaPublicacion;paginas;ebookFileFormat,20.00: constante existente del importador de desarrollo; no es precio verificado del lote
EBOOK,Ebook/inventario.csv,20,Literatura universal,"[{""nombre"": ""Reyes, Alfonso"", ""orden"": 1}]",Literatura,https://elibro.puce.elogim.com/es/lc/puce/titulos/110738,"Literatura/originales/Literatura universal - Reyes, Alfonso.jpg",covers/generated/digital-batch/pending-images/Ebook/Literatura/portadas/ebook-0762786d97e31d89.webp,32dd5cb64b3fe2d71577aafcf04ed8594266840fffe35a460956c9c0368393bb,edicion.editorial;edicion.idioma,Falta la editorial.;Falta un idioma válido.,Sin staging aceptado; sin asignación SKU existente; sin entrada digital en manifiesto normalizado,bookId;publisherId;sku;price (vincular valores existentes/verificados),isbn13;fechaPublicacion;paginas;ebookFileFormat,20.00: constante existente del importador de desarrollo; no es precio verificado del lote
EBOOK,Ebook/inventario.csv,21,Literatura y cine,"[{""nombre"": ""Gutiérrez Carbajo, Francisco"", ""orden"": 1}]",Literatura,https://elibro.puce.elogim.com/es/lc/puce/titulos/48881,"Literatura/originales/Literatura y cine - Gutiérrez Carbajo, Francisco.jpg",covers/generated/digital-batch/pending-images/Ebook/Literatura/portadas/ebook-09c6216e91ce8a01.webp,58e37f41bc49bb195dfeba0c60447074e8bba8ad74b9ab43f93eb611e27c5c08,edicion.editorial;edicion.idioma,Falta la editorial.;Falta un idioma válido.,Sin staging aceptado; sin asignación SKU existente; sin entrada digital en manifiesto normalizado,bookId;publisherId;sku;price (vincular valores existentes/verificados),isbn13;fechaPublicacion;paginas;ebookFileFormat,20.00: constante existente del importador de desarrollo; no es precio verificado del lote
EBOOK,Ebook/inventario.csv,23,Literaturas compartidas,"[{""nombre"": ""Basile, Teresa - Foffani, Enrique"", ""orden"": 1}]",Literatura,https://elibro.puce.elogim.com/es/lc/puce/titulos/66439,"Literatura/originales/Literaturas compartidas - Basile, Teresa - Foffani, Enrique.jpg",covers/generated/digital-batch/pending-images/Ebook/Literatura/portadas/ebook-d7c3927d622d4808.webp,816d46cebf7b6618ace4536c78fb2981b3ca4c03f97baded90c60c4c3fe66659,edicion.editorial;edicion.idioma,Falta la editorial.;Falta un idioma válido.,Sin staging aceptado; sin asignación SKU existente; sin entrada digital en manifiesto normalizado,bookId;publisherId;sku;price (vincular valores existentes/verificados),isbn13;fechaPublicacion;paginas;ebookFileFormat,20.00: constante existente del importador de desarrollo; no es precio verificado del lote
EBOOK,Ebook/inventario.csv,24,Páginas de historia,"[{""nombre"": ""Mitre, Bartolomé"", ""orden"": 1}]",Literatura,https://elibro.puce.elogim.com/es/lc/puce/titulos/36151,"Literatura/originales/Páginas de historia - Mitre, Bartolomé.jpg",covers/generated/digital-batch/pending-images/Ebook/Literatura/portadas/ebook-de8cba7332b1dd7d.webp,71dccfe55039d74ccf4050e6d487dee1f00d4633bdf2d31d7a2f90c773aebc55,edicion.editorial;edicion.idioma,Falta la editorial.;Falta un idioma válido.,Sin staging aceptado; sin asignación SKU existente; sin entrada digital en manifiesto normalizado,bookId;publisherId;sku;price (vincular valores existentes/verificados),isbn13;fechaPublicacion;paginas;ebookFileFormat,20.00: constante existente del importador de desarrollo; no es precio verificado del lote
EBOOK,Ebook/inventario.csv,25,Romancero gitano,"[{""nombre"": ""García Lorca, Federico"", ""orden"": 1}]",Literatura,https://elibro.puce.elogim.com/es/lc/puce/titulos/35142,"Literatura/originales/Romancero gitano - García Lorca, Federico.jpg",covers/generated/digital-batch/pending-images/Ebook/Literatura/portadas/ebook-cef7824007532bb5.webp,c1fc97a5fb10c47aa83fc0196dd516d8ca411f68cf9465e7223fba5ff4bbfc81,edicion.editorial;edicion.idioma,Falta la editorial.;Falta un idioma válido.,Sin staging aceptado; sin asignación SKU existente; sin entrada digital en manifiesto normalizado,bookId;publisherId;sku;price (vincular valores existentes/verificados),isbn13;fechaPublicacion;paginas;ebookFileFormat,20.00: constante existente del importador de desarrollo; no es precio verificado del lote
EBOOK,Ebook/inventario.csv,28,Filosofía antigua,"[{""nombre"": ""Pastor, W. F."", ""orden"": 1}]",Filosofía,https://elibro.puce.elogim.com/es/lc/puce/titulos/36348,"Filosofía/originales/Filosofía antigua - Pastor, W. F..jpg",covers/generated/digital-batch/pending-images/Ebook/Filosofia/portadas/ebook-4f88eff5a246dfab.webp,8507b04ffd877f218b0b6215852b5b8d265c5dcc42561535410c24cd240b21c7,edicion.editorial;edicion.idioma,Falta la editorial.;Falta un idioma válido.,Sin staging aceptado; sin asignación SKU existente; sin entrada digital en manifiesto normalizado,bookId;publisherId;sku;price (vincular valores existentes/verificados),isbn13;fechaPublicacion;paginas;ebookFileFormat,20.00: constante existente del importador de desarrollo; no es precio verificado del lote
EBOOK,Ebook/inventario.csv,29,Filosofía como metanoética,"[{""nombre"": ""Hajime, Tanabe"", ""orden"": 1}]",Filosofía,https://elibro.puce.elogim.com/es/lc/puce/titulos/45764,"Filosofía/originales/Filosofía como metanoética - Hajime, Tanabe.jpg",covers/generated/digital-batch/pending-images/Ebook/Filosofia/portadas/ebook-039e638e77cb6360.webp,e2f0422878b84c5031d7a5a36c2ff093e7010beada48deccecb79dbe4d6d0f1c,edicion.editorial;edicion.idioma,Falta la editorial.;Falta un idioma válido.,Sin staging aceptado; sin asignación SKU existente; sin entrada digital en manifiesto normalizado,bookId;publisherId;sku;price (vincular valores existentes/verificados),isbn13;fechaPublicacion;paginas;ebookFileFormat,20.00: constante existente del importador de desarrollo; no es precio verificado del lote
EBOOK,Ebook/inventario.csv,30,Filosofía contemporánea,"[{""nombre"": ""Pastor, W. F."", ""orden"": 1}]",Filosofía,https://elibro.puce.elogim.com/es/lc/puce/titulos/36352,"Filosofía/originales/Filosofía contemporánea - Pastor, W. F..jpg",covers/generated/digital-batch/pending-images/Ebook/Filosofia/portadas/ebook-7c9ecb657fb9f797.webp,b15a169548a76353585e592f8741f6c6e35f90947eb7dcc26f2a31ccef754eee,edicion.editorial;edicion.idioma,Falta la editorial.;Falta un idioma válido.,Sin staging aceptado; sin asignación SKU existente; sin entrada digital en manifiesto normalizado,bookId;publisherId;sku;price (vincular valores existentes/verificados),isbn13;fechaPublicacion;paginas;ebookFileFormat,20.00: constante existente del importador de desarrollo; no es precio verificado del lote
EBOOK,Ebook/inventario.csv,31,Filosofía de la ciencia (2a. ed.),"[{""nombre"": ""Artigas, Mariano"", ""orden"": 1}]",Filosofía,https://elibro.puce.elogim.com/es/lc/puce/titulos/46920,"Filosofía/originales/Filosofía de la ciencia (2a. ed.) - Artigas, Mariano.jpg",covers/generated/digital-batch/pending-images/Ebook/Filosofia/portadas/ebook-00ba74890bbeded4.webp,9ecfb3b6390c61b9a68f81fd014bed276df05a2bfd101fb52767f4426b629c1a,edicion.editorial;edicion.idioma,Falta la editorial.;Falta un idioma válido.,Sin staging aceptado; sin asignación SKU existente; sin entrada digital en manifiesto normalizado,bookId;publisherId;sku;price (vincular valores existentes/verificados),isbn13;fechaPublicacion;paginas;ebookFileFormat,20.00: constante existente del importador de desarrollo; no es precio verificado del lote
EBOOK,Ebook/inventario.csv,32,Filosofía de la cultura (2a. ed.),"[{""nombre"": ""Choza, Jacinto"", ""orden"": 1}]",Filosofía,https://elibro.puce.elogim.com/es/lc/puce/titulos/59773,"Filosofía/originales/Filosofía de la cultura (2a. ed.) - Choza, Jacinto.jpg",covers/generated/digital-batch/pending-images/Ebook/Filosofia/portadas/ebook-a0a42f8e10e65611.webp,c55041c6555209718d061416f57f1ea2175ae6ce78541bbc9b218af43ad28cee,edicion.editorial;edicion.idioma,Falta la editorial.;Falta un idioma válido.,Sin staging aceptado; sin asignación SKU existente; sin entrada digital en manifiesto normalizado,bookId;publisherId;sku;price (vincular valores existentes/verificados),isbn13;fechaPublicacion;paginas;ebookFileFormat,20.00: constante existente del importador de desarrollo; no es precio verificado del lote
EBOOK,Ebook/inventario.csv,34,Filosofía de la religión,"[{""nombre"": ""Beuchot Puente, Mauricio"", ""orden"": 1}]",Filosofía,https://elibro.puce.elogim.com/es/lc/puce/titulos/40946,"Filosofía/originales/Filosofía de la religión - Beuchot Puente, Mauricio.jpg",covers/generated/digital-batch/pending-images/Ebook/Filosofia/portadas/ebook-34ce7fb4dbe3d5ea.webp,78187b088c4d385c7556542dc0947af7f1afde3612c41698330cb02ad7a8b2aa,edicion.editorial;edicion.idioma,Falta la editorial.;Falta un idioma válido.,Sin staging aceptado; sin asignación SKU existente; sin entrada digital en manifiesto normalizado,bookId;publisherId;sku;price (vincular valores existentes/verificados),isbn13;fechaPublicacion;paginas;ebookFileFormat,20.00: constante existente del importador de desarrollo; no es precio verificado del lote
EBOOK,Ebook/inventario.csv,35,Filosofía del conocimiento (2a. ed.),"[{""nombre"": ""Corazón González, Rafael"", ""orden"": 1}]",Filosofía,https://elibro.puce.elogim.com/es/lc/puce/titulos/46926,"Filosofía/originales/Filosofía del conocimiento (2a. ed.) - Corazón González, Rafael.jpg",covers/generated/digital-batch/pending-images/Ebook/Filosofia/portadas/ebook-c740fdc211f952d1.webp,be83a24f55ad7454b20c6a57cebcb5a5bab027571fb51c57534256fbe676f4b9,edicion.editorial;edicion.idioma,Falta la editorial.;Falta un idioma válido.,Sin staging aceptado; sin asignación SKU existente; sin entrada digital en manifiesto normalizado,bookId;publisherId;sku;price (vincular valores existentes/verificados),isbn13;fechaPublicacion;paginas;ebookFileFormat,20.00: constante existente del importador de desarrollo; no es precio verificado del lote
EBOOK,Ebook/inventario.csv,36,Filosofía del lenguaje,"[{""nombre"": ""Bustos Guadaño, Eduardo de"", ""orden"": 1}]",Filosofía,https://elibro.puce.elogim.com/es/lc/puce/titulos/48712,"Filosofía/originales/Filosofía del lenguaje - Bustos Guadaño, Eduardo de.jpg",covers/generated/digital-batch/pending-images/Ebook/Filosofia/portadas/ebook-00fe541f8e191ee1.webp,9268b1a4c117b29ccf6d5f0293cb03c36f121d6b54e4747b04108d9ef1eb49a8,edicion.editorial;edicion.idioma,Falta la editorial.;Falta un idioma válido.,Sin staging aceptado; sin asignación SKU existente; sin entrada digital en manifiesto normalizado,bookId;publisherId;sku;price (vincular valores existentes/verificados),isbn13;fechaPublicacion;paginas;ebookFileFormat,20.00: constante existente del importador de desarrollo; no es precio verificado del lote
EBOOK,Ebook/inventario.csv,37,Filosofía del renacimiento,"[{""nombre"": ""Pastor, W. F."", ""orden"": 1}]",Filosofía,https://elibro.puce.elogim.com/es/lc/puce/titulos/36350,"Filosofía/originales/Filosofía del renacimiento - Pastor, W. F..jpg",covers/generated/digital-batch/pending-images/Ebook/Filosofia/portadas/ebook-bd71367cdab1060c.webp,c33004170d083872700d0bda53a2e6b2751bff3cc737f5ec7f75e02f42c81bda,edicion.editorial;edicion.idioma,Falta la editorial.;Falta un idioma válido.,Sin staging aceptado; sin asignación SKU existente; sin entrada digital en manifiesto normalizado,bookId;publisherId;sku;price (vincular valores existentes/verificados),isbn13;fechaPublicacion;paginas;ebookFileFormat,20.00: constante existente del importador de desarrollo; no es precio verificado del lote
EBOOK,Ebook/inventario.csv,38,Filosofía fundamental,"[{""nombre"": ""Balmes, Jaime"", ""orden"": 1}]",Filosofía,https://elibro.puce.elogim.com/es/lc/puce/titulos/34402,"Filosofía/originales/Filosofía fundamental - Balmes, Jaime.jpg",covers/generated/digital-batch/pending-images/Ebook/Filosofia/portadas/ebook-9acec40ecdb659ec.webp,25a3be237af16d2ab022c3c647260a554bbf00837e07d61414eeab4183595b1f,edicion.editorial;edicion.idioma,Falta la editorial.;Falta un idioma válido.,Sin staging aceptado; sin asignación SKU existente; sin entrada digital en manifiesto normalizado,bookId;publisherId;sku;price (vincular valores existentes/verificados),isbn13;fechaPublicacion;paginas;ebookFileFormat,20.00: constante existente del importador de desarrollo; no es precio verificado del lote
EBOOK,Ebook/inventario.csv,39,Filosofía general,"[{""nombre"": ""Pastor, W. F."", ""orden"": 1}]",Filosofía,https://elibro.puce.elogim.com/es/lc/puce/titulos/36347,"Filosofía/originales/Filosofía general - Pastor, W. F..jpg",covers/generated/digital-batch/pending-images/Ebook/Filosofia/portadas/ebook-bbedcd4f008dc1f8.webp,1a7dfbc68d414197fd8d675fa32fc5ba24a7b7be489f019db9ce7f929b07d2f6,edicion.editorial;edicion.idioma,Falta la editorial.;Falta un idioma válido.,Sin staging aceptado; sin asignación SKU existente; sin entrada digital en manifiesto normalizado,bookId;publisherId;sku;price (vincular valores existentes/verificados),isbn13;fechaPublicacion;paginas;ebookFileFormat,20.00: constante existente del importador de desarrollo; no es precio verificado del lote
EBOOK,Ebook/inventario.csv,40,Filosofía medieval,"[{""nombre"": ""Pastor, W. F."", ""orden"": 1}]",Filosofía,https://elibro.puce.elogim.com/es/lc/puce/titulos/36349,"Filosofía/originales/Filosofía medieval - Pastor, W. F..jpg",covers/generated/digital-batch/pending-images/Ebook/Filosofia/portadas/ebook-0ac02126c2eb936a.webp,c03b700f516974727795c88ebea6e91f5c5e95007d71293bb7cf15a428d0c1a1,edicion.editorial;edicion.idioma,Falta la editorial.;Falta un idioma válido.,Sin staging aceptado; sin asignación SKU existente; sin entrada digital en manifiesto normalizado,bookId;publisherId;sku;price (vincular valores existentes/verificados),isbn13;fechaPublicacion;paginas;ebookFileFormat,20.00: constante existente del importador de desarrollo; no es precio verificado del lote
EBOOK,Ebook/inventario.csv,41,Filosofía moderna,"[{""nombre"": ""Pastor, W. F."", ""orden"": 1}]",Filosofía,https://elibro.puce.elogim.com/es/lc/puce/titulos/36351,"Filosofía/originales/Filosofía moderna - Pastor, W. F..jpg",covers/generated/digital-batch/pending-images/Ebook/Filosofia/portadas/ebook-a452742cfae417a9.webp,af243b6bf32ee20db54a67568cb3a33a82c648353700a8a6642e979096ffdf9d,edicion.editorial;edicion.idioma,Falta la editorial.;Falta un idioma válido.,Sin staging aceptado; sin asignación SKU existente; sin entrada digital en manifiesto normalizado,bookId;publisherId;sku;price (vincular valores existentes/verificados),isbn13;fechaPublicacion;paginas;ebookFileFormat,20.00: constante existente del importador de desarrollo; no es precio verificado del lote
EBOOK,Ebook/inventario.csv,42,Filosofía para Irene,"[{""nombre"": ""Choza, Jacinto"", ""orden"": 1}]",Filosofía,https://elibro.puce.elogim.com/es/lc/puce/titulos/59774,"Filosofía/originales/Filosofía para Irene - Choza, Jacinto.jpg",covers/generated/digital-batch/pending-images/Ebook/Filosofia/portadas/ebook-6866fe06c580051a.webp,6784c3d88265a9fbfea21e21cba4e886b59038265cff76171c386c9d7d47fb64,edicion.editorial;edicion.idioma,Falta la editorial.;Falta un idioma válido.,Sin staging aceptado; sin asignación SKU existente; sin entrada digital en manifiesto normalizado,bookId;publisherId;sku;price (vincular valores existentes/verificados),isbn13;fechaPublicacion;paginas;ebookFileFormat,20.00: constante existente del importador de desarrollo; no es precio verificado del lote
EBOOK,Ebook/inventario.csv,43,Filosofía política,"[{""nombre"": ""Cruz Prados, Alfredo"", ""orden"": 1}]",Filosofía,https://elibro.puce.elogim.com/es/lc/puce/titulos/47080,"Filosofía/originales/Filosofía política - Cruz Prados, Alfredo.jpg",covers/generated/digital-batch/pending-images/Ebook/Filosofia/portadas/ebook-32ea66d0a615db40.webp,57ef6068224d8ffafb111a1c8196b67df0833758cdcfea55ee293778ee22085d,edicion.editorial;edicion.idioma,Falta la editorial.;Falta un idioma válido.,Sin staging aceptado; sin asignación SKU existente; sin entrada digital en manifiesto normalizado,bookId;publisherId;sku;price (vincular valores existentes/verificados),isbn13;fechaPublicacion;paginas;ebookFileFormat,20.00: constante existente del importador de desarrollo; no es precio verificado del lote
EBOOK,Ebook/inventario.csv,44,Filosofía y palomitas,"[{""nombre"": ""Reina Garnacho, José Manuel"", ""orden"": 1}]",Filosofía,https://elibro.puce.elogim.com/es/lc/puce/titulos/52635,"Filosofía/originales/Filosofía y palomitas - Reina Garnacho, José Manuel.jpg",covers/generated/digital-batch/pending-images/Ebook/Filosofia/portadas/ebook-0072a41519535ed6.webp,c2d4399eb82790446daf01b8dad531ef1c14795c104c2f1e1ccc7f8307b71722,edicion.editorial;edicion.idioma,Falta la editorial.;Falta un idioma válido.,Sin staging aceptado; sin asignación SKU existente; sin entrada digital en manifiesto normalizado,bookId;publisherId;sku;price (vincular valores existentes/verificados),isbn13;fechaPublicacion;paginas;ebookFileFormat,20.00: constante existente del importador de desarrollo; no es precio verificado del lote
EBOOK,Ebook/inventario.csv,47,La filosofía de la tecnología,"[{""nombre"": ""Sarsanedas, Anna"", ""orden"": 1}]",Filosofía,https://elibro.puce.elogim.com/es/lc/puce/titulos/57841,"Filosofía/originales/La filosofía de la tecnología - Sarsanedas, Anna.jpg",covers/generated/digital-batch/pending-images/Ebook/Filosofia/portadas/ebook-4de59f9ea9c0380f.webp,2b125333d4e25cca05f066c0cd89faf9655861e63f22be3a6d3858d6b2efd747,edicion.editorial;edicion.idioma,Falta la editorial.;Falta un idioma válido.,Sin staging aceptado; sin asignación SKU existente; sin entrada digital en manifiesto normalizado,bookId;publisherId;sku;price (vincular valores existentes/verificados),isbn13;fechaPublicacion;paginas;ebookFileFormat,20.00: constante existente del importador de desarrollo; no es precio verificado del lote
EBOOK,Ebook/inventario.csv,48,Las tareas de la filosofía,"[{""nombre"": ""Cuartango, Román"", ""orden"": 1}]",Filosofía,https://elibro.puce.elogim.com/es/lc/puce/titulos/53385,"Filosofía/originales/Las tareas de la filosofía - Cuartango, Román.jpg",covers/generated/digital-batch/pending-images/Ebook/Filosofia/portadas/ebook-216488251242cf20.webp,e88a08f37c2b1feabb1d19ffafad9ca71766b395345f21a01dd9c6d7a53c70fa,edicion.editorial;edicion.idioma,Falta la editorial.;Falta un idioma válido.,Sin staging aceptado; sin asignación SKU existente; sin entrada digital en manifiesto normalizado,bookId;publisherId;sku;price (vincular valores existentes/verificados),isbn13;fechaPublicacion;paginas;ebookFileFormat,20.00: constante existente del importador de desarrollo; no es precio verificado del lote
EBOOK,Ebook/inventario.csv,49,¿Qué es Filosofía?,"[{""nombre"": ""Betancourt Delgado, William"", ""orden"": 1}]",Filosofía,https://elibro.puce.elogim.com/es/lc/puce/titulos/221757,"Filosofía/originales/¿Qué es Filosofía - Betancourt Delgado, William.jpg",covers/generated/digital-batch/pending-images/Ebook/Filosofia/portadas/ebook-14fff49a1571571a.webp,05fdbc3220b2a44f3c986adff87f6a3f66603f355dc4946e386fe13088ed82f3,edicion.editorial;edicion.idioma,Falta la editorial.;Falta un idioma válido.,Sin staging aceptado; sin asignación SKU existente; sin entrada digital en manifiesto normalizado,bookId;publisherId;sku;price (vincular valores existentes/verificados),isbn13;fechaPublicacion;paginas;ebookFileFormat,20.00: constante existente del importador de desarrollo; no es precio verificado del lote
EBOOK,Ebook/inventario.csv,51,¿Qué es la filosofía?,"[{""nombre"": ""Heidegger, Martin"", ""orden"": 1}]",Filosofía,https://elibro.puce.elogim.com/es/lc/puce/titulos/45723,"Filosofía/originales/¿Qué es la filosofía - Heidegger, Martin.jpg",covers/generated/digital-batch/pending-images/Ebook/Filosofia/portadas/ebook-697837145d693b86.webp,f3e62e45c613644ae0d63c03f6d94c9cf7a10e98b5d937ce75718064fe49f571,edicion.editorial;edicion.idioma,Falta la editorial.;Falta un idioma válido.,Sin staging aceptado; sin asignación SKU existente; sin entrada digital en manifiesto normalizado,bookId;publisherId;sku;price (vincular valores existentes/verificados),isbn13;fechaPublicacion;paginas;ebookFileFormat,20.00: constante existente del importador de desarrollo; no es precio verificado del lote
EBOOK,Ebook/inventario.csv,54,El mundo de la psicología,"[{""nombre"": ""Ardila, Rubén"", ""orden"": 1}]",Psicología,https://elibro.puce.elogim.com/es/lc/puce/titulos/71138,"Psicología/originales/El mundo de la psicología - Ardila, Rubén.jpg",covers/generated/digital-batch/pending-images/Ebook/psicologia/portadas/ebook-0fe3847a7ff875c7.webp,89e8e2be2475990bb8315173383dcd2a3c6b17eb749f69c1b35aa34e222a3bb1,edicion.editorial;edicion.idioma,Falta la editorial.;Falta un idioma válido.,Sin staging aceptado; sin asignación SKU existente; sin entrada digital en manifiesto normalizado,bookId;publisherId;sku;price (vincular valores existentes/verificados),isbn13;fechaPublicacion;paginas;ebookFileFormat,20.00: constante existente del importador de desarrollo; no es precio verificado del lote
EBOOK,Ebook/inventario.csv,55,Estadística en psicología,"[{""nombre"": ""Bologna, Eduardo"", ""orden"": 1}]",Psicología,https://elibro.puce.elogim.com/es/lc/puce/titulos/78041,"Psicología/originales/Estadística en psicología - Bologna, Eduardo.jpg",covers/generated/digital-batch/pending-images/Ebook/psicologia/portadas/ebook-13fe5aaddb7931dd.webp,776fbe3ab216c32e74b9b07bbddf1658f5b43fb4f8bcceed46141b78b4957bfa,edicion.editorial;edicion.idioma,Falta la editorial.;Falta un idioma válido.,Sin staging aceptado; sin asignación SKU existente; sin entrada digital en manifiesto normalizado,bookId;publisherId;sku;price (vincular valores existentes/verificados),isbn13;fechaPublicacion;paginas;ebookFileFormat,20.00: constante existente del importador de desarrollo; no es precio verificado del lote
EBOOK,Ebook/inventario.csv,56,Homosexualidad y psicología (2a. ed.),"[{""nombre"": ""Ardila, Rubén"", ""orden"": 1}]",Psicología,https://elibro.puce.elogim.com/es/lc/puce/titulos/71137,"Psicología/originales/Homosexualidad y psicología (2a. ed.) - Ardila, Rubén.jpg",covers/generated/digital-batch/pending-images/Ebook/psicologia/portadas/ebook-7f4b1c3b4d2275b4.webp,6a53d3493ec1e01ccf8d08d829f63ab9bde879751a7d38f7bce3995b98e00d18,edicion.editorial;edicion.idioma,Falta la editorial.;Falta un idioma válido.,Sin staging aceptado; sin asignación SKU existente; sin entrada digital en manifiesto normalizado,bookId;publisherId;sku;price (vincular valores existentes/verificados),isbn13;fechaPublicacion;paginas;ebookFileFormat,20.00: constante existente del importador de desarrollo; no es precio verificado del lote
EBOOK,Ebook/inventario.csv,58,La psicología y su pluralidad,"[{""nombre"": ""Colombo, María Elena"", ""orden"": 1}]",Psicología,https://elibro.puce.elogim.com/es/lc/puce/titulos/119841,"Psicología/originales/La psicología y su pluralidad - Colombo, María Elena.jpg",covers/generated/digital-batch/pending-images/Ebook/psicologia/portadas/ebook-9e5abbbd2405e7b5.webp,033a945e5bac6e5b6297091a4224b3a5ef088d1ef78ddb9c187bfacc71b6dddc,edicion.editorial;edicion.idioma,Falta la editorial.;Falta un idioma válido.,Sin staging aceptado; sin asignación SKU existente; sin entrada digital en manifiesto normalizado,bookId;publisherId;sku;price (vincular valores existentes/verificados),isbn13;fechaPublicacion;paginas;ebookFileFormat,20.00: constante existente del importador de desarrollo; no es precio verificado del lote
EBOOK,Ebook/inventario.csv,59,Psicología clínica,"[{""nombre"": ""Sánchez Escobedo, Pedro Antonio"", ""orden"": 1}]",Psicología,https://elibro.puce.elogim.com/es/lc/puce/titulos/100383,"Psicología/originales/Psicología clínica - Sánchez Escobedo, Pedro Antonio.jpg",covers/generated/digital-batch/pending-images/Ebook/psicologia/portadas/ebook-a6d0ccd57418264c.webp,a4b0aae242aca478c9f3280e1fead628fe604f23b52b2e072c8dd4ff944ba752,edicion.editorial;edicion.idioma,Falta la editorial.;Falta un idioma válido.,Sin staging aceptado; sin asignación SKU existente; sin entrada digital en manifiesto normalizado,bookId;publisherId;sku;price (vincular valores existentes/verificados),isbn13;fechaPublicacion;paginas;ebookFileFormat,20.00: constante existente del importador de desarrollo; no es precio verificado del lote
EBOOK,Ebook/inventario.csv,60,Psicología de la competición,"[{""nombre"": ""Martín-Albo Lucas, José; Núñez Alonso, Juan Luis"", ""orden"": 1}]",Psicología,https://elibro.puce.elogim.com/es/lc/puce/titulos/60221,"Psicología/originales/Psicología de la competición - Martín-Albo Lucas, José; Núñez Alonso, Juan Luis.jpg",covers/generated/digital-batch/pending-images/Ebook/psicologia/portadas/ebook-a1526abacd1bdb70.webp,65f7f9daff19aeaad40ec3a0bc7cd10bac4870e8ae893f8d1841ef46c1d485a1,edicion.editorial;edicion.idioma,Falta la editorial.;Falta un idioma válido.,Sin staging aceptado; sin asignación SKU existente; sin entrada digital en manifiesto normalizado,bookId;publisherId;sku;price (vincular valores existentes/verificados),isbn13;fechaPublicacion;paginas;ebookFileFormat,20.00: constante existente del importador de desarrollo; no es precio verificado del lote
EBOOK,Ebook/inventario.csv,63,Psicología de la personalidad,"[{""nombre"": ""Bermúdez Moreno, José; Pérez-García, Ana María; Ruiz Caballero, José Antonio; Sanjuán Suárez, Pilar; Rueda Laffond, Beatriz"", ""orden"": 1}]",Psicología,https://elibro.puce.elogim.com/es/lc/puce/titulos/48581,"Psicología/originales/Psicología de la personalidad - Bermúdez Moreno, José; Pérez-García, Ana María; Ruiz Caballero, José Antonio; Sanjuán Suárez, Pilar; Rueda Laffond, Beatriz.jpg",covers/generated/digital-batch/pending-images/Ebook/psicologia/portadas/ebook-d690a764a51c9691.webp,a18f342c99868ae7017257c4767828030d88abaa06f435e6769b433f3b0ba610,edicion.editorial;edicion.idioma,Falta la editorial.;Falta un idioma válido.,Sin staging aceptado; sin asignación SKU existente; sin entrada digital en manifiesto normalizado,bookId;publisherId;sku;price (vincular valores existentes/verificados),isbn13;fechaPublicacion;paginas;ebookFileFormat,20.00: constante existente del importador de desarrollo; no es precio verificado del lote
EBOOK,Ebook/inventario.csv,65,Psicología de las masas (6a. ed.),"[{""nombre"": ""Le Bon, Gustave"", ""orden"": 1}]",Psicología,https://elibro.puce.elogim.com/es/lc/puce/titulos/116203,"Psicología/originales/Psicología de las masas (6a. ed.) - Le Bon, Gustave.jpg",covers/generated/digital-batch/pending-images/Ebook/psicologia/portadas/ebook-8a486f9b57ac9316.webp,0ed89dde2b9cefa6a98e4edceab85845a078002c94214be752498e86696bdf24,edicion.editorial;edicion.idioma,Falta la editorial.;Falta un idioma válido.,Sin staging aceptado; sin asignación SKU existente; sin entrada digital en manifiesto normalizado,bookId;publisherId;sku;price (vincular valores existentes/verificados),isbn13;fechaPublicacion;paginas;ebookFileFormat,20.00: constante existente del importador de desarrollo; no es precio verificado del lote
EBOOK,Ebook/inventario.csv,67,Psicología del niño (18a. ed.),"[{""nombre"": ""Piaget, Jean; Inhelder, Bärbel"", ""orden"": 1}]",Psicología,https://elibro.puce.elogim.com/es/lc/puce/titulos/116205,"Psicología/originales/Psicología del niño (18a. ed.) - Piaget, Jean; Inhelder, Bärbel.jpg",covers/generated/digital-batch/pending-images/Ebook/psicologia/portadas/ebook-e509af1fb945cdd3.webp,f138f4adccd11d53be697df574dc8f14768cac86010226e821e8cb3d5ced33cf,edicion.editorial;edicion.idioma,Falta la editorial.;Falta un idioma válido.,Sin staging aceptado; sin asignación SKU existente; sin entrada digital en manifiesto normalizado,bookId;publisherId;sku;price (vincular valores existentes/verificados),isbn13;fechaPublicacion;paginas;ebookFileFormat,20.00: constante existente del importador de desarrollo; no es precio verificado del lote
EBOOK,Ebook/inventario.csv,69,Psicología diferencial,"[{""nombre"": ""Matud Aznar, María del Pilar; Marrero Quevedo, Rosario J.; Carballeira Abella, Mónica"", ""orden"": 1}]",Psicología,https://elibro.puce.elogim.com/es/lc/puce/titulos/106631,"Psicología/originales/Psicología diferencial - Matud Aznar, María del Pilar; Marrero Quevedo, Rosario J.; Carballeira Abella, Mónica.jpg",covers/generated/digital-batch/pending-images/Ebook/psicologia/portadas/ebook-81d10bac39520b9d.webp,1b9a67187d35efadee3c9ef6422933867d73b2fbb92129dc0e296a12b47e2fb1,edicion.editorial;edicion.idioma,Falta la editorial.;Falta un idioma válido.,Sin staging aceptado; sin asignación SKU existente; sin entrada digital en manifiesto normalizado,bookId;publisherId;sku;price (vincular valores existentes/verificados),isbn13;fechaPublicacion;paginas;ebookFileFormat,20.00: constante existente del importador de desarrollo; no es precio verificado del lote
EBOOK,Ebook/inventario.csv,71,Psicología general (3a. ed.),"[{""nombre"": ""Eva Laura García González"", ""orden"": 1}]",Psicología,https://elibro.puce.elogim.com/es/lc/puce/titulos/40402,Psicología/originales/Psicología general (3a. ed.) - Eva Laura García González.jpg,covers/generated/digital-batch/pending-images/Ebook/psicologia/portadas/ebook-555c90c48e9c9991.webp,ce836530b65f3951a9d6439828dfbfdec509b4c2075b074e6bf68ef1cdcb1434,edicion.editorial;edicion.idioma,Falta la editorial.;Falta un idioma válido.,Sin staging aceptado; sin asignación SKU existente; sin entrada digital en manifiesto normalizado,bookId;publisherId;sku;price (vincular valores existentes/verificados),isbn13;fechaPublicacion;paginas;ebookFileFormat,20.00: constante existente del importador de desarrollo; no es precio verificado del lote
EBOOK,Ebook/inventario.csv,72,Psicología médica,"[{""nombre"": ""Fuente, Ramón de la"", ""orden"": 1}]",Psicología,https://elibro.puce.elogim.com/es/lc/puce/titulos/109986,"Psicología/originales/Psicología médica - Fuente, Ramón de la.jpg",covers/generated/digital-batch/pending-images/Ebook/psicologia/portadas/ebook-67511892222078e9.webp,47a264509afa6694a56b49eff9fbcb70e4d2f8ac32c20cdf3d7cba5d287c0f58,edicion.editorial;edicion.idioma,Falta la editorial.;Falta un idioma válido.,Sin staging aceptado; sin asignación SKU existente; sin entrada digital en manifiesto normalizado,bookId;publisherId;sku;price (vincular valores existentes/verificados),isbn13;fechaPublicacion;paginas;ebookFileFormat,20.00: constante existente del importador de desarrollo; no es precio verificado del lote
EBOOK,Ebook/inventario.csv,73,Psicología social,"[{""nombre"": ""Bello Dávila, Zoe; Casales Fernández, Julio César"", ""orden"": 1}]",Psicología,https://elibro.puce.elogim.com/es/lc/puce/titulos/71802,"Psicología/originales/Psicología social - Bello Dávila, Zoe; Casales Fernández, Julio César.jpg",covers/generated/digital-batch/pending-images/Ebook/psicologia/portadas/ebook-ba2dc1c5b664546f.webp,fc3b28c3f66530db7f809b89984d4a2e360ce484bb0b830dacdeafa29d0795de,edicion.editorial;edicion.idioma,Falta la editorial.;Falta un idioma válido.,Sin staging aceptado; sin asignación SKU existente; sin entrada digital en manifiesto normalizado,bookId;publisherId;sku;price (vincular valores existentes/verificados),isbn13;fechaPublicacion;paginas;ebookFileFormat,20.00: constante existente del importador de desarrollo; no es precio verificado del lote
EBOOK,Ebook/inventario.csv,74,Psicología. Lo inconsciente,"[{""nombre"": ""Töpf, José; Rojo, Heberto A."", ""orden"": 1}]",Psicología,https://elibro.puce.elogim.com/es/lc/puce/titulos/119908,"Psicología/originales/Psicología. Lo inconsciente - Töpf, José; Rojo, Heberto A..jpg",covers/generated/digital-batch/pending-images/Ebook/psicologia/portadas/ebook-5a67a4b7881c5a5f.webp,19da60012154c79673921837943b656ddb3e5f62eae9dbfc076155e6a6cac672,edicion.editorial;edicion.idioma,Falta la editorial.;Falta un idioma válido.,Sin staging aceptado; sin asignación SKU existente; sin entrada digital en manifiesto normalizado,bookId;publisherId;sku;price (vincular valores existentes/verificados),isbn13;fechaPublicacion;paginas;ebookFileFormat,20.00: constante existente del importador de desarrollo; no es precio verificado del lote
EBOOK,Ebook/inventario.csv,75,Psicología: polimodal,"[{""nombre"": ""Divenosa, Marisa; Costa, Ivana"", ""orden"": 1}]",Psicología,https://elibro.puce.elogim.com/es/lc/puce/titulos/78946,"Psicología/originales/Psicología polimodal - Divenosa, Marisa; Costa, Ivana.jpg",covers/generated/digital-batch/pending-images/Ebook/psicologia/portadas/ebook-f8e97f4f26b71ec3.webp,37c9e031cb0ef5b12e62e9d83d097b8e576692e1370acb72ecda5eb5cef89c16,edicion.editorial;edicion.idioma,Falta la editorial.;Falta un idioma válido.,Sin staging aceptado; sin asignación SKU existente; sin entrada digital en manifiesto normalizado,bookId;publisherId;sku;price (vincular valores existentes/verificados),isbn13;fechaPublicacion;paginas;ebookFileFormat,20.00: constante existente del importador de desarrollo; no es precio verificado del lote
EBOOK,Ebook/inventario.csv,77,Historia,"[{""nombre"": ""Javier Gálvez S."", ""orden"": 1}]",Historia,https://elibro.puce.elogim.com/es/lc/puce/titulos/79196,Historia/originales/Historia - Javier Gálvez S..jpg,covers/generated/digital-batch/pending-images/Ebook/historia/portadas/ebook-18f389fa1ff99dbe.webp,241155985f6b82b372dd3081bc6d5e01fd086471e53dc316ebf49b7c84cf6d73,edicion.editorial;edicion.idioma,Falta la editorial.;Falta un idioma válido.,Sin staging aceptado; sin asignación SKU existente; sin entrada digital en manifiesto normalizado,bookId;publisherId;sku;price (vincular valores existentes/verificados),isbn13;fechaPublicacion;paginas;ebookFileFormat,20.00: constante existente del importador de desarrollo; no es precio verificado del lote
EBOOK,Ebook/inventario.csv,78,Historia de América,"[{""nombre"": ""Malamud, Carlos"", ""orden"": 1}]",Historia,https://elibro.puce.elogim.com/es/lc/puce/titulos/304769,"Historia/originales/Historia de América - Malamud, Carlos.jpg",covers/generated/digital-batch/pending-images/Ebook/historia/portadas/ebook-2b56751b895caee6.webp,613a6d7ef62ed16ca20ec0ae92bd588517903cb535ccda04d6ebbe8c272dfc6d,edicion.editorial;edicion.idioma,Falta la editorial.;Falta un idioma válido.,Sin staging aceptado; sin asignación SKU existente; sin entrada digital en manifiesto normalizado,bookId;publisherId;sku;price (vincular valores existentes/verificados),isbn13;fechaPublicacion;paginas;ebookFileFormat,20.00: constante existente del importador de desarrollo; no es precio verificado del lote
EBOOK,Ebook/inventario.csv,79,Historia de Cádiz,"[{""nombre"": ""Horozco, Agustín de"", ""orden"": 1}]",Historia,https://elibro.puce.elogim.com/es/lc/puce/titulos/33935,"Historia/originales/Historia de Cádiz - Horozco, Agustín de.jpg",covers/generated/digital-batch/pending-images/Ebook/historia/portadas/ebook-4867fc8ce98b175b.webp,538c62787067f7ea0d6d222e703e813d7c2ed40036ae2329baa85f449d2ec3fd,edicion.editorial;edicion.idioma,Falta la editorial.;Falta un idioma válido.,Sin staging aceptado; sin asignación SKU existente; sin entrada digital en manifiesto normalizado,bookId;publisherId;sku;price (vincular valores existentes/verificados),isbn13;fechaPublicacion;paginas;ebookFileFormat,20.00: constante existente del importador de desarrollo; no es precio verificado del lote
EBOOK,Ebook/inventario.csv,80,Historia de Córdoba,"[{""nombre"": ""Aguilar Gavilán, Enrique"", ""orden"": 1}]",Historia,https://elibro.puce.elogim.com/es/lc/puce/titulos/52407,"Historia/originales/Historia de Córdoba - Aguilar Gavilán, Enrique.jpg",covers/generated/digital-batch/pending-images/Ebook/historia/portadas/ebook-b668bfd19c2b596c.webp,36ef6cfb95a23c57f4d4037c4f7202de94f986e67599dd41fe6a04bd4a7e5699,edicion.editorial;edicion.idioma,Falta la editorial.;Falta un idioma válido.,Sin staging aceptado; sin asignación SKU existente; sin entrada digital en manifiesto normalizado,bookId;publisherId;sku;price (vincular valores existentes/verificados),isbn13;fechaPublicacion;paginas;ebookFileFormat,20.00: constante existente del importador de desarrollo; no es precio verificado del lote
EBOOK,Ebook/inventario.csv,81,Historia de Francia,"[{""nombre"": ""Price, Roger"", ""orden"": 1}]",Historia,https://elibro.puce.elogim.com/es/lc/puce/titulos/49779,"Historia/originales/Historia de Francia - Price, Roger.jpg",covers/generated/digital-batch/pending-images/Ebook/historia/portadas/ebook-15ff99c2d2fa9523.webp,fcd19dc8565150a38b5b0918ea6b2e584d2953b09360b5a396dd9d87b0240cd3,edicion.editorial;edicion.idioma,Falta la editorial.;Falta un idioma válido.,Sin staging aceptado; sin asignación SKU existente; sin entrada digital en manifiesto normalizado,bookId;publisherId;sku;price (vincular valores existentes/verificados),isbn13;fechaPublicacion;paginas;ebookFileFormat,20.00: constante existente del importador de desarrollo; no es precio verificado del lote
EBOOK,Ebook/inventario.csv,82,Historia de Irlanda (3a. ed.),"[{""nombre"": ""O’Beirne Ranelagh, John"", ""orden"": 1}]",Historia,https://elibro.puce.elogim.com/es/lc/puce/titulos/49812,"Historia/originales/Historia de Irlanda (3a. ed.) - O’Beirne Ranelagh, John.jpg",covers/generated/digital-batch/pending-images/Ebook/historia/portadas/ebook-962e5b8ad3725942.webp,6653afc2da7a7f9ab54b944ecb158fcdf97d70cd8771f9f007695b1013fc75dc,edicion.editorial;edicion.idioma,Falta la editorial.;Falta un idioma válido.,Sin staging aceptado; sin asignación SKU existente; sin entrada digital en manifiesto normalizado,bookId;publisherId;sku;price (vincular valores existentes/verificados),isbn13;fechaPublicacion;paginas;ebookFileFormat,20.00: constante existente del importador de desarrollo; no es precio verificado del lote
EBOOK,Ebook/inventario.csv,83,Historia de Italia (2a. ed.),"[{""nombre"": ""Duggan, Christopher"", ""orden"": 1}]",Historia,https://elibro.puce.elogim.com/es/lc/puce/titulos/49780,"Historia/originales/Historia de Italia (2a. ed.) - Duggan, Christopher.jpg",covers/generated/digital-batch/pending-images/Ebook/historia/portadas/ebook-af6ad49654985125.webp,18b9dbb8d3c393896d807bb0b7b670022c5a1ff2f8309a7c13dedcfb56218534,edicion.editorial;edicion.idioma,Falta la editorial.;Falta un idioma válido.,Sin staging aceptado; sin asignación SKU existente; sin entrada digital en manifiesto normalizado,bookId;publisherId;sku;price (vincular valores existentes/verificados),isbn13;fechaPublicacion;paginas;ebookFileFormat,20.00: constante existente del importador de desarrollo; no es precio verificado del lote
EBOOK,Ebook/inventario.csv,84,Historia de la cultura en la América hispánica,"[{""nombre"": ""Henríquez Ureña, Pedro"", ""orden"": 1}]",Historia,https://elibro.puce.elogim.com/es/lc/puce/titulos/110160,"Historia/originales/Historia de la cultura en la América hispánica - Henríquez Ureña, Pedro.jpg",covers/generated/digital-batch/pending-images/Ebook/historia/portadas/ebook-842788ea6c161a3d.webp,b0c1e98ca45e5b6234871714037890d6765ebc9755e9ee6d2b39055944331c14,edicion.editorial;edicion.idioma,Falta la editorial.;Falta un idioma válido.,Sin staging aceptado; sin asignación SKU existente; sin entrada digital en manifiesto normalizado,bookId;publisherId;sku;price (vincular valores existentes/verificados),isbn13;fechaPublicacion;paginas;ebookFileFormat,20.00: constante existente del importador de desarrollo; no es precio verificado del lote
EBOOK,Ebook/inventario.csv,85,Historia de la India (3a. ed.),"[{""nombre"": ""Metcalf, Barbara D. - Metcalf, Thomas R."", ""orden"": 1}]",Historia,https://elibro.puce.elogim.com/es/lc/puce/titulos/49813,"Historia/originales/Historia de la India (3a. ed.) - Metcalf, Barbara D. - Metcalf, Thomas R..jpg",covers/generated/digital-batch/pending-images/Ebook/historia/portadas/ebook-4e24ef789a1c76b5.webp,d70e0f473f32f16eaa3c3f8f19bf30aa74c70ecb3ade521837ff77df3dd17d71,edicion.editorial;edicion.idioma,Falta la editorial.;Falta un idioma válido.,Sin staging aceptado; sin asignación SKU existente; sin entrada digital en manifiesto normalizado,bookId;publisherId;sku;price (vincular valores existentes/verificados),isbn13;fechaPublicacion;paginas;ebookFileFormat,20.00: constante existente del importador de desarrollo; no es precio verificado del lote
EBOOK,Ebook/inventario.csv,86,Historia de los Estados Unidos de América,"[{""nombre"": ""Grant, Susan-Mary"", ""orden"": 1}]",Historia,https://elibro.puce.elogim.com/es/lc/puce/titulos/49811,"Historia/originales/Historia de los Estados Unidos de América - Grant, Susan-Mary.jpg",covers/generated/digital-batch/pending-images/Ebook/historia/portadas/ebook-e804e1bc6a8c36cb.webp,7a3e08eac67603efa6eff1215ed036553bf874c1d89db02a35741f36d64f957c,edicion.editorial;edicion.idioma,Falta la editorial.;Falta un idioma válido.,Sin staging aceptado; sin asignación SKU existente; sin entrada digital en manifiesto normalizado,bookId;publisherId;sku;price (vincular valores existentes/verificados),isbn13;fechaPublicacion;paginas;ebookFileFormat,20.00: constante existente del importador de desarrollo; no es precio verificado del lote
EBOOK,Ebook/inventario.csv,87,Historia de México,"[{""nombre"": ""Cavo, Andrés"", ""orden"": 1}]",Historia,https://elibro.puce.elogim.com/es/lc/puce/titulos/37244,"Historia/originales/Historia de México - Cavo, Andrés.jpg",covers/generated/digital-batch/pending-images/Ebook/historia/portadas/ebook-feb8d575cc7258a0.webp,732a7fe04b7daf1ad33803750056908a68799cad1cd32f85a26a737a01594c3f,edicion.editorial;edicion.idioma,Falta la editorial.;Falta un idioma válido.,Sin staging aceptado; sin asignación SKU existente; sin entrada digital en manifiesto normalizado,bookId;publisherId;sku;price (vincular valores existentes/verificados),isbn13;fechaPublicacion;paginas;ebookFileFormat,20.00: constante existente del importador de desarrollo; no es precio verificado del lote
EBOOK,Ebook/inventario.csv,89,Historia de Rusia,"[{""nombre"": ""Bushkovitch, Paul"", ""orden"": 1}]",Historia,https://elibro.puce.elogim.com/es/lc/puce/titulos/49810,"Historia/originales/Historia de Rusia - Bushkovitch, Paul.jpg",covers/generated/digital-batch/pending-images/Ebook/historia/portadas/ebook-7f0c6a2a50f028d5.webp,d31b45eeb5ec991dcb6a0e9d7c8001357b1c9b2f68ec95b978571b2d23384f3f,edicion.editorial;edicion.idioma,Falta la editorial.;Falta un idioma válido.,Sin staging aceptado; sin asignación SKU existente; sin entrada digital en manifiesto normalizado,bookId;publisherId;sku;price (vincular valores existentes/verificados),isbn13;fechaPublicacion;paginas;ebookFileFormat,20.00: constante existente del importador de desarrollo; no es precio verificado del lote
EBOOK,Ebook/inventario.csv,90,Historia de Tlaxcala,"[{""nombre"": ""Muñoz y Camargo, Diego"", ""orden"": 1}]",Historia,https://elibro.puce.elogim.com/es/lc/puce/titulos/62415,"Historia/originales/Historia de Tlaxcala - Muñoz y Camargo, Diego.jpg",covers/generated/digital-batch/pending-images/Ebook/historia/portadas/ebook-e252c4f94c85fd0a.webp,3e670b0ab789be87b1ef5bbf1c4860881f02f6533df4cca8b75d412651de5b9a,edicion.editorial;edicion.idioma,Falta la editorial.;Falta un idioma válido.,Sin staging aceptado; sin asignación SKU existente; sin entrada digital en manifiesto normalizado,bookId;publisherId;sku;price (vincular valores existentes/verificados),isbn13;fechaPublicacion;paginas;ebookFileFormat,20.00: constante existente del importador de desarrollo; no es precio verificado del lote
EBOOK,Ebook/inventario.csv,91,Historia de Yucatán,"[{""nombre"": ""Cogolludo, Diego López de"", ""orden"": 1}]",Historia,https://elibro.puce.elogim.com/es/lc/puce/titulos/61593,"Historia/originales/Historia de Yucatán - Cogolludo, Diego López de.jpg",covers/generated/digital-batch/pending-images/Ebook/historia/portadas/ebook-1fb792ea40eb7626.webp,7d7e478237e74558a54a4af3bfc3c7bfa38126830d05e7b25ec8d13050c2ed43,edicion.editorial;edicion.idioma,Falta la editorial.;Falta un idioma válido.,Sin staging aceptado; sin asignación SKU existente; sin entrada digital en manifiesto normalizado,bookId;publisherId;sku;price (vincular valores existentes/verificados),isbn13;fechaPublicacion;paginas;ebookFileFormat,20.00: constante existente del importador de desarrollo; no es precio verificado del lote
EBOOK,Ebook/inventario.csv,92,Historia económica,"[{""nombre"": ""José U. Bernardos Sanz - Mauro Hernández - Miguel Santamaría Lancho"", ""orden"": 1}]",Historia,https://elibro.puce.elogim.com/es/lc/puce/titulos/48793,Historia/originales/Historia económica - José U. Bernardos Sanz - Mauro Hernández - Miguel Santamaría Lancho.jpg,covers/generated/digital-batch/pending-images/Ebook/historia/portadas/ebook-02b1d39c9908dbf0.webp,0bae1dbd2d293c17eb37ebe02be71b3cd548f648f991b2833e32f2af221131a8,edicion.editorial;edicion.idioma,Falta la editorial.;Falta un idioma válido.,Sin staging aceptado; sin asignación SKU existente; sin entrada digital en manifiesto normalizado,bookId;publisherId;sku;price (vincular valores existentes/verificados),isbn13;fechaPublicacion;paginas;ebookFileFormat,20.00: constante existente del importador de desarrollo; no es precio verificado del lote
EBOOK,Ebook/inventario.csv,94,Historia mínima de Estados Unidos de América,"[{""nombre"": ""Pani, Erika"", ""orden"": 1}]",Historia,https://elibro.puce.elogim.com/es/lc/puce/titulos/194936,"Historia/originales/Historia mínima de Estados Unidos de América - Pani, Erika.jpg",covers/generated/digital-batch/pending-images/Ebook/historia/portadas/ebook-de34d5542d024bc3.webp,eb340eda0916639883ac79874e09f0b27c88a0b39f781894379d59126cee7983,edicion.editorial;edicion.idioma,Falta la editorial.;Falta un idioma válido.,Sin staging aceptado; sin asignación SKU existente; sin entrada digital en manifiesto normalizado,bookId;publisherId;sku;price (vincular valores existentes/verificados),isbn13;fechaPublicacion;paginas;ebookFileFormat,20.00: constante existente del importador de desarrollo; no es precio verificado del lote
EBOOK,Ebook/inventario.csv,95,Historia mínima de los feminismos en América Latina,"[{""nombre"": ""Barrancos, Dora"", ""orden"": 1}]",Historia,https://elibro.puce.elogim.com/es/lc/puce/titulos/194902,"Historia/originales/Historia mínima de los feminismos en América Latina - Barrancos, Dora.jpg",covers/generated/digital-batch/pending-images/Ebook/historia/portadas/ebook-b379868c14ca7b31.webp,81deaded12840c56c96df2ab3193dedbd58e36dc2bf9d23a3722ca0fb48e819c,edicion.editorial;edicion.idioma,Falta la editorial.;Falta un idioma válido.,Sin staging aceptado; sin asignación SKU existente; sin entrada digital en manifiesto normalizado,bookId;publisherId;sku;price (vincular valores existentes/verificados),isbn13;fechaPublicacion;paginas;ebookFileFormat,20.00: constante existente del importador de desarrollo; no es precio verificado del lote
EBOOK,Ebook/inventario.csv,96,Historia mínima del constitucionalismo en América Latina,"[{""nombre"": ""Portillo Valdés, José M."", ""orden"": 1}]",Historia,https://elibro.puce.elogim.com/es/lc/puce/titulos/194943,"Historia/originales/Historia mínima del constitucionalismo en América Latina - Portillo Valdés, José M..jpg",covers/generated/digital-batch/pending-images/Ebook/historia/portadas/ebook-148c1de0d90004d4.webp,1cf6d7c511c035da21b3f9cd5fb874be203024c9ed0621164556ac87d14c68aa,edicion.editorial;edicion.idioma,Falta la editorial.;Falta un idioma válido.,Sin staging aceptado; sin asignación SKU existente; sin entrada digital en manifiesto normalizado,bookId;publisherId;sku;price (vincular valores existentes/verificados),isbn13;fechaPublicacion;paginas;ebookFileFormat,20.00: constante existente del importador de desarrollo; no es precio verificado del lote
EBOOK,Ebook/inventario.csv,97,Historia mínima del indigenismo en América Latina,"[{""nombre"": ""Fábregas Puig, Andrés A."", ""orden"": 1}]",Historia,https://elibro.puce.elogim.com/es/lc/puce/titulos/216374,"Historia/originales/Historia mínima del indigenismo en América Latina - Fábregas Puig, Andrés A..jpg",covers/generated/digital-batch/pending-images/Ebook/historia/portadas/ebook-12ce3edbc4487ab6.webp,a32e3471545b6db52f480dcaf681bca57b01b92a8256f1e39383f3a6bce5f177,edicion.editorial;edicion.idioma,Falta la editorial.;Falta un idioma válido.,Sin staging aceptado; sin asignación SKU existente; sin entrada digital en manifiesto normalizado,bookId;publisherId;sku;price (vincular valores existentes/verificados),isbn13;fechaPublicacion;paginas;ebookFileFormat,20.00: constante existente del importador de desarrollo; no es precio verificado del lote
EBOOK,Ebook/inventario.csv,99,La mujer en la historia,"[{""nombre"": ""Bel Bravo, María Antonia"", ""orden"": 1}]",Historia,https://elibro.puce.elogim.com/es/lc/puce/titulos/61616,"Historia/originales/La mujer en la historia - Bel Bravo, María Antonia.jpg",covers/generated/digital-batch/pending-images/Ebook/historia/portadas/ebook-ef32a36cd03793a4.webp,83b6d2fb500092fdc78394500ac89c24aea9423ba59e93ac0bb45545216c984c,edicion.editorial;edicion.idioma,Falta la editorial.;Falta un idioma válido.,Sin staging aceptado; sin asignación SKU existente; sin entrada digital en manifiesto normalizado,bookId;publisherId;sku;price (vincular valores existentes/verificados),isbn13;fechaPublicacion;paginas;ebookFileFormat,20.00: constante existente del importador de desarrollo; no es precio verificado del lote
EBOOK,Ebook/inventario.csv,100,Otra historia de Córdoba,"[{""nombre"": ""Galisteo, Roger"", ""orden"": 1}]",Historia,https://elibro.puce.elogim.com/es/lc/puce/titulos/51298,"Historia/originales/Otra historia de Córdoba - Galisteo, Roger.jpg",covers/generated/digital-batch/pending-images/Ebook/historia/portadas/ebook-0f5000c8bc3a8ecf.webp,b97d0b7a925eb67c4a986dcb39c1c36ecb1a1a8f5e2d728f5249dbb92ffefbed,edicion.editorial;edicion.idioma,Falta la editorial.;Falta un idioma válido.,Sin staging aceptado; sin asignación SKU existente; sin entrada digital en manifiesto normalizado,bookId;publisherId;sku;price (vincular valores existentes/verificados),isbn13;fechaPublicacion;paginas;ebookFileFormat,20.00: constante existente del importador de desarrollo; no es precio verificado del lote
EBOOK,Ebook/inventario.csv,102,Aproximación a la sociología contemporánea,"[{""nombre"": ""Tardivo, Giuliano"", ""orden"": 1}]",Ciencias Sociales,https://elibro.puce.elogim.com/es/lc/puce/titulos/58619,"Ciencias Sociales/originales/Aproximación a la sociología contemporánea - Tardivo, Giuliano.jpg",covers/generated/digital-batch/pending-images/Ebook/ciencias-sociales/portadas/ebook-d0cf3f3fed782a4e.webp,57f2d1b6ea0ba5fba670613288354493fc6b5fe34a0fdbbc3cd0c12bd0ba7298,edicion.editorial;edicion.idioma,Falta la editorial.;Falta un idioma válido.,Sin staging aceptado; sin asignación SKU existente; sin entrada digital en manifiesto normalizado,bookId;publisherId;sku;price (vincular valores existentes/verificados),isbn13;fechaPublicacion;paginas;ebookFileFormat,20.00: constante existente del importador de desarrollo; no es precio verificado del lote
EBOOK,Ebook/inventario.csv,104,El rombo de las investigaciones de las ciencias sociales,"[{""nombre"": ""Zayas Agüero, Pedro Manuel"", ""orden"": 1}]",Ciencias Sociales,https://elibro.puce.elogim.com/es/lc/puce/titulos/34517,"Ciencias Sociales/originales/El rombo de las investigaciones de las ciencias sociales - Zayas Agüero, Pedro Manuel.jpg",covers/generated/digital-batch/pending-images/Ebook/ciencias-sociales/portadas/ebook-711fb68a9d1c1939.webp,8384029381f609a7284dc7721a90140667e7e25fdd5ddd790ff82e6203d2627c,edicion.editorial;edicion.idioma,Falta la editorial.;Falta un idioma válido.,Sin staging aceptado; sin asignación SKU existente; sin entrada digital en manifiesto normalizado,bookId;publisherId;sku;price (vincular valores existentes/verificados),isbn13;fechaPublicacion;paginas;ebookFileFormat,20.00: constante existente del importador de desarrollo; no es precio verificado del lote
EBOOK,Ebook/inventario.csv,106,El uso de la encuesta en las ciencias sociales,"[{""nombre"": ""Aníbal Quispe Limaylla"", ""orden"": 1}]",Ciencias Sociales,https://elibro.puce.elogim.com/es/lc/puce/titulos/62860,Ciencias Sociales/originales/El uso de la encuesta en las ciencias sociales - Aníbal Quispe Limaylla.jpg,covers/generated/digital-batch/pending-images/Ebook/ciencias-sociales/portadas/ebook-4ac8547af589f7e1.webp,65b4347a7cee2f04d33a2189bcdbd75f9306231c721a3ba6688474067805d2c3,edicion.editorial;edicion.idioma,Falta la editorial.;Falta un idioma válido.,Sin staging aceptado; sin asignación SKU existente; sin entrada digital en manifiesto normalizado,bookId;publisherId;sku;price (vincular valores existentes/verificados),isbn13;fechaPublicacion;paginas;ebookFileFormat,20.00: constante existente del importador de desarrollo; no es precio verificado del lote
EBOOK,Ebook/inventario.csv,107,Fundamentos de las ciencias sociales,"[{""nombre"": ""Neurath, Otto"", ""orden"": 1}]",Ciencias Sociales,https://elibro.puce.elogim.com/es/lc/puce/titulos/247167,"Ciencias Sociales/originales/Fundamentos de las ciencias sociales - Neurath, Otto.jpg",covers/generated/digital-batch/pending-images/Ebook/ciencias-sociales/portadas/ebook-541429bc6acffd71.webp,c0445dc619639df480f7189c88123d24817005215024d43f01232247c84ccba8,edicion.editorial;edicion.idioma,Falta la editorial.;Falta un idioma válido.,Sin staging aceptado; sin asignación SKU existente; sin entrada digital en manifiesto normalizado,bookId;publisherId;sku;price (vincular valores existentes/verificados),isbn13;fechaPublicacion;paginas;ebookFileFormat,20.00: constante existente del importador de desarrollo; no es precio verificado del lote
EBOOK,Ebook/inventario.csv,108,Hackear la ciencia social: una invitación a la investigación social en entornos digitales,"[{""nombre"": ""Morales i Gras, Jordi"", ""orden"": 1}]",Ciencias Sociales,https://elibro.puce.elogim.com/es/lc/puce/titulos/213815,"Ciencias Sociales/originales/Hackear la ciencia social una invitación a la investigación social en entornos digitales - Morales i Gras, Jordi.jpg",covers/generated/digital-batch/pending-images/Ebook/ciencias-sociales/portadas/ebook-0d78e2440f6ba335.webp,6a01a754c671299e18cd960b85c603358972a70646354bbba4033a0018cb415c,edicion.editorial;edicion.idioma,Falta la editorial.;Falta un idioma válido.,Sin staging aceptado; sin asignación SKU existente; sin entrada digital en manifiesto normalizado,bookId;publisherId;sku;price (vincular valores existentes/verificados),isbn13;fechaPublicacion;paginas;ebookFileFormat,20.00: constante existente del importador de desarrollo; no es precio verificado del lote
EBOOK,Ebook/inventario.csv,111,Invitación a la sociología de la comunicación,"[{""nombre"": ""Busquet Duran, Jordi; Medina Cambrón, Alfons"", ""orden"": 1}]",Ciencias Sociales,https://elibro.puce.elogim.com/es/lc/puce/titulos/57712,"Ciencias Sociales/originales/Invitación a la sociología de la comunicación - Busquet Duran, Jordi; Medina Cambrón, Alfons.jpg",covers/generated/digital-batch/pending-images/Ebook/ciencias-sociales/portadas/ebook-997e260c21f258bd.webp,ed7c865479a485c5ff91182ac9bce0d2334e6406f7ea8b4ee053a1137f435955,edicion.editorial;edicion.idioma,Falta la editorial.;Falta un idioma válido.,Sin staging aceptado; sin asignación SKU existente; sin entrada digital en manifiesto normalizado,bookId;publisherId;sku;price (vincular valores existentes/verificados),isbn13;fechaPublicacion;paginas;ebookFileFormat,20.00: constante existente del importador de desarrollo; no es precio verificado del lote
EBOOK,Ebook/inventario.csv,113,La explicación del comportamiento social: más tuercas y tornillos para las ciencias sociales,"[{""nombre"": ""Elster, Jon"", ""orden"": 1}]",Ciencias Sociales,https://elibro.puce.elogim.com/es/lc/puce/titulos/61137,"Ciencias Sociales/originales/La explicación del comportamiento social más tuercas y tornillos para las ciencias sociales - Elster, Jon.jpg",covers/generated/digital-batch/pending-images/Ebook/ciencias-sociales/portadas/ebook-af244eb94493ca89.webp,14035be61c6aad58f14748d32d0f7a13ba5cbe600d4e480b817fdf800eacab66,edicion.editorial;edicion.idioma,Falta la editorial.;Falta un idioma válido.,Sin staging aceptado; sin asignación SKU existente; sin entrada digital en manifiesto normalizado,bookId;publisherId;sku;price (vincular valores existentes/verificados),isbn13;fechaPublicacion;paginas;ebookFileFormat,20.00: constante existente del importador de desarrollo; no es precio verificado del lote
EBOOK,Ebook/inventario.csv,114,La sociología como vocación,"[{""nombre"": ""Alberdi Alonso, Inés"", ""orden"": 1}]",Ciencias Sociales,https://elibro.puce.elogim.com/es/lc/puce/titulos/170159,"Ciencias Sociales/originales/La sociología como vocación - Alberdi Alonso, Inés.jpg",covers/generated/digital-batch/pending-images/Ebook/ciencias-sociales/portadas/ebook-1a25892f70337822.webp,c12642555b78792c796027ef05beb767284a19d81bce8e0dded180ed94138be5,edicion.editorial;edicion.idioma,Falta la editorial.;Falta un idioma válido.,Sin staging aceptado; sin asignación SKU existente; sin entrada digital en manifiesto normalizado,bookId;publisherId;sku;price (vincular valores existentes/verificados),isbn13;fechaPublicacion;paginas;ebookFileFormat,20.00: constante existente del importador de desarrollo; no es precio verificado del lote
EBOOK,Ebook/inventario.csv,115,Las ciencias sociales en discusión,"[{""nombre"": ""Bunge, Mario"", ""orden"": 1}]",Ciencias Sociales,https://elibro.puce.elogim.com/es/lc/puce/titulos/35499,"Ciencias Sociales/originales/Las ciencias sociales en discusión - Bunge, Mario.jpg",covers/generated/digital-batch/pending-images/Ebook/ciencias-sociales/portadas/ebook-a4d5f0e830d96d37.webp,ae97df848a1ba4092afe3c61a2d982e96e31ba0febdaf33b643b0039091377e1,edicion.editorial;edicion.idioma,Falta la editorial.;Falta un idioma válido.,Sin staging aceptado; sin asignación SKU existente; sin entrada digital en manifiesto normalizado,bookId;publisherId;sku;price (vincular valores existentes/verificados),isbn13;fechaPublicacion;paginas;ebookFileFormat,20.00: constante existente del importador de desarrollo; no es precio verificado del lote
EBOOK,Ebook/inventario.csv,117,Proyectos de investigación en ciencias sociales,"[{""nombre"": ""Marisa D’Aquino; Rodríguez, Ethel"", ""orden"": 1}]",Ciencias Sociales,https://elibro.puce.elogim.com/es/lc/puce/titulos/79012,"Ciencias Sociales/originales/Proyectos de investigación en ciencias sociales - Marisa D’Aquino; Rodríguez, Ethel.jpg",covers/generated/digital-batch/pending-images/Ebook/ciencias-sociales/portadas/ebook-a5e19a50f4c71684.webp,53ec3364448494cdfd9b71738c7109ca28e6dd7469a31e7cce403cd50430fde8,edicion.editorial;edicion.idioma,Falta la editorial.;Falta un idioma válido.,Sin staging aceptado; sin asignación SKU existente; sin entrada digital en manifiesto normalizado,bookId;publisherId;sku;price (vincular valores existentes/verificados),isbn13;fechaPublicacion;paginas;ebookFileFormat,20.00: constante existente del importador de desarrollo; no es precio verificado del lote
EBOOK,Ebook/inventario.csv,118,Sociología de la religión,"[{""nombre"": ""Weber, Max"", ""orden"": 1}]",Ciencias Sociales,https://elibro.puce.elogim.com/es/lc/puce/titulos/169287,"Ciencias Sociales/originales/Sociología de la religión - Weber, Max.jpg",covers/generated/digital-batch/pending-images/Ebook/ciencias-sociales/portadas/ebook-016c49e894bee2b6.webp,5eb032eac09e42fb68cd3d354606c0569ad258dfac1ed5a08a45890e01b3676d,edicion.editorial;edicion.idioma,Falta la editorial.;Falta un idioma válido.,Sin staging aceptado; sin asignación SKU existente; sin entrada digital en manifiesto normalizado,bookId;publisherId;sku;price (vincular valores existentes/verificados),isbn13;fechaPublicacion;paginas;ebookFileFormat,20.00: constante existente del importador de desarrollo; no es precio verificado del lote
EBOOK,Ebook/inventario.csv,119,Sociología de las organizaciones complejas,"[{""nombre"": ""Ruiz Olabuénaga, José Ignacio"", ""orden"": 1}]",Ciencias Sociales,https://elibro.puce.elogim.com/es/lc/puce/titulos/34008,"Ciencias Sociales/originales/Sociología de las organizaciones complejas - Ruiz Olabuénaga, José Ignacio.jpg",covers/generated/digital-batch/pending-images/Ebook/ciencias-sociales/portadas/ebook-cc9f19126ca42ad8.webp,a5497ba8f5f5c41dcb691d6c6a81faea26a866fa6d3ced08013dc02190aace0b,edicion.editorial;edicion.idioma,Falta la editorial.;Falta un idioma válido.,Sin staging aceptado; sin asignación SKU existente; sin entrada digital en manifiesto normalizado,bookId;publisherId;sku;price (vincular valores existentes/verificados),isbn13;fechaPublicacion;paginas;ebookFileFormat,20.00: constante existente del importador de desarrollo; no es precio verificado del lote
EBOOK,Ebook/inventario.csv,121,Sociología del mal,"[{""nombre"": ""Giner de San Julián, Salvador"", ""orden"": 1}]",Ciencias Sociales,https://elibro.puce.elogim.com/es/lc/puce/titulos/235194,"Ciencias Sociales/originales/Sociología del mal - Giner de San Julián, Salvador.jpg",covers/generated/digital-batch/pending-images/Ebook/ciencias-sociales/portadas/ebook-06e3cbfc2797ff27.webp,079083fdb362443aa11c80a8c1eb591702dc302ed071288ea7d014973a321dd1,edicion.editorial;edicion.idioma,Falta la editorial.;Falta un idioma válido.,Sin staging aceptado; sin asignación SKU existente; sin entrada digital en manifiesto normalizado,bookId;publisherId;sku;price (vincular valores existentes/verificados),isbn13;fechaPublicacion;paginas;ebookFileFormat,20.00: constante existente del importador de desarrollo; no es precio verificado del lote
EBOOK,Ebook/inventario.csv,123,Sociología del saber,"[{""nombre"": ""Max Scheler"", ""orden"": 1}]",Ciencias Sociales,https://elibro.puce.elogim.com/es/lc/puce/titulos/36197,Ciencias Sociales/originales/Sociología del saber - Max Scheler.jpg,covers/generated/digital-batch/pending-images/Ebook/ciencias-sociales/portadas/ebook-bae0fd5cba9e0efe.webp,70351687a006be9716a67cd80d55aa2e858ad0eb336a35846a8294759c240521,edicion.editorial;edicion.idioma,Falta la editorial.;Falta un idioma válido.,Sin staging aceptado; sin asignación SKU existente; sin entrada digital en manifiesto normalizado,bookId;publisherId;sku;price (vincular valores existentes/verificados),isbn13;fechaPublicacion;paginas;ebookFileFormat,20.00: constante existente del importador de desarrollo; no es precio verificado del lote
EBOOK,Ebook/inventario.csv,124,Sociología jurídica,"[{""nombre"": ""Hernández, Pedro Pablo"", ""orden"": 1}]",Ciencias Sociales,https://elibro.puce.elogim.com/es/lc/puce/titulos/175607,"Ciencias Sociales/originales/Sociología jurídica - Hernández, Pedro Pablo.jpg",covers/generated/digital-batch/pending-images/Ebook/ciencias-sociales/portadas/ebook-51253acb06094152.webp,3977629513e6888b3c9f763e840b5cfbb380aae9cdadc91fb225f78c587169ff,edicion.editorial;edicion.idioma,Falta la editorial.;Falta un idioma válido.,Sin staging aceptado; sin asignación SKU existente; sin entrada digital en manifiesto normalizado,bookId;publisherId;sku;price (vincular valores existentes/verificados),isbn13;fechaPublicacion;paginas;ebookFileFormat,20.00: constante existente del importador de desarrollo; no es precio verificado del lote
EBOOK,Ebook/inventario.csv,125,Sociologías de la moda,"[{""nombre"": ""Mansilla Viedma, Pedro"", ""orden"": 1}]",Ciencias Sociales,https://elibro.puce.elogim.com/es/lc/puce/titulos/283021,"Ciencias Sociales/originales/Sociologías de la moda - Mansilla Viedma, Pedro.jpg",covers/generated/digital-batch/pending-images/Ebook/ciencias-sociales/portadas/ebook-a028e089a115927a.webp,cca6a04b0e5739a499ed270b6891b0023ab63719b418137c0624bfa80064d13f,edicion.editorial;edicion.idioma,Falta la editorial.;Falta un idioma válido.,Sin staging aceptado; sin asignación SKU existente; sin entrada digital en manifiesto normalizado,bookId;publisherId;sku;price (vincular valores existentes/verificados),isbn13;fechaPublicacion;paginas;ebookFileFormat,20.00: constante existente del importador de desarrollo; no es precio verificado del lote
EBOOK,Ebook/inventario.csv,126,Tragedia y sociología,"[{""nombre"": ""Ramos Torre, Ramón"", ""orden"": 1}]",Ciencias Sociales,https://elibro.puce.elogim.com/es/lc/puce/titulos/52118,"Ciencias Sociales/originales/Tragedia y sociología - Ramos Torre, Ramón.jpg",covers/generated/digital-batch/pending-images/Ebook/ciencias-sociales/portadas/ebook-abf41cf48407b627.webp,e20f67a9a1e0e64a7ba53bf9eff375afacf3f3fd23d118a66283d7b98cf8e42c,edicion.editorial;edicion.idioma,Falta la editorial.;Falta un idioma válido.,Sin staging aceptado; sin asignación SKU existente; sin entrada digital en manifiesto normalizado,bookId;publisherId;sku;price (vincular valores existentes/verificados),isbn13;fechaPublicacion;paginas;ebookFileFormat,20.00: constante existente del importador de desarrollo; no es precio verificado del lote
EBOOK,Ebook/inventario.csv,127,Biología cuántica,"[{""nombre"": ""Miret Artés, Salvador"", ""orden"": 1}]",Ciencias,https://elibro.puce.elogim.com/es/lc/puce/titulos/233731,"Ciencias/originales/Biología cuántica - Miret Artés, Salvador.jpg",covers/generated/digital-batch/pending-images/Ebook/ciencias/portadas/ebook-a5f63174410bc51e.webp,2377abf961dae386c62673c355b5d7451d826b5ac5d069ce2f032b044596dde3,edicion.editorial;edicion.idioma,Falta la editorial.;Falta un idioma válido.,Sin staging aceptado; sin asignación SKU existente; sin entrada digital en manifiesto normalizado,bookId;publisherId;sku;price (vincular valores existentes/verificados),isbn13;fechaPublicacion;paginas;ebookFileFormat,20.00: constante existente del importador de desarrollo; no es precio verificado del lote
EBOOK,Ebook/inventario.csv,128,Biología de hongos,"[{""nombre"": ""Cepero, María Caridad"", ""orden"": 1}]",Ciencias,https://elibro.puce.elogim.com/es/lc/puce/titulos/69414,"Ciencias/originales/Biología de hongos - Cepero, María Caridad.jpg",covers/generated/digital-batch/pending-images/Ebook/ciencias/portadas/ebook-9e0170ed63685c45.webp,0483d92211731312dd114a09012896fc8368d362fffb752c76b8441a26365853,edicion.editorial;edicion.idioma,Falta la editorial.;Falta un idioma válido.,Sin staging aceptado; sin asignación SKU existente; sin entrada digital en manifiesto normalizado,bookId;publisherId;sku;price (vincular valores existentes/verificados),isbn13;fechaPublicacion;paginas;ebookFileFormat,20.00: constante existente del importador de desarrollo; no es precio verificado del lote
EBOOK,Ebook/inventario.csv,130,Biología para ciencias ambientales,"[{""nombre"": ""Pallotti Sagripanti, C. G.; Sanchis Duato, E."", ""orden"": 1}]",Ciencias,https://elibro.puce.elogim.com/es/lc/puce/titulos/153581,"Ciencias/originales/Biología para ciencias ambientales - Pallotti Sagripanti, C. G.; Sanchis Duato, E..jpg",covers/generated/digital-batch/pending-images/Ebook/ciencias/portadas/ebook-8598c47d271fd83e.webp,1f00d4d3444090f26b0e8206054329cf94b86f1c7a0ab52ff32ab682a4dcd718,edicion.editorial;edicion.idioma,Falta la editorial.;Falta un idioma válido.,Sin staging aceptado; sin asignación SKU existente; sin entrada digital en manifiesto normalizado,bookId;publisherId;sku;price (vincular valores existentes/verificados),isbn13;fechaPublicacion;paginas;ebookFileFormat,20.00: constante existente del importador de desarrollo; no es precio verificado del lote
EBOOK,Ebook/inventario.csv,131,Ecología química,"[{""nombre"": ""Anaya Lang, Ana Luisa"", ""orden"": 1}]",Ciencias,https://elibro.puce.elogim.com/es/lc/puce/titulos/75520,"Ciencias/originales/Ecología química - Anaya Lang, Ana Luisa.jpg",covers/generated/digital-batch/pending-images/Ebook/ciencias/portadas/ebook-9fd94e585e52923a.webp,c88b07e0857ad040e0b2079faa81f702ebe7d7777e24da2a1ae94180e261d79f,edicion.editorial;edicion.idioma,Falta la editorial.;Falta un idioma válido.,Sin staging aceptado; sin asignación SKU existente; sin entrada digital en manifiesto normalizado,bookId;publisherId;sku;price (vincular valores existentes/verificados),isbn13;fechaPublicacion;paginas;ebookFileFormat,20.00: constante existente del importador de desarrollo; no es precio verificado del lote
EBOOK,Ebook/inventario.csv,133,Física de la música,"[{""nombre"": ""Félix, Julián"", ""orden"": 1}]",Ciencias,https://elibro.puce.elogim.com/es/lc/puce/titulos/35789,"Ciencias/originales/Física de la música - Félix, Julián.jpg",covers/generated/digital-batch/pending-images/Ebook/ciencias/portadas/ebook-406219fdd9361588.webp,6f4e1379b6854112d5e9b20169b8873cfb4d73727a83dafe9e96a49d1a074686,edicion.editorial;edicion.idioma,Falta la editorial.;Falta un idioma válido.,Sin staging aceptado; sin asignación SKU existente; sin entrada digital en manifiesto normalizado,bookId;publisherId;sku;price (vincular valores existentes/verificados),isbn13;fechaPublicacion;paginas;ebookFileFormat,20.00: constante existente del importador de desarrollo; no es precio verificado del lote
EBOOK,Ebook/inventario.csv,134,Física del estado sólido,"[{""nombre"": ""Meléndez Martínez, Juan J."", ""orden"": 1}]",Ciencias,https://elibro.puce.elogim.com/es/lc/puce/titulos/289288,"Ciencias/originales/Física del estado sólido - Meléndez Martínez, Juan J..jpg",covers/generated/digital-batch/pending-images/Ebook/ciencias/portadas/ebook-afdd523836273442.webp,7966b219bf651f4bb4c5b0366e70d15dd5c4d12a3ab8dabcd3d782275651cdf4,edicion.editorial;edicion.idioma,Falta la editorial.;Falta un idioma válido.,Sin staging aceptado; sin asignación SKU existente; sin entrada digital en manifiesto normalizado,bookId;publisherId;sku;price (vincular valores existentes/verificados),isbn13;fechaPublicacion;paginas;ebookFileFormat,20.00: constante existente del importador de desarrollo; no es precio verificado del lote
EBOOK,Ebook/inventario.csv,135,Física experimental,"[{""nombre"": ""Ardila, Ángel Miguel"", ""orden"": 1}]",Ciencias,https://elibro.puce.elogim.com/es/lc/puce/titulos/128446,"Ciencias/originales/Física experimental - Ardila, Ángel Miguel.jpg",covers/generated/digital-batch/pending-images/Ebook/ciencias/portadas/ebook-a9dc9b16ce0ee11b.webp,45d8513c57dc8bb90f55e887944ac9ea01ea3d47e44ff787babe076465a3682f,edicion.editorial;edicion.idioma,Falta la editorial.;Falta un idioma válido.,Sin staging aceptado; sin asignación SKU existente; sin entrada digital en manifiesto normalizado,bookId;publisherId;sku;price (vincular valores existentes/verificados),isbn13;fechaPublicacion;paginas;ebookFileFormat,20.00: constante existente del importador de desarrollo; no es precio verificado del lote
EBOOK,Ebook/inventario.csv,136,Física fundamental,"[{""nombre"": ""Gómez Espíndola, José del Carmen; González Pineda, Campo Elías; Mayoral Ramírez, César Alberto"", ""orden"": 1}]",Ciencias,https://elibro.puce.elogim.com/es/lc/puce/titulos/131876,"Ciencias/originales/Física fundamental - Gómez Espíndola, José del Carmen; González Pineda, Campo Elías; Mayoral Ramírez, César Alberto.jpg",covers/generated/digital-batch/pending-images/Ebook/ciencias/portadas/ebook-4f4ad6da3cd6e43c.webp,beda915bf876c46a6ab5095efa9b8495c386f26ab0962e6e802b9cbb9e6f5a46,edicion.editorial;edicion.idioma,Falta la editorial.;Falta un idioma válido.,Sin staging aceptado; sin asignación SKU existente; sin entrada digital en manifiesto normalizado,bookId;publisherId;sku;price (vincular valores existentes/verificados),isbn13;fechaPublicacion;paginas;ebookFileFormat,20.00: constante existente del importador de desarrollo; no es precio verificado del lote
EBOOK,Ebook/inventario.csv,139,Física y programación,"[{""nombre"": ""Merino Arranz, David; Rossinyol Casals, Emma; Perez-Navarro, Antoni"", ""orden"": 1}]",Ciencias,https://elibro.puce.elogim.com/es/lc/puce/titulos/188309,"Ciencias/originales/Física y programación - Merino Arranz, David; Rossinyol Casals, Emma; Perez-Navarro, Antoni.jpg",covers/generated/digital-batch/pending-images/Ebook/ciencias/portadas/ebook-ffd0c6ebbc7e8688.webp,618a75c8351b9ca894ec64771c23cc2fa9ddeb81f1c60b8e2f08db4450118ab7,edicion.editorial;edicion.idioma,Falta la editorial.;Falta un idioma válido.,Sin staging aceptado; sin asignación SKU existente; sin entrada digital en manifiesto normalizado,bookId;publisherId;sku;price (vincular valores existentes/verificados),isbn13;fechaPublicacion;paginas;ebookFileFormat,20.00: constante existente del importador de desarrollo; no es precio verificado del lote
EBOOK,Ebook/inventario.csv,140,Introducción a la física,"[{""nombre"": ""Lara Barragán Gómez, Antonio; Núñez Trejo, Héctor"", ""orden"": 1}]",Ciencias,https://elibro.puce.elogim.com/es/lc/puce/titulos/39447,"Ciencias/originales/Introducción a la física - Lara Barragán Gómez, Antonio; Núñez Trejo, Héctor.jpg",covers/generated/digital-batch/pending-images/Ebook/ciencias/portadas/ebook-197928bfdeb8ee42.webp,ef3829174e0c3e7103df8e0191f98b16919c52881bdbb80071c47fe6a4ae033e,edicion.editorial;edicion.idioma,Falta la editorial.;Falta un idioma válido.,Sin staging aceptado; sin asignación SKU existente; sin entrada digital en manifiesto normalizado,bookId;publisherId;sku;price (vincular valores existentes/verificados),isbn13;fechaPublicacion;paginas;ebookFileFormat,20.00: constante existente del importador de desarrollo; no es precio verificado del lote
EBOOK,Ebook/inventario.csv,145,Problemas de Física (27a. ed.),"[{""nombre"": ""Burbano García, Enrique; Gracia Muñoz, Carlos"", ""orden"": 1}]",Ciencias,https://elibro.puce.elogim.com/es/lc/puce/titulos/270906,"Ciencias/originales/Problemas de Física (27a. ed.) - Burbano García, Enrique; Gracia Muñoz, Carlos.jpg",covers/generated/digital-batch/pending-images/Ebook/ciencias/portadas/ebook-80b87603433ba1ab.webp,956214e1f8b4258126e8328fdd4538544b9b6c9edcf7b6b094142c7f118d25c6,edicion.editorial;edicion.idioma,Falta la editorial.;Falta un idioma válido.,Sin staging aceptado; sin asignación SKU existente; sin entrada digital en manifiesto normalizado,bookId;publisherId;sku;price (vincular valores existentes/verificados),isbn13;fechaPublicacion;paginas;ebookFileFormat,20.00: constante existente del importador de desarrollo; no es precio verificado del lote
EBOOK,Ebook/inventario.csv,147,Química experimental (2a. ed.),"[{""nombre"": ""Pacheco Espejel, Martha Patricia; Alvarado Arellano, Martha; Sánchez Aguilar, Josefina"", ""orden"": 1}]",Ciencias,https://elibro.puce.elogim.com/es/lc/puce/titulos/40187,"Ciencias/originales/Química experimental (2a. ed.) - Pacheco Espejel, Martha Patricia; Alvarado Arellano, Martha; Sánchez Aguilar, Josefina.jpg",covers/generated/digital-batch/pending-images/Ebook/ciencias/portadas/ebook-d2d6d2bdfba7e8fe.webp,80788f22e0b24176eccd89ef4b4aea9803e1c70ddcf8917218049559d76ae68a,edicion.editorial;edicion.idioma,Falta la editorial.;Falta un idioma válido.,Sin staging aceptado; sin asignación SKU existente; sin entrada digital en manifiesto normalizado,bookId;publisherId;sku;price (vincular valores existentes/verificados),isbn13;fechaPublicacion;paginas;ebookFileFormat,20.00: constante existente del importador de desarrollo; no es precio verificado del lote
EBOOK,Ebook/inventario.csv,149,Química orgánica,"[{""nombre"": ""Cabildo Miranda, María del Pilar"", ""orden"": 1}]",Ciencias,https://elibro.puce.elogim.com/es/lc/puce/titulos/48371,"Ciencias/originales/Química orgánica - Cabildo Miranda, María del Pilar.jpg",covers/generated/digital-batch/pending-images/Ebook/ciencias/portadas/ebook-39051a640e5a8148.webp,d64be50e7abe0ed160137ed9b262a854900327ca56f5ee29a04d345326e4179a,edicion.editorial;edicion.idioma,Falta la editorial.;Falta un idioma válido.,Sin staging aceptado; sin asignación SKU existente; sin entrada digital en manifiesto normalizado,bookId;publisherId;sku;price (vincular valores existentes/verificados),isbn13;fechaPublicacion;paginas;ebookFileFormat,20.00: constante existente del importador de desarrollo; no es precio verificado del lote
EBOOK,Ebook/inventario.csv,152,Administración de proyectos de informática,"[{""nombre"": ""Toro López, Francisco J."", ""orden"": 1}]",Tecnología e Informática,https://elibro.puce.elogim.com/es/lc/puce/titulos/131877,"Tecnología e Informática/originales/Administración de proyectos de informática - Toro López, Francisco J..jpg",covers/generated/digital-batch/pending-images/Ebook/tecnologia-e-informatica/portadas/ebook-b421ab6f24f50249.webp,f4d194dabae6db2d92dbe7bb908ab7f5d7ef430ac925659ced7378f632d467f5,edicion.editorial;edicion.idioma,Falta la editorial.;Falta un idioma válido.,Sin staging aceptado; sin asignación SKU existente; sin entrada digital en manifiesto normalizado,bookId;publisherId;sku;price (vincular valores existentes/verificados),isbn13;fechaPublicacion;paginas;ebookFileFormat,20.00: constante existente del importador de desarrollo; no es precio verificado del lote
EBOOK,Ebook/inventario.csv,158,Cómo y cuándo aplicar un robot industrial,"[{""nombre"": ""Daniel Audí Piera"", ""orden"": 1}]",Tecnología e Informática,https://elibro.puce.elogim.com/es/lc/puce/titulos/45841,Tecnología e Informática/originales/Cómo y cuándo aplicar un robot industrial - Daniel Audí Piera.jpg,covers/generated/digital-batch/pending-images/Ebook/tecnologia-e-informatica/portadas/ebook-0657617b175f64ec.webp,9f8667bcf95e65c55a6008c7438042340ed2801f6b7862419d19f15f21cd752c,edicion.editorial;edicion.idioma,Falta la editorial.;Falta un idioma válido.,Sin staging aceptado; sin asignación SKU existente; sin entrada digital en manifiesto normalizado,bookId;publisherId;sku;price (vincular valores existentes/verificados),isbn13;fechaPublicacion;paginas;ebookFileFormat,20.00: constante existente del importador de desarrollo; no es precio verificado del lote
EBOOK,Ebook/inventario.csv,159,Desarrollo de microservicios con Python,"[{""nombre"": ""Ortega Candel, José Manuel"", ""orden"": 1}]",Tecnología e Informática,https://elibro.puce.elogim.com/es/lc/puce/titulos/281693,"Tecnología e Informática/originales/Desarrollo de microservicios con Python - Ortega Candel, José Manuel.jpg",covers/generated/digital-batch/pending-images/Ebook/tecnologia-e-informatica/portadas/ebook-df981df71d5c210c.webp,e1d5bedd237abe679bc338e8760cdcf928ac10bf55e33809ee3b374809561471,edicion.editorial;edicion.idioma,Falta la editorial.;Falta un idioma válido.,Sin staging aceptado; sin asignación SKU existente; sin entrada digital en manifiesto normalizado,bookId;publisherId;sku;price (vincular valores existentes/verificados),isbn13;fechaPublicacion;paginas;ebookFileFormat,20.00: constante existente del importador de desarrollo; no es precio verificado del lote
EBOOK,Ebook/inventario.csv,161,Fundamentos de informática,"[{""nombre"": ""Weber, Juan"", ""orden"": 1}]",Tecnología e Informática,https://elibro.puce.elogim.com/es/lc/puce/titulos/175150,"Tecnología e Informática/originales/Fundamentos de informática - Weber, Juan.jpg",covers/generated/digital-batch/pending-images/Ebook/tecnologia-e-informatica/portadas/ebook-9a7f987260e27217.webp,35be0191f4c1839c985be9d77fe59821b17e497bf444864286851dce7f773d81,edicion.editorial;edicion.idioma,Falta la editorial.;Falta un idioma válido.,Sin staging aceptado; sin asignación SKU existente; sin entrada digital en manifiesto normalizado,bookId;publisherId;sku;price (vincular valores existentes/verificados),isbn13;fechaPublicacion;paginas;ebookFileFormat,20.00: constante existente del importador de desarrollo; no es precio verificado del lote
EBOOK,Ebook/inventario.csv,162,Fundamentos de robótica (2a. ed.),"[{""nombre"": ""Antonio Barrientos"", ""orden"": 1}]",Tecnología e Informática,https://elibro.puce.elogim.com/es/lc/puce/titulos/50193,Tecnología e Informática/originales/Fundamentos de robótica (2a. ed.) - Antonio Barrientos.jpg,covers/generated/digital-batch/pending-images/Ebook/tecnologia-e-informatica/portadas/ebook-f21784d4bc1ea6cb.webp,9378ba8d9f88d5d74f49347735d73323ceaa6c99b54532f2f14816ed3b144ec2,edicion.editorial;edicion.idioma,Falta la editorial.;Falta un idioma válido.,Sin staging aceptado; sin asignación SKU existente; sin entrada digital en manifiesto normalizado,bookId;publisherId;sku;price (vincular valores existentes/verificados),isbn13;fechaPublicacion;paginas;ebookFileFormat,20.00: constante existente del importador de desarrollo; no es precio verificado del lote
EBOOK,Ebook/inventario.csv,165,Informática forense,"[{""nombre"": ""Ortiz, Luis"", ""orden"": 1}]",Tecnología e Informática,https://elibro.puce.elogim.com/es/lc/puce/titulos/286803,"Tecnología e Informática/originales/Informática forense - Ortiz, Luis.jpg",covers/generated/digital-batch/pending-images/Ebook/tecnologia-e-informatica/portadas/ebook-97a48b16ae9ae001.webp,2a036cbc00f9276b25ea84ac35dddfb83ad09f8ae14ba410cc3dadeef8aa7b34,edicion.editorial;edicion.idioma,Falta la editorial.;Falta un idioma válido.,Sin staging aceptado; sin asignación SKU existente; sin entrada digital en manifiesto normalizado,bookId;publisherId;sku;price (vincular valores existentes/verificados),isbn13;fechaPublicacion;paginas;ebookFileFormat,20.00: constante existente del importador de desarrollo; no es precio verificado del lote
EBOOK,Ebook/inventario.csv,168,Mantenimiento de equipos informáticos,"[{""nombre"": ""Morán Flores, Claudio"", ""orden"": 1}]",Tecnología e Informática,https://elibro.puce.elogim.com/es/lc/puce/titulos/127225,"Tecnología e Informática/originales/Mantenimiento de equipos informáticos - Morán Flores, Claudio.jpg",covers/generated/digital-batch/pending-images/Ebook/tecnologia-e-informatica/portadas/ebook-ad439734605ce67e.webp,04d5f3c2e0afe8cdc42cfe5806bb6b4c7d173182270f473dbe70109812a4f495,edicion.editorial;edicion.idioma,Falta la editorial.;Falta un idioma válido.,Sin staging aceptado; sin asignación SKU existente; sin entrada digital en manifiesto normalizado,bookId;publisherId;sku;price (vincular valores existentes/verificados),isbn13;fechaPublicacion;paginas;ebookFileFormat,20.00: constante existente del importador de desarrollo; no es precio verificado del lote
EBOOK,Ebook/inventario.csv,173,Tkinter. Desarrollo de interfaces gráficas con Python (2a. ed.),"[{""nombre"": ""Domínguez Mínguez, Tomás"", ""orden"": 1}]",Tecnología e Informática,https://elibro.puce.elogim.com/es/lc/puce/titulos/286814,"Tecnología e Informática/originales/Tkinter. Desarrollo de interfaces gráficas con Python (2a. ed.) - Domínguez Mínguez, Tomás.jpg",covers/generated/digital-batch/pending-images/Ebook/tecnologia-e-informatica/portadas/ebook-61d7de82ee40a320.webp,1421991804470861811210e1950b17599e8bfa463c4601c4c0a16a57d32d85a2,edicion.editorial;edicion.idioma,Falta la editorial.;Falta un idioma válido.,Sin staging aceptado; sin asignación SKU existente; sin entrada digital en manifiesto normalizado,bookId;publisherId;sku;price (vincular valores existentes/verificados),isbn13;fechaPublicacion;paginas;ebookFileFormat,20.00: constante existente del importador de desarrollo; no es precio verificado del lote
EBOOK,Ebook/inventario.csv,174,Técnicas de la auditoría informática,"[{""nombre"": ""Derrien, Yann"", ""orden"": 1}]",Tecnología e Informática,https://elibro.puce.elogim.com/es/lc/puce/titulos/45891,"Tecnología e Informática/originales/Técnicas de la auditoría informática - Derrien, Yann.jpg",covers/generated/digital-batch/pending-images/Ebook/tecnologia-e-informatica/portadas/ebook-72ebb91eb6d24946.webp,6feefd6a527d63dd769ca5fdceacaaf1a6693bb64374cb788dec10c07e1209c3,edicion.editorial;edicion.idioma,Falta la editorial.;Falta un idioma válido.,Sin staging aceptado; sin asignación SKU existente; sin entrada digital en manifiesto normalizado,bookId;publisherId;sku;price (vincular valores existentes/verificados),isbn13;fechaPublicacion;paginas;ebookFileFormat,20.00: constante existente del importador de desarrollo; no es precio verificado del lote
EBOOK,Ebook/inventario.csv,177,Análisis matemático,"[{""nombre"": ""Roca Martínez, Alicia; Jornet, David; Montesinos Santalucia, Vicente"", ""orden"": 1}]",Matemáticas,https://elibro.puce.elogim.com/es/lc/puce/titulos/60568,"Matemáticas/originales/Análisis matemático - Roca Martínez, Alicia; Jornet, David; Montesinos Santalucia, Vicente.jpg",covers/generated/digital-batch/pending-images/Ebook/Matematicas/portadas/ebook-a0afc19150ca51a9.webp,58dd5140a39b22b39ff8c96e2d50c40bbc803c843e06bda6a249bd188b1a7433,edicion.editorial;edicion.idioma,Falta la editorial.;Falta un idioma válido.,Sin staging aceptado; sin asignación SKU existente; sin entrada digital en manifiesto normalizado,bookId;publisherId;sku;price (vincular valores existentes/verificados),isbn13;fechaPublicacion;paginas;ebookFileFormat,20.00: constante existente del importador de desarrollo; no es precio verificado del lote
EBOOK,Ebook/inventario.csv,178,Análisis matemático,"[{""nombre"": ""Takeuchi, Yu"", ""orden"": 1}]",Matemáticas,https://elibro.puce.elogim.com/es/lc/puce/titulos/127753,"Matemáticas/originales/Análisis matemático - Takeuchi, Yu.jpg",covers/generated/digital-batch/pending-images/Ebook/Matematicas/portadas/ebook-714897609843648e.webp,a635647e9da1b2cf73503b0c3c7dfc41d61184352121f74aa0944fcaf04ca6ac,edicion.editorial;edicion.idioma,Falta la editorial.;Falta un idioma válido.,Sin staging aceptado; sin asignación SKU existente; sin entrada digital en manifiesto normalizado,bookId;publisherId;sku;price (vincular valores existentes/verificados),isbn13;fechaPublicacion;paginas;ebookFileFormat,20.00: constante existente del importador de desarrollo; no es precio verificado del lote
EBOOK,Ebook/inventario.csv,180,Estadística matemática,"[{""nombre"": ""Cepeda Cuervo, Edilberto"", ""orden"": 1}]",Matemáticas,https://elibro.puce.elogim.com/es/lc/puce/titulos/129009,"Matemáticas/originales/Estadística matemática - Cepeda Cuervo, Edilberto.jpg",covers/generated/digital-batch/pending-images/Ebook/Matematicas/portadas/ebook-4c43b7b6b2f7d801.webp,dd71e85f0e2b340d3a65d902d55006155d195517251343c4fe12599ca0e85c19,edicion.editorial;edicion.idioma,Falta la editorial.;Falta un idioma válido.,Sin staging aceptado; sin asignación SKU existente; sin entrada digital en manifiesto normalizado,bookId;publisherId;sku;price (vincular valores existentes/verificados),isbn13;fechaPublicacion;paginas;ebookFileFormat,20.00: constante existente del importador de desarrollo; no es precio verificado del lote
EBOOK,Ebook/inventario.csv,181,Fundamentos de matemáticas,"[{""nombre"": ""Zalamea Traba, Fernando"", ""orden"": 1}]",Matemáticas,https://elibro.puce.elogim.com/es/lc/puce/titulos/128447,"Matemáticas/originales/Fundamentos de matemáticas - Zalamea Traba, Fernando.jpg",covers/generated/digital-batch/pending-images/Ebook/Matematicas/portadas/ebook-e7ad27a2d7986fb8.webp,2dda50c069e44ffec3c4113e18080f07dad2dd93599efef1c6a450e02597a061,edicion.editorial;edicion.idioma,Falta la editorial.;Falta un idioma válido.,Sin staging aceptado; sin asignación SKU existente; sin entrada digital en manifiesto normalizado,bookId;publisherId;sku;price (vincular valores existentes/verificados),isbn13;fechaPublicacion;paginas;ebookFileFormat,20.00: constante existente del importador de desarrollo; no es precio verificado del lote
EBOOK,Ebook/inventario.csv,182,Iniciación a las matemáticas,"[{""nombre"": ""Juan Manuel García Dozagarat; Fernando Alonso Molina"", ""orden"": 1}]",Matemáticas,https://elibro.puce.elogim.com/es/lc/puce/titulos/49195,Matemáticas/originales/Iniciación a las matemáticas - Juan Manuel García Dozagarat; Fernando Alonso Molina.jpg,covers/generated/digital-batch/pending-images/Ebook/Matematicas/portadas/ebook-47d0e535b02ad600.webp,ec90efc8b0dc80ea5b971bbbd220b566f558b5bad19691d9b412bb9a5853dcdc,edicion.editorial;edicion.idioma,Falta la editorial.;Falta un idioma válido.,Sin staging aceptado; sin asignación SKU existente; sin entrada digital en manifiesto normalizado,bookId;publisherId;sku;price (vincular valores existentes/verificados),isbn13;fechaPublicacion;paginas;ebookFileFormat,20.00: constante existente del importador de desarrollo; no es precio verificado del lote
EBOOK,Ebook/inventario.csv,183,Introducción a las matemáticas,"[{""nombre"": ""Arévalo Ovalle, Diego; Zambrano Valentín, Martha Helena; Chappe Chappe, Angélica"", ""orden"": 1}]",Matemáticas,https://elibro.puce.elogim.com/es/lc/puce/titulos/70987,"Matemáticas/originales/Introducción a las matemáticas - Arévalo Ovalle, Diego; Zambrano Valentín, Martha Helena; Chappe Chappe, Angélica.jpg",covers/generated/digital-batch/pending-images/Ebook/Matematicas/portadas/ebook-0bb555fed263f27e.webp,b990f416317029f7a73cc67304a91f675d421d6a91803a21bb23a12146efb207,edicion.editorial;edicion.idioma,Falta la editorial.;Falta un idioma válido.,Sin staging aceptado; sin asignación SKU existente; sin entrada digital en manifiesto normalizado,bookId;publisherId;sku;price (vincular valores existentes/verificados),isbn13;fechaPublicacion;paginas;ebookFileFormat,20.00: constante existente del importador de desarrollo; no es precio verificado del lote
EBOOK,Ebook/inventario.csv,184,Las matemáticas de la luz,"[{""nombre"": ""Timón, Ágata; León, Manuel de"", ""orden"": 1}]",Matemáticas,https://elibro.puce.elogim.com/es/lc/puce/titulos/100206,"Matemáticas/originales/Las matemáticas de la luz - Timón, Ágata; León, Manuel de.jpg",covers/generated/digital-batch/pending-images/Ebook/Matematicas/portadas/ebook-130f04b7f33dfe76.webp,12169133b04cf14e8ed8ebe7d28ed062b0be336477140f74a80a7efb98083c70,edicion.editorial;edicion.idioma,Falta la editorial.;Falta un idioma válido.,Sin staging aceptado; sin asignación SKU existente; sin entrada digital en manifiesto normalizado,bookId;publisherId;sku;price (vincular valores existentes/verificados),isbn13;fechaPublicacion;paginas;ebookFileFormat,20.00: constante existente del importador de desarrollo; no es precio verificado del lote
EBOOK,Ebook/inventario.csv,185,Las matemáticas de los cristales,"[{""nombre"": ""León, Manuel de; Timón, Ágata"", ""orden"": 1}]",Matemáticas,https://elibro.puce.elogim.com/es/lc/puce/titulos/41821,"Matemáticas/originales/Las matemáticas de los cristales - León, Manuel de; Timón, Ágata.jpg",covers/generated/digital-batch/pending-images/Ebook/Matematicas/portadas/ebook-eca4b568c194b9d0.webp,89dfe0bb7b0016671b5e1b3d8f79b251587221f4199d570bd65f42ee2dfeed23,edicion.editorial;edicion.idioma,Falta la editorial.;Falta un idioma válido.,Sin staging aceptado; sin asignación SKU existente; sin entrada digital en manifiesto normalizado,bookId;publisherId;sku;price (vincular valores existentes/verificados),isbn13;fechaPublicacion;paginas;ebookFileFormat,20.00: constante existente del importador de desarrollo; no es precio verificado del lote
EBOOK,Ebook/inventario.csv,186,Las matemáticas de nuestra vida,"[{""nombre"": ""Sepulcre Martínez, Juan Matías; Segura Abad, Lorena; Mulero González, Julio"", ""orden"": 1}]",Matemáticas,https://elibro.puce.elogim.com/es/lc/puce/titulos/117208,"Matemáticas/originales/Las matemáticas de nuestra vida - Sepulcre Martínez, Juan Matías; Segura Abad, Lorena; Mulero González, Julio.jpg",covers/generated/digital-batch/pending-images/Ebook/Matematicas/portadas/ebook-f8eb2117edbe4873.webp,43612a5f46cc52564d6e9ce3e4c698f3bac92a56194c778c7c36814be9784964,edicion.editorial;edicion.idioma,Falta la editorial.;Falta un idioma válido.,Sin staging aceptado; sin asignación SKU existente; sin entrada digital en manifiesto normalizado,bookId;publisherId;sku;price (vincular valores existentes/verificados),isbn13;fechaPublicacion;paginas;ebookFileFormat,20.00: constante existente del importador de desarrollo; no es precio verificado del lote
EBOOK,Ebook/inventario.csv,187,Las matemáticas ocultas,"[{""nombre"": ""Jamet, Robin"", ""orden"": 1}]",Matemáticas,https://elibro.puce.elogim.com/es/lc/puce/titulos/122863,"Matemáticas/originales/Las matemáticas ocultas - Jamet, Robin.jpg",covers/generated/digital-batch/pending-images/Ebook/Matematicas/portadas/ebook-dc02b5a84a5bfb29.webp,ce33116a73861ef3fd468b702be5d86c23698bad79ec232f511173896e30c07a,edicion.editorial;edicion.idioma,Falta la editorial.;Falta un idioma válido.,Sin staging aceptado; sin asignación SKU existente; sin entrada digital en manifiesto normalizado,bookId;publisherId;sku;price (vincular valores existentes/verificados),isbn13;fechaPublicacion;paginas;ebookFileFormat,20.00: constante existente del importador de desarrollo; no es precio verificado del lote
EBOOK,Ebook/inventario.csv,188,Lo imposible en matemáticas,"[{""nombre"": ""Prieto de Castro, Carlos"", ""orden"": 1}]",Matemáticas,https://elibro.puce.elogim.com/es/lc/puce/titulos/37796,"Matemáticas/originales/Lo imposible en matemáticas - Prieto de Castro, Carlos.jpg",covers/generated/digital-batch/pending-images/Ebook/Matematicas/portadas/ebook-d3d40c615e3ed52f.webp,fdb50b221f8742173b68275e3e485a432265b36491c7dffea81b50d8e180c6e6,edicion.editorial;edicion.idioma,Falta la editorial.;Falta un idioma válido.,Sin staging aceptado; sin asignación SKU existente; sin entrada digital en manifiesto normalizado,bookId;publisherId;sku;price (vincular valores existentes/verificados),isbn13;fechaPublicacion;paginas;ebookFileFormat,20.00: constante existente del importador de desarrollo; no es precio verificado del lote
EBOOK,Ebook/inventario.csv,190,Matemática en espiral,"[{""nombre"": ""Falconí Asanza, Aldo; Hernández Crespo, Franco Manuel"", ""orden"": 1}]",Matemáticas,https://elibro.puce.elogim.com/es/lc/puce/titulos/131900,"Matemáticas/originales/Matemática en espiral - Falconí Asanza, Aldo; Hernández Crespo, Franco Manuel.jpg",covers/generated/digital-batch/pending-images/Ebook/Matematicas/portadas/ebook-f92c6a802890688d.webp,602d19f2051a10b0b7c256cd3f943e2d8bf57ae890302552e1d6472524d629f5,edicion.editorial;edicion.idioma,Falta la editorial.;Falta un idioma válido.,Sin staging aceptado; sin asignación SKU existente; sin entrada digital en manifiesto normalizado,bookId;publisherId;sku;price (vincular valores existentes/verificados),isbn13;fechaPublicacion;paginas;ebookFileFormat,20.00: constante existente del importador de desarrollo; no es precio verificado del lote
EBOOK,Ebook/inventario.csv,191,Matemática estructural,"[{""nombre"": ""Forero Cuervo, Andrés"", ""orden"": 1}]",Matemáticas,https://elibro.puce.elogim.com/es/lc/puce/titulos/69334,"Matemáticas/originales/Matemática estructural - Forero Cuervo, Andrés.jpg",covers/generated/digital-batch/pending-images/Ebook/Matematicas/portadas/ebook-ecb575e0c500e089.webp,e67d4964b228d5d977646edaeea3a96fa94cd07a2305dec08aef94134feb5825,edicion.editorial;edicion.idioma,Falta la editorial.;Falta un idioma válido.,Sin staging aceptado; sin asignación SKU existente; sin entrada digital en manifiesto normalizado,bookId;publisherId;sku;price (vincular valores existentes/verificados),isbn13;fechaPublicacion;paginas;ebookFileFormat,20.00: constante existente del importador de desarrollo; no es precio verificado del lote
EBOOK,Ebook/inventario.csv,197,Matemáticas básicas (4a. ed.),"[{""nombre"": ""Escudero Trujillo, Rafael"", ""orden"": 1}]",Matemáticas,https://elibro.puce.elogim.com/es/lc/puce/titulos/69967,"Matemáticas/originales/Matemáticas básicas (4a. ed.) - Escudero Trujillo, Rafael.jpg",covers/generated/digital-batch/pending-images/Ebook/Matematicas/portadas/ebook-b2ba6d8bffd99663.webp,b171e32573ef4a11acdacafe0f237f01652b41734056fb07c0a9f396f251868a,edicion.editorial;edicion.idioma,Falta la editorial.;Falta un idioma válido.,Sin staging aceptado; sin asignación SKU existente; sin entrada digital en manifiesto normalizado,bookId;publisherId;sku;price (vincular valores existentes/verificados),isbn13;fechaPublicacion;paginas;ebookFileFormat,20.00: constante existente del importador de desarrollo; no es precio verificado del lote
EBOOK,Ebook/inventario.csv,200,Pensar en la matemática,"[{""nombre"": ""Lorenzo Martínez, Javier de"", ""orden"": 1}]",Matemáticas,https://elibro.puce.elogim.com/es/lc/puce/titulos/162803,"Matemáticas/originales/Pensar en la matemática - Lorenzo Martínez, Javier de.jpg",covers/generated/digital-batch/pending-images/Ebook/Matematicas/portadas/ebook-c2773c7db8f50e89.webp,5b39c0f5ef04394cd21e4dac654e3270a16559a0f6fc1b7586d2f7a0227c78b4,edicion.editorial;edicion.idioma,Falta la editorial.;Falta un idioma válido.,Sin staging aceptado; sin asignación SKU existente; sin entrada digital en manifiesto normalizado,bookId;publisherId;sku;price (vincular valores existentes/verificados),isbn13;fechaPublicacion;paginas;ebookFileFormat,20.00: constante existente del importador de desarrollo; no es precio verificado del lote
EBOOK,Ebook/inventario.csv,202,Anatomía general,"[{""nombre"": ""Gutiérrez, Francisco"", ""orden"": 1}]",Medicina,https://elibro.puce.elogim.com/es/lc/puce/titulos/36379,"Medicina/originales/Anatomía general - Gutiérrez, Francisco.jpg",covers/generated/digital-batch/pending-images/Ebook/medicina/portadas/ebook-36d210b116c5c9e4.webp,9e3687e0be51ce9e3972acd55a5643e1afff3344469d5a5ceab134c5eb61584b,edicion.editorial;edicion.idioma,Falta la editorial.;Falta un idioma válido.,Sin staging aceptado; sin asignación SKU existente; sin entrada digital en manifiesto normalizado,bookId;publisherId;sku;price (vincular valores existentes/verificados),isbn13;fechaPublicacion;paginas;ebookFileFormat,20.00: constante existente del importador de desarrollo; no es precio verificado del lote
EBOOK,Ebook/inventario.csv,205,Bioquímica para Medicina,"[{""nombre"": ""Araque Marín, Pedronel"", ""orden"": 1}]",Medicina,https://elibro.puce.elogim.com/es/lc/puce/titulos/223081,"Medicina/originales/Bioquímica para Medicina - Araque Marín, Pedronel.jpg",covers/generated/digital-batch/pending-images/Ebook/medicina/portadas/ebook-8bacb70c2a10b291.webp,37d3bf68f548251c0206fad7b927a3ddf72d5697e1ca494c4b989fb8c396e90f,edicion.editorial;edicion.idioma,Falta la editorial.;Falta un idioma válido.,Sin staging aceptado; sin asignación SKU existente; sin entrada digital en manifiesto normalizado,bookId;publisherId;sku;price (vincular valores existentes/verificados),isbn13;fechaPublicacion;paginas;ebookFileFormat,20.00: constante existente del importador de desarrollo; no es precio verificado del lote
EBOOK,Ebook/inventario.csv,206,Biotecnología aplicada a la medicina,"[{""nombre"": ""Tresguerres, Jesús Ángel; Martínez Fernández, Vicente; Navas Serrano, Víctor"", ""orden"": 1}]",Medicina,https://elibro.puce.elogim.com/es/lc/puce/titulos/53028,"Medicina/originales/Biotecnología aplicada a la medicina - Tresguerres, Jesús Ángel; Martínez Fernández, Vicente; Navas Serrano, Víctor.jpg",covers/generated/digital-batch/pending-images/Ebook/medicina/portadas/ebook-1013c1955d12bfac.webp,0fbeab76ed9dbfcc7073b10821059f68587b0bfb63ee346de8083197f5027cf3,edicion.editorial;edicion.idioma,Falta la editorial.;Falta un idioma válido.,Sin staging aceptado; sin asignación SKU existente; sin entrada digital en manifiesto normalizado,bookId;publisherId;sku;price (vincular valores existentes/verificados),isbn13;fechaPublicacion;paginas;ebookFileFormat,20.00: constante existente del importador de desarrollo; no es precio verificado del lote
EBOOK,Ebook/inventario.csv,208,Diccionario etimológico de medicina,"[{""nombre"": ""Segura Munguía, Santiago"", ""orden"": 1}]",Medicina,https://elibro.puce.elogim.com/es/lc/puce/titulos/42785,"Medicina/originales/Diccionario etimológico de medicina - Segura Munguía, Santiago.jpg",covers/generated/digital-batch/pending-images/Ebook/medicina/portadas/ebook-732305bbd6f1cb11.webp,92bef533d43eb388375fddd1cf9f62d73790a6a868f0266248d6b51c478e0028,edicion.editorial;edicion.idioma,Falta la editorial.;Falta un idioma válido.,Sin staging aceptado; sin asignación SKU existente; sin entrada digital en manifiesto normalizado,bookId;publisherId;sku;price (vincular valores existentes/verificados),isbn13;fechaPublicacion;paginas;ebookFileFormat,20.00: constante existente del importador de desarrollo; no es precio verificado del lote
EBOOK,Ebook/inventario.csv,209,El ABC de la medicina interna,"[{""nombre"": ""Moreno Sánchez, Francisco; Jáuregui Camargo, Laura; Halabe Cherem, José"", ""orden"": 1}]",Medicina,https://elibro.puce.elogim.com/es/lc/puce/titulos/72757,"Medicina/originales/El ABC de la medicina interna - Moreno Sánchez, Francisco; Jáuregui Camargo, Laura; Halabe Cherem, José.jpg",covers/generated/digital-batch/pending-images/Ebook/medicina/portadas/ebook-3adc3af0416192dc.webp,4a54fe4ac78f0bafcd6242d0abe47afcd318d9f5960cd988bb30d6d7a3324373,edicion.editorial;edicion.idioma,Falta la editorial.;Falta un idioma válido.,Sin staging aceptado; sin asignación SKU existente; sin entrada digital en manifiesto normalizado,bookId;publisherId;sku;price (vincular valores existentes/verificados),isbn13;fechaPublicacion;paginas;ebookFileFormat,20.00: constante existente del importador de desarrollo; no es precio verificado del lote
EBOOK,Ebook/inventario.csv,210,El lenguaje de la medicina,"[{""nombre"": ""Sarmiento González, Ramón; Vilches Vivancos, Fernando"", ""orden"": 1}]",Medicina,https://elibro.puce.elogim.com/es/lc/puce/titulos/58272,"Medicina/originales/El lenguaje de la medicina - Sarmiento González, Ramón; Vilches Vivancos, Fernando.jpg",covers/generated/digital-batch/pending-images/Ebook/medicina/portadas/ebook-02ab3e1a2d1bf720.webp,9a62dd0758d882aa7b62af635d16b5b66189068317834dd36bbd19f33101852b,edicion.editorial;edicion.idioma,Falta la editorial.;Falta un idioma válido.,Sin staging aceptado; sin asignación SKU existente; sin entrada digital en manifiesto normalizado,bookId;publisherId;sku;price (vincular valores existentes/verificados),isbn13;fechaPublicacion;paginas;ebookFileFormat,20.00: constante existente del importador de desarrollo; no es precio verificado del lote
EBOOK,Ebook/inventario.csv,211,Electrocardiografía en medicina prehospitalaria,"[{""nombre"": ""Illescas Fernández, Gerardo José"", ""orden"": 1}]",Medicina,https://elibro.puce.elogim.com/es/lc/puce/titulos/73456,"Medicina/originales/Electrocardiografía en medicina prehospitalaria - Illescas Fernández, Gerardo José.jpg",covers/generated/digital-batch/pending-images/Ebook/medicina/portadas/ebook-a9d3e8cac852073e.webp,9c429e51343b4261dc89222c80f9d6451db99df25a268c95218f4dd26fd47125,edicion.editorial;edicion.idioma,Falta la editorial.;Falta un idioma válido.,Sin staging aceptado; sin asignación SKU existente; sin entrada digital en manifiesto normalizado,bookId;publisherId;sku;price (vincular valores existentes/verificados),isbn13;fechaPublicacion;paginas;ebookFileFormat,20.00: constante existente del importador de desarrollo; no es precio verificado del lote
EBOOK,Ebook/inventario.csv,212,Fundamentos de la medicina forense,"[{""nombre"": ""Pérez Pérez, Rosa M."", ""orden"": 1}]",Medicina,https://elibro.puce.elogim.com/es/lc/puce/titulos/58579,"Medicina/originales/Fundamentos de la medicina forense - Pérez Pérez, Rosa M..jpg",covers/generated/digital-batch/pending-images/Ebook/medicina/portadas/ebook-83015172611403ff.webp,293ad579ad84f5a71ffeb025e134e9d3e2f65f6b2b4d36760081eb3b26466cb4,edicion.editorial;edicion.idioma,Falta la editorial.;Falta un idioma válido.,Sin staging aceptado; sin asignación SKU existente; sin entrada digital en manifiesto normalizado,bookId;publisherId;sku;price (vincular valores existentes/verificados),isbn13;fechaPublicacion;paginas;ebookFileFormat,20.00: constante existente del importador de desarrollo; no es precio verificado del lote
EBOOK,Ebook/inventario.csv,213,Hacia la medicina del futuro,"[{""nombre"": ""Alcazar Montenegro, Heberto"", ""orden"": 1}]",Medicina,https://elibro.puce.elogim.com/es/lc/puce/titulos/72621,"Medicina/originales/Hacia la medicina del futuro - Alcazar Montenegro, Heberto.jpg",covers/generated/digital-batch/pending-images/Ebook/medicina/portadas/ebook-c62fc0afaeebeef1.webp,b44e6508e3340edfc5a9f4616fd1ee9ab262527b87a392e8d854a702491a492f,edicion.editorial;edicion.idioma,Falta la editorial.;Falta un idioma válido.,Sin staging aceptado; sin asignación SKU existente; sin entrada digital en manifiesto normalizado,bookId;publisherId;sku;price (vincular valores existentes/verificados),isbn13;fechaPublicacion;paginas;ebookFileFormat,20.00: constante existente del importador de desarrollo; no es precio verificado del lote
EBOOK,Ebook/inventario.csv,214,Historia y filosofía de la medicina,"[{""nombre"": ""León Hernández, Saúl; Lara Padilla, Eleazar; Camarena Olmedo, Javier"", ""orden"": 1}]",Medicina,https://elibro.puce.elogim.com/es/lc/puce/titulos/73999,"Medicina/originales/Historia y filosofía de la medicina - León Hernández, Saúl; Lara Padilla, Eleazar; Camarena Olmedo, Javier.jpg",covers/generated/digital-batch/pending-images/Ebook/medicina/portadas/ebook-8538d91358940113.webp,f9472c6d9b883c33bfb1399027ef01c07401e10c41f3157387f8f66ee104f359,edicion.editorial;edicion.idioma,Falta la editorial.;Falta un idioma válido.,Sin staging aceptado; sin asignación SKU existente; sin entrada digital en manifiesto normalizado,bookId;publisherId;sku;price (vincular valores existentes/verificados),isbn13;fechaPublicacion;paginas;ebookFileFormat,20.00: constante existente del importador de desarrollo; no es precio verificado del lote
EBOOK,Ebook/inventario.csv,215,Introducción a la Medicina,"[{""nombre"": ""Barona, Josep Lluís"", ""orden"": 1}]",Medicina,https://elibro.puce.elogim.com/es/lc/puce/titulos/293446,"Medicina/originales/Introducción a la Medicina - Barona, Josep Lluís.jpg",covers/generated/digital-batch/pending-images/Ebook/medicina/portadas/ebook-8cc0d0f6ab2cc224.webp,09f84dc38bd6390ff4e54197cd4faf6b346add3cd1e3c820f8a1797ca9016aa7,edicion.editorial;edicion.idioma,Falta la editorial.;Falta un idioma válido.,Sin staging aceptado; sin asignación SKU existente; sin entrada digital en manifiesto normalizado,bookId;publisherId;sku;price (vincular valores existentes/verificados),isbn13;fechaPublicacion;paginas;ebookFileFormat,20.00: constante existente del importador de desarrollo; no es precio verificado del lote
EBOOK,Ebook/inventario.csv,216,La física en la medicina (3a. ed.),"[{""nombre"": ""Piña Barba, María Cristina"", ""orden"": 1}]",Medicina,https://elibro.puce.elogim.com/es/lc/puce/titulos/71950,"Medicina/originales/La física en la medicina (3a. ed.) - Piña Barba, María Cristina.jpg",covers/generated/digital-batch/pending-images/Ebook/medicina/portadas/ebook-fd0821640112f205.webp,9bf6533fec2a4f607b0a9da4c7d36463e53ec6d9b36d4b987b4503f016e0216f,edicion.editorial;edicion.idioma,Falta la editorial.;Falta un idioma válido.,Sin staging aceptado; sin asignación SKU existente; sin entrada digital en manifiesto normalizado,bookId;publisherId;sku;price (vincular valores existentes/verificados),isbn13;fechaPublicacion;paginas;ebookFileFormat,20.00: constante existente del importador de desarrollo; no es precio verificado del lote
EBOOK,Ebook/inventario.csv,217,La mujer en el ejercicio de la medicina,"[{""nombre"": ""Carrillo Esper, Raúl; Dubón Peniche, María del Carmen; Elizondo Argueta, Sandra; Carrillo Córdova, Dulce María"", ""orden"": 1}]",Medicina,https://elibro.puce.elogim.com/es/lc/puce/titulos/40870,"Medicina/originales/La mujer en el ejercicio de la medicina - Carrillo Esper, Raúl; Dubón Peniche, María del Carmen; Elizondo Argueta, Sandra; Carrillo Córdova, Dulce María.jpg",covers/generated/digital-batch/pending-images/Ebook/medicina/portadas/ebook-35f5ee7cd1dbd914.webp,638adbd975199d569b1aa8fd300caef428601aeeac6be6e87e32d6db2a531fa7,edicion.editorial;edicion.idioma,Falta la editorial.;Falta un idioma válido.,Sin staging aceptado; sin asignación SKU existente; sin entrada digital en manifiesto normalizado,bookId;publisherId;sku;price (vincular valores existentes/verificados),isbn13;fechaPublicacion;paginas;ebookFileFormat,20.00: constante existente del importador de desarrollo; no es precio verificado del lote
EBOOK,Ebook/inventario.csv,218,Láser en medicina,"[{""nombre"": ""Martí López, Luis; Altamirano Aguilar, Jorge H."", ""orden"": 1}]",Medicina,https://elibro.puce.elogim.com/es/lc/puce/titulos/72229,"Medicina/originales/Láser en medicina - Martí López, Luis; Altamirano Aguilar, Jorge H..jpg",covers/generated/digital-batch/pending-images/Ebook/medicina/portadas/ebook-c2dfe127dab4c883.webp,40eeed0d457ac47b4585476bd5bfa98dca4110fcc9f6c5d5e9bb14a8b5cc861e,edicion.editorial;edicion.idioma,Falta la editorial.;Falta un idioma válido.,Sin staging aceptado; sin asignación SKU existente; sin entrada digital en manifiesto normalizado,bookId;publisherId;sku;price (vincular valores existentes/verificados),isbn13;fechaPublicacion;paginas;ebookFileFormat,20.00: constante existente del importador de desarrollo; no es precio verificado del lote
EBOOK,Ebook/inventario.csv,220,Medicina de bolsillo (5a. ed.),"[{""nombre"": ""Sabatine, Marc S."", ""orden"": 1}]",Medicina,https://elibro.puce.elogim.com/es/lc/puce/titulos/125329,"Medicina/originales/Medicina de bolsillo (5a. ed.) - Sabatine, Marc S..jpg",covers/generated/digital-batch/pending-images/Ebook/medicina/portadas/ebook-a53be3387773971a.webp,4ab919a3a5c55a0f2f1673c024cadcec0c1b361a5c50a07421c2f9efcec9c821,edicion.editorial;edicion.idioma,Falta la editorial.;Falta un idioma válido.,Sin staging aceptado; sin asignación SKU existente; sin entrada digital en manifiesto normalizado,bookId;publisherId;sku;price (vincular valores existentes/verificados),isbn13;fechaPublicacion;paginas;ebookFileFormat,20.00: constante existente del importador de desarrollo; no es precio verificado del lote
EBOOK,Ebook/inventario.csv,222,Medicina humanitaria,"[{""nombre"": ""Estébanez Estébanez, Pilar"", ""orden"": 1}]",Medicina,https://elibro.puce.elogim.com/es/lc/puce/titulos/53098,"Medicina/originales/Medicina humanitaria - Estébanez Estébanez, Pilar.jpg",covers/generated/digital-batch/pending-images/Ebook/medicina/portadas/ebook-26949727c7f52ee9.webp,fe522c3f43409494867e6b30fd6d71477a3a910e3a01404dfe8b7bf575fbadff,edicion.editorial;edicion.idioma,Falta la editorial.;Falta un idioma válido.,Sin staging aceptado; sin asignación SKU existente; sin entrada digital en manifiesto normalizado,bookId;publisherId;sku;price (vincular valores existentes/verificados),isbn13;fechaPublicacion;paginas;ebookFileFormat,20.00: constante existente del importador de desarrollo; no es precio verificado del lote
EBOOK,Ebook/inventario.csv,223,Medicina intensiva,"[{""nombre"": ""Lovesio, Carlos"", ""orden"": 1}]",Medicina,https://elibro.puce.elogim.com/es/lc/puce/titulos/67148,"Medicina/originales/Medicina intensiva - Lovesio, Carlos.jpg",covers/generated/digital-batch/pending-images/Ebook/medicina/portadas/ebook-7eb366f26ec5faeb.webp,f57236bb6f98e2c255ffd70ba9d209eb7f5a7e74f71b1763bee62020d79584d7,edicion.editorial;edicion.idioma,Falta la editorial.;Falta un idioma válido.,Sin staging aceptado; sin asignación SKU existente; sin entrada digital en manifiesto normalizado,bookId;publisherId;sku;price (vincular valores existentes/verificados),isbn13;fechaPublicacion;paginas;ebookFileFormat,20.00: constante existente del importador de desarrollo; no es precio verificado del lote
EBOOK,Ebook/inventario.csv,224,Medicina Legal (2a. ed.),"[{""nombre"": ""Carrillo Olmedo, Pedro Manuel"", ""orden"": 1}]",Medicina,https://elibro.puce.elogim.com/es/lc/puce/titulos/118658,"Medicina/originales/Medicina Legal (2a. ed.) - Carrillo Olmedo, Pedro Manuel.jpg",covers/generated/digital-batch/pending-images/Ebook/medicina/portadas/ebook-fb9ab4ccfe851ce8.webp,ab0b39e4a6614d92b3e0de166f59e4005928b1e31c1ff0f930690b0d5fcfe19f,edicion.editorial;edicion.idioma,Falta la editorial.;Falta un idioma válido.,Sin staging aceptado; sin asignación SKU existente; sin entrada digital en manifiesto normalizado,bookId;publisherId;sku;price (vincular valores existentes/verificados),isbn13;fechaPublicacion;paginas;ebookFileFormat,20.00: constante existente del importador de desarrollo; no es precio verificado del lote
EBOOK,Ebook/inventario.csv,226,Síndromes en medicina interna,"[{""nombre"": ""Sanguinetti, Carlos A."", ""orden"": 1}]",Medicina,https://elibro.puce.elogim.com/es/lc/puce/titulos/67143,"Medicina/originales/Síndromes en medicina interna - Sanguinetti, Carlos A..jpg",covers/generated/digital-batch/pending-images/Ebook/medicina/portadas/ebook-24ff9f953ed9a282.webp,4dc172de7701f0a77091202651d8f6d9bd5b12961d7d58a495e60c0e489a45e6,edicion.editorial;edicion.idioma,Falta la editorial.;Falta un idioma válido.,Sin staging aceptado; sin asignación SKU existente; sin entrada digital en manifiesto normalizado,bookId;publisherId;sku;price (vincular valores existentes/verificados),isbn13;fechaPublicacion;paginas;ebookFileFormat,20.00: constante existente del importador de desarrollo; no es precio verificado del lote
