candidate_id,format,title,authors,work_action,bookId,proposed_sku,publication_status,editorial,idioma,precio,missing_real_fields,missing_required_fields,audio_metadata_type,audioDurationSeconds,price_metadata_type,demo_public_label_required,narrators,source_url,source_access,staging,cover_file,ready_for_future_publication,readiness_errors
ebook-d901c48cf0708fb8,EBOOK,Historia de historias,"Uribe, Álvaro",CREATE_NEW_WORK,228,PLG-BK-000178,PUBLISHED,Malpaso Ediciones,es,9.99,,,NOT_APPLICABLE,,SIMULATED/DEMO,True,[],https://elibro.puce.elogim.com/es/lc/puce/titulos/117062,AUTH_REQUIRED,covers/generated/digital-batch/editions/staging/Ebook/Literatura/staging.json,covers/generated/digital-batch/pending-images/Ebook/Literatura/portadas/ebook-d901c48cf0708fb8.webp,True,
ebook-152fc74e8097c3b1,EBOOK,La era victoriana en literatura,"Chesterton, Gilbert Keith",CREATE_NEW_WORK,229,PLG-BK-000185,PUBLISHED,Prometeo Libros,es,5.99,,,NOT_APPLICABLE,,SIMULATED/DEMO,True,[],https://elibro.puce.elogim.com/es/lc/puce/titulos/191119,AUTH_REQUIRED,covers/generated/digital-batch/editions/staging/Ebook/Literatura/staging.json,covers/generated/digital-batch/pending-images/Ebook/Literatura/portadas/ebook-152fc74e8097c3b1.webp,True,
ebook-5c51985965164200,EBOOK,La literatura,"Martín Alegre, Sara",CREATE_NEW_WORK,230,PLG-BK-000283,PUBLISHED,Editorial UOC,es,22.99,,,NOT_APPLICABLE,,SIMULATED/DEMO,True,[],https://elibro.puce.elogim.com/es/lc/puce/titulos/56436,AUTH_REQUIRED,covers/generated/digital-batch/editions/staging/Ebook/Literatura/staging.json,covers/generated/digital-batch/pending-images/Ebook/Literatura/portadas/ebook-5c51985965164200.webp,True,
ebook-be4f33f6d94229e7,EBOOK,La literatura dramática,"Foguet, Francesc - Santamaria, Núria",CREATE_NEW_WORK,231,PLG-BK-000229,PUBLISHED,Editorial UOC,es,11.99,,,NOT_APPLICABLE,,SIMULATED/DEMO,True,[],https://elibro.puce.elogim.com/es/lc/puce/titulos/156644,AUTH_REQUIRED,covers/generated/digital-batch/editions/staging/Ebook/Literatura/staging.json,covers/generated/digital-batch/pending-images/Ebook/Literatura/portadas/ebook-be4f33f6d94229e7.webp,True,
ebook-404c350b49f8d484,EBOOK,La literatura española,"Torri, Julio",CREATE_NEW_WORK,232,PLG-BK-000085,PUBLISHED,Fondo de Cultura Económica,es,13.99,,,NOT_APPLICABLE,,SIMULATED/DEMO,True,[],https://elibro.puce.elogim.com/es/lc/puce/titulos/111061,AUTH_REQUIRED,covers/generated/digital-batch/editions/staging/Ebook/Literatura/staging.json,covers/generated/digital-batch/pending-images/Ebook/Literatura/portadas/ebook-404c350b49f8d484.webp,True,
ebook-6fb37f2956809505,EBOOK,Literatura clásica,"Álvarez Bravo, Armando",CREATE_NEW_WORK,233,PLG-BK-000122,PUBLISHED,Firmas Press,es,16.99,,,NOT_APPLICABLE,,SIMULATED/DEMO,True,[],https://elibro.puce.elogim.com/es/lc/puce/titulos/36434,AUTH_REQUIRED,covers/generated/digital-batch/editions/staging/Ebook/Literatura/staging.json,covers/generated/digital-batch/pending-images/Ebook/Literatura/portadas/ebook-6fb37f2956809505.webp,True,
ebook-b6e98eacfdbf3d38,EBOOK,Literatura española,"Reyes, Alfonso",CREATE_NEW_WORK,234,PLG-BK-000208,PUBLISHED,Fondo de Cultura Económica,es,7.99,,,NOT_APPLICABLE,,SIMULATED/DEMO,True,[],https://elibro.puce.elogim.com/es/lc/puce/titulos/110740,AUTH_REQUIRED,covers/generated/digital-batch/editions/staging/Ebook/Literatura/staging.json,covers/generated/digital-batch/pending-images/Ebook/Literatura/portadas/ebook-b6e98eacfdbf3d38.webp,True,
ebook-a310ba6cc9128e79,EBOOK,Literatura Oriental,"Álvarez Bravo, Armando",CREATE_NEW_WORK,235,PLG-BK-000160,PUBLISHED,Firmas Press,es,6.99,,,NOT_APPLICABLE,,SIMULATED/DEMO,True,[],https://elibro.puce.elogim.com/es/lc/puce/titulos/36433,AUTH_REQUIRED,covers/generated/digital-batch/editions/staging/Ebook/Literatura/staging.json,covers/generated/digital-batch/pending-images/Ebook/Literatura/portadas/ebook-a310ba6cc9128e79.webp,True,
ebook-0762786d97e31d89,EBOOK,Literatura universal,"Reyes, Alfonso",CREATE_NEW_WORK,236,PLG-BK-000089,PUBLISHED,Fondo de Cultura Económica,es,22.99,,,NOT_APPLICABLE,,SIMULATED/DEMO,True,[],https://elibro.puce.elogim.com/es/lc/puce/titulos/110738,AUTH_REQUIRED,covers/generated/digital-batch/editions/staging/Ebook/Literatura/staging.json,covers/generated/digital-batch/pending-images/Ebook/Literatura/portadas/ebook-0762786d97e31d89.webp,True,
ebook-09c6216e91ce8a01,EBOOK,Literatura y cine,"Gutiérrez Carbajo, Francisco",CREATE_NEW_WORK,237,PLG-BK-000159,PUBLISHED,UNED - Universidad Nacional de Educación a Distancia,es,10.99,,,NOT_APPLICABLE,,SIMULATED/DEMO,True,[],https://elibro.puce.elogim.com/es/lc/puce/titulos/48881,AUTH_REQUIRED,covers/generated/digital-batch/editions/staging/Ebook/Literatura/staging.json,covers/generated/digital-batch/pending-images/Ebook/Literatura/portadas/ebook-09c6216e91ce8a01.webp,True,
ebook-d7c3927d622d4808,EBOOK,Literaturas compartidas,"Basile, Teresa - Foffani, Enrique",CREATE_NEW_WORK,238,PLG-BK-000079,PUBLISHED,Editorial de la Universidad Nacional de La Plata,es,19.99,,,NOT_APPLICABLE,,SIMULATED/DEMO,True,[],https://elibro.puce.elogim.com/es/lc/puce/titulos/66439,AUTH_REQUIRED,covers/generated/digital-batch/editions/staging/Ebook/Literatura/staging.json,covers/generated/digital-batch/pending-images/Ebook/Literatura/portadas/ebook-d7c3927d622d4808.webp,True,
ebook-de8cba7332b1dd7d,EBOOK,Páginas de historia,"Mitre, Bartolomé",CREATE_NEW_WORK,239,PLG-BK-000163,PUBLISHED,El Cid Editor,es,18.99,,,NOT_APPLICABLE,,SIMULATED/DEMO,True,[],https://elibro.puce.elogim.com/es/lc/puce/titulos/36151,AUTH_REQUIRED,covers/generated/digital-batch/editions/staging/Ebook/Literatura/staging.json,covers/generated/digital-batch/pending-images/Ebook/Literatura/portadas/ebook-de8cba7332b1dd7d.webp,True,
ebook-cef7824007532bb5,EBOOK,Romancero gitano,"García Lorca, Federico",CREATE_NEW_WORK,240,PLG-BK-000095,PUBLISHED,El Cid Editor,es,20.99,,,NOT_APPLICABLE,,SIMULATED/DEMO,True,[],https://elibro.puce.elogim.com/es/lc/puce/titulos/35142,AUTH_REQUIRED,covers/generated/digital-batch/editions/staging/Ebook/Literatura/staging.json,covers/generated/digital-batch/pending-images/Ebook/Literatura/portadas/ebook-cef7824007532bb5.webp,True,
ebook-4f88eff5a246dfab,EBOOK,Filosofía antigua,"Pastor, W. F.",CREATE_NEW_WORK,208,PLG-BK-000228,PUBLISHED,Firmas Press,es,14.99,,,NOT_APPLICABLE,,SIMULATED/DEMO,True,[],https://elibro.puce.elogim.com/es/lc/puce/titulos/36348,AUTH_REQUIRED,covers/generated/digital-batch/editions/staging/Ebook/Filosofia/staging.json,covers/generated/digital-batch/pending-images/Ebook/Filosofia/portadas/ebook-4f88eff5a246dfab.webp,True,
ebook-039e638e77cb6360,EBOOK,Filosofía como metanoética,"Hajime, Tanabe",CREATE_NEW_WORK,209,PLG-BK-000193,PUBLISHED,Herder Editorial,es,21.99,,,NOT_APPLICABLE,,SIMULATED/DEMO,True,[],https://elibro.puce.elogim.com/es/lc/puce/titulos/45764,AUTH_REQUIRED,covers/generated/digital-batch/editions/staging/Ebook/Filosofia/staging.json,covers/generated/digital-batch/pending-images/Ebook/Filosofia/portadas/ebook-039e638e77cb6360.webp,True,
ebook-7c9ecb657fb9f797,EBOOK,Filosofía contemporánea,"Pastor, W. F.",CREATE_NEW_WORK,210,PLG-BK-000277,PUBLISHED,Firmas Press,es,16.99,,,NOT_APPLICABLE,,SIMULATED/DEMO,True,[],https://elibro.puce.elogim.com/es/lc/puce/titulos/36352,AUTH_REQUIRED,covers/generated/digital-batch/editions/staging/Ebook/Filosofia/staging.json,covers/generated/digital-batch/pending-images/Ebook/Filosofia/portadas/ebook-7c9ecb657fb9f797.webp,True,
ebook-00ba74890bbeded4,EBOOK,Filosofía de la ciencia (2a. ed.),"Artigas, Mariano",CREATE_NEW_WORK,211,PLG-BK-000106,PUBLISHED,EUNSA,es,22.99,,,NOT_APPLICABLE,,SIMULATED/DEMO,True,[],https://elibro.puce.elogim.com/es/lc/puce/titulos/46920,AUTH_REQUIRED,covers/generated/digital-batch/editions/staging/Ebook/Filosofia/staging.json,covers/generated/digital-batch/pending-images/Ebook/Filosofia/portadas/ebook-00ba74890bbeded4.webp,True,
ebook-a0a42f8e10e65611,EBOOK,Filosofía de la cultura (2a. ed.),"Choza, Jacinto",CREATE_NEW_WORK,212,PLG-BK-000090,PUBLISHED,Editorial Thémata,es,24.99,,,NOT_APPLICABLE,,SIMULATED/DEMO,True,[],https://elibro.puce.elogim.com/es/lc/puce/titulos/59773,AUTH_REQUIRED,covers/generated/digital-batch/editions/staging/Ebook/Filosofia/staging.json,covers/generated/digital-batch/pending-images/Ebook/Filosofia/portadas/ebook-a0a42f8e10e65611.webp,True,
ebook-34ce7fb4dbe3d5ea,EBOOK,Filosofía de la religión,"Beuchot Puente, Mauricio",CREATE_NEW_WORK,213,PLG-BK-000214,PUBLISHED,ITESO - Instituto Tecnológico y de Estudios Superiores de Occidente,es,17.99,,,NOT_APPLICABLE,,SIMULATED/DEMO,True,[],https://elibro.puce.elogim.com/es/lc/puce/titulos/40946,AUTH_REQUIRED,covers/generated/digital-batch/editions/staging/Ebook/Filosofia/staging.json,covers/generated/digital-batch/pending-images/Ebook/Filosofia/portadas/ebook-34ce7fb4dbe3d5ea.webp,True,
ebook-c740fdc211f952d1,EBOOK,Filosofía del conocimiento (2a. ed.),"Corazón González, Rafael",CREATE_NEW_WORK,214,PLG-BK-000057,PUBLISHED,EUNSA,es,15.99,,,NOT_APPLICABLE,,SIMULATED/DEMO,True,[],https://elibro.puce.elogim.com/es/lc/puce/titulos/46926,AUTH_REQUIRED,covers/generated/digital-batch/editions/staging/Ebook/Filosofia/staging.json,covers/generated/digital-batch/pending-images/Ebook/Filosofia/portadas/ebook-c740fdc211f952d1.webp,True,
ebook-00fe541f8e191ee1,EBOOK,Filosofía del lenguaje,"Bustos Guadaño, Eduardo de",CREATE_NEW_WORK,215,PLG-BK-000134,PUBLISHED,UNED - Universidad Nacional de Educación a Distancia,es,12.99,,,NOT_APPLICABLE,,SIMULATED/DEMO,True,[],https://elibro.puce.elogim.com/es/lc/puce/titulos/48712,AUTH_REQUIRED,covers/generated/digital-batch/editions/staging/Ebook/Filosofia/staging.json,covers/generated/digital-batch/pending-images/Ebook/Filosofia/portadas/ebook-00fe541f8e191ee1.webp,True,
ebook-bd71367cdab1060c,EBOOK,Filosofía del renacimiento,"Pastor, W. F.",CREATE_NEW_WORK,216,PLG-BK-000123,PUBLISHED,Firmas Press,es,22.99,,,NOT_APPLICABLE,,SIMULATED/DEMO,True,[],https://elibro.puce.elogim.com/es/lc/puce/titulos/36350,AUTH_REQUIRED,covers/generated/digital-batch/editions/staging/Ebook/Filosofia/staging.json,covers/generated/digital-batch/pending-images/Ebook/Filosofia/portadas/ebook-bd71367cdab1060c.webp,True,
ebook-9acec40ecdb659ec,EBOOK,Filosofía fundamental,"Balmes, Jaime",CREATE_NEW_WORK,217,PLG-BK-000168,PUBLISHED,Editorial Linkgua,es,21.99,,,NOT_APPLICABLE,,SIMULATED/DEMO,True,[],https://elibro.puce.elogim.com/es/lc/puce/titulos/34402,AUTH_REQUIRED,covers/generated/digital-batch/editions/staging/Ebook/Filosofia/staging.json,covers/generated/digital-batch/pending-images/Ebook/Filosofia/portadas/ebook-9acec40ecdb659ec.webp,True,
ebook-bbedcd4f008dc1f8,EBOOK,Filosofía general,"Pastor, W. F.",CREATE_NEW_WORK,218,PLG-BK-000247,PUBLISHED,Firmas Press,es,21.99,,,NOT_APPLICABLE,,SIMULATED/DEMO,True,[],https://elibro.puce.elogim.com/es/lc/puce/titulos/36347,AUTH_REQUIRED,covers/generated/digital-batch/editions/staging/Ebook/Filosofia/staging.json,covers/generated/digital-batch/pending-images/Ebook/Filosofia/portadas/ebook-bbedcd4f008dc1f8.webp,True,
ebook-0ac02126c2eb936a,EBOOK,Filosofía medieval,"Pastor, W. F.",CREATE_NEW_WORK,219,PLG-BK-000304,PUBLISHED,Firmas Press,es,13.99,,,NOT_APPLICABLE,,SIMULATED/DEMO,True,[],https://elibro.puce.elogim.com/es/lc/puce/titulos/36349,AUTH_REQUIRED,covers/generated/digital-batch/editions/staging/Ebook/Filosofia/staging.json,covers/generated/digital-batch/pending-images/Ebook/Filosofia/portadas/ebook-0ac02126c2eb936a.webp,True,
ebook-a452742cfae417a9,EBOOK,Filosofía moderna,"Pastor, W. F.",CREATE_NEW_WORK,220,PLG-BK-000296,PUBLISHED,Firmas Press,es,14.99,,,NOT_APPLICABLE,,SIMULATED/DEMO,True,[],https://elibro.puce.elogim.com/es/lc/puce/titulos/36351,AUTH_REQUIRED,covers/generated/digital-batch/editions/staging/Ebook/Filosofia/staging.json,covers/generated/digital-batch/pending-images/Ebook/Filosofia/portadas/ebook-a452742cfae417a9.webp,True,
ebook-6866fe06c580051a,EBOOK,Filosofía para Irene,"Choza, Jacinto",CREATE_NEW_WORK,221,PLG-BK-000100,PUBLISHED,Editorial Thémata,es,18.99,,,NOT_APPLICABLE,,SIMULATED/DEMO,True,[],https://elibro.puce.elogim.com/es/lc/puce/titulos/59774,AUTH_REQUIRED,covers/generated/digital-batch/editions/staging/Ebook/Filosofia/staging.json,covers/generated/digital-batch/pending-images/Ebook/Filosofia/portadas/ebook-6866fe06c580051a.webp,True,
ebook-32ea66d0a615db40,EBOOK,Filosofía política,"Cruz Prados, Alfredo",CREATE_NEW_WORK,222,PLG-BK-000270,PUBLISHED,EUNSA,es,10.99,,,NOT_APPLICABLE,,SIMULATED/DEMO,True,[],https://elibro.puce.elogim.com/es/lc/puce/titulos/47080,AUTH_REQUIRED,covers/generated/digital-batch/editions/staging/Ebook/Filosofia/staging.json,covers/generated/digital-batch/pending-images/Ebook/Filosofia/portadas/ebook-32ea66d0a615db40.webp,True,
ebook-0072a41519535ed6,EBOOK,Filosofía y palomitas,"Reina Garnacho, José Manuel",CREATE_NEW_WORK,223,PLG-BK-000107,PUBLISHED,Ediciones Alfar,es,17.99,,,NOT_APPLICABLE,,SIMULATED/DEMO,True,[],https://elibro.puce.elogim.com/es/lc/puce/titulos/52635,AUTH_REQUIRED,covers/generated/digital-batch/editions/staging/Ebook/Filosofia/staging.json,covers/generated/digital-batch/pending-images/Ebook/Filosofia/portadas/ebook-0072a41519535ed6.webp,True,
ebook-4de59f9ea9c0380f,EBOOK,La filosofía de la tecnología,"Sarsanedas, Anna",CREATE_NEW_WORK,224,PLG-BK-000239,PUBLISHED,Editorial UOC,es,13.99,,,NOT_APPLICABLE,,SIMULATED/DEMO,True,[],https://elibro.puce.elogim.com/es/lc/puce/titulos/57841,AUTH_REQUIRED,covers/generated/digital-batch/editions/staging/Ebook/Filosofia/staging.json,covers/generated/digital-batch/pending-images/Ebook/Filosofia/portadas/ebook-4de59f9ea9c0380f.webp,True,
ebook-216488251242cf20,EBOOK,Las tareas de la filosofía,"Cuartango, Román",CREATE_NEW_WORK,225,PLG-BK-000062,PUBLISHED,Editorial de la Universidad de Cantabria,es,13.99,,,NOT_APPLICABLE,,SIMULATED/DEMO,True,[],https://elibro.puce.elogim.com/es/lc/puce/titulos/53385,AUTH_REQUIRED,covers/generated/digital-batch/editions/staging/Ebook/Filosofia/staging.json,covers/generated/digital-batch/pending-images/Ebook/Filosofia/portadas/ebook-216488251242cf20.webp,True,
ebook-14fff49a1571571a,EBOOK,¿Qué es Filosofía?,"Betancourt Delgado, William",CREATE_NEW_WORK,226,PLG-BK-000221,PUBLISHED,Programa Editorial Universidad del Valle,es,19.99,,,NOT_APPLICABLE,,SIMULATED/DEMO,True,[],https://elibro.puce.elogim.com/es/lc/puce/titulos/221757,AUTH_REQUIRED,covers/generated/digital-batch/editions/staging/Ebook/Filosofia/staging.json,covers/generated/digital-batch/pending-images/Ebook/Filosofia/portadas/ebook-14fff49a1571571a.webp,True,
ebook-697837145d693b86,EBOOK,¿Qué es la filosofía?,"Heidegger, Martin",CREATE_NEW_WORK,227,PLG-BK-000315,PUBLISHED,Herder Editorial,es,23.99,,,NOT_APPLICABLE,,SIMULATED/DEMO,True,[],https://elibro.puce.elogim.com/es/lc/puce/titulos/45723,AUTH_REQUIRED,covers/generated/digital-batch/editions/staging/Ebook/Filosofia/staging.json,covers/generated/digital-batch/pending-images/Ebook/Filosofia/portadas/ebook-697837145d693b86.webp,True,
ebook-0fe3847a7ff875c7,EBOOK,El mundo de la psicología,"Ardila, Rubén",CREATE_NEW_WORK,325,PLG-BK-000129,PUBLISHED,El Manual Moderno,es,15.99,,,NOT_APPLICABLE,,SIMULATED/DEMO,True,[],https://elibro.puce.elogim.com/es/lc/puce/titulos/71138,AUTH_REQUIRED,covers/generated/digital-batch/editions/staging/Ebook/psicologia/staging.json,covers/generated/digital-batch/pending-images/Ebook/psicologia/portadas/ebook-0fe3847a7ff875c7.webp,True,
ebook-13fe5aaddb7931dd,EBOOK,Estadística en psicología,"Bologna, Eduardo",CREATE_NEW_WORK,326,PLG-BK-000145,PUBLISHED,Editorial Brujas,es,5.99,,,NOT_APPLICABLE,,SIMULATED/DEMO,True,[],https://elibro.puce.elogim.com/es/lc/puce/titulos/78041,AUTH_REQUIRED,covers/generated/digital-batch/editions/staging/Ebook/psicologia/staging.json,covers/generated/digital-batch/pending-images/Ebook/psicologia/portadas/ebook-13fe5aaddb7931dd.webp,True,
ebook-7f4b1c3b4d2275b4,EBOOK,Homosexualidad y psicología (2a. ed.),"Ardila, Rubén",CREATE_NEW_WORK,327,PLG-BK-000148,PUBLISHED,El Manual Moderno,es,6.99,,,NOT_APPLICABLE,,SIMULATED/DEMO,True,[],https://elibro.puce.elogim.com/es/lc/puce/titulos/71137,AUTH_REQUIRED,covers/generated/digital-batch/editions/staging/Ebook/psicologia/staging.json,covers/generated/digital-batch/pending-images/Ebook/psicologia/portadas/ebook-7f4b1c3b4d2275b4.webp,True,
ebook-9e5abbbd2405e7b5,EBOOK,La psicología y su pluralidad,"Colombo, María Elena",CREATE_NEW_WORK,328,PLG-BK-000271,PUBLISHED,Eudeba,es,10.99,,,NOT_APPLICABLE,,SIMULATED/DEMO,True,[],https://elibro.puce.elogim.com/es/lc/puce/titulos/119841,AUTH_REQUIRED,covers/generated/digital-batch/editions/staging/Ebook/psicologia/staging.json,covers/generated/digital-batch/pending-images/Ebook/psicologia/portadas/ebook-9e5abbbd2405e7b5.webp,True,
ebook-a6d0ccd57418264c,EBOOK,Psicología clínica,"Sánchez Escobedo, Pedro Antonio",CREATE_NEW_WORK,329,PLG-BK-000249,PUBLISHED,Manual Moderno,es,14.99,,,NOT_APPLICABLE,,SIMULATED/DEMO,True,[],https://elibro.puce.elogim.com/es/lc/puce/titulos/100383,AUTH_REQUIRED,covers/generated/digital-batch/editions/staging/Ebook/psicologia/staging.json,covers/generated/digital-batch/pending-images/Ebook/psicologia/portadas/ebook-a6d0ccd57418264c.webp,True,
ebook-a1526abacd1bdb70,EBOOK,Psicología de la competición,"Martín-Albo Lucas, José; Núñez Alonso, Juan Luis",CREATE_NEW_WORK,330,PLG-BK-000072,PUBLISHED,Wanceulen Editorial,es,6.99,,,NOT_APPLICABLE,,SIMULATED/DEMO,True,[],https://elibro.puce.elogim.com/es/lc/puce/titulos/60221,AUTH_REQUIRED,covers/generated/digital-batch/editions/staging/Ebook/psicologia/staging.json,covers/generated/digital-batch/pending-images/Ebook/psicologia/portadas/ebook-a1526abacd1bdb70.webp,True,
ebook-d690a764a51c9691,EBOOK,Psicología de la personalidad,"Bermúdez Moreno, José; Pérez-García, Ana María; Ruiz Caballero, José Antonio; Sanjuán Suárez, Pilar; Rueda Laffond, Beatriz",CREATE_NEW_WORK,331,PLG-BK-000218,PUBLISHED,Universidad Nacional de Educación a Distancia,es,6.99,,,NOT_APPLICABLE,,SIMULATED/DEMO,True,[],https://elibro.puce.elogim.com/es/lc/puce/titulos/48581,AUTH_REQUIRED,covers/generated/digital-batch/editions/staging/Ebook/psicologia/staging.json,covers/generated/digital-batch/pending-images/Ebook/psicologia/portadas/ebook-d690a764a51c9691.webp,True,
ebook-8a486f9b57ac9316,EBOOK,Psicología de las masas (6a. ed.),"Le Bon, Gustave",CREATE_NEW_WORK,332,PLG-BK-000165,PUBLISHED,Ediciones Morata,es,17.99,,,NOT_APPLICABLE,,SIMULATED/DEMO,True,[],https://elibro.puce.elogim.com/es/lc/puce/titulos/116203,AUTH_REQUIRED,covers/generated/digital-batch/editions/staging/Ebook/psicologia/staging.json,covers/generated/digital-batch/pending-images/Ebook/psicologia/portadas/ebook-8a486f9b57ac9316.webp,True,
ebook-e509af1fb945cdd3,EBOOK,Psicología del niño (18a. ed.),"Piaget, Jean; Inhelder, Bärbel",CREATE_NEW_WORK,333,PLG-BK-000136,PUBLISHED,Ediciones Morata,es,12.99,,,NOT_APPLICABLE,,SIMULATED/DEMO,True,[],https://elibro.puce.elogim.com/es/lc/puce/titulos/116205,AUTH_REQUIRED,covers/generated/digital-batch/editions/staging/Ebook/psicologia/staging.json,covers/generated/digital-batch/pending-images/Ebook/psicologia/portadas/ebook-e509af1fb945cdd3.webp,True,
ebook-81d10bac39520b9d,EBOOK,Psicología diferencial,"Matud Aznar, María del Pilar; Marrero Quevedo, Rosario J.; Carballeira Abella, Mónica",CREATE_NEW_WORK,334,PLG-BK-000199,PUBLISHED,Biblioteca Nueva,es,12.99,,,NOT_APPLICABLE,,SIMULATED/DEMO,True,[],https://elibro.puce.elogim.com/es/lc/puce/titulos/106631,AUTH_REQUIRED,covers/generated/digital-batch/editions/staging/Ebook/psicologia/staging.json,covers/generated/digital-batch/pending-images/Ebook/psicologia/portadas/ebook-81d10bac39520b9d.webp,True,
ebook-555c90c48e9c9991,EBOOK,Psicología general (3a. ed.),Eva Laura García González,CREATE_NEW_WORK,335,PLG-BK-000144,PUBLISHED,Larousse - Grupo Editorial Patria,es,5.99,,,NOT_APPLICABLE,,SIMULATED/DEMO,True,[],https://elibro.puce.elogim.com/es/lc/puce/titulos/40402,AUTH_REQUIRED,covers/generated/digital-batch/editions/staging/Ebook/psicologia/staging.json,covers/generated/digital-batch/pending-images/Ebook/psicologia/portadas/ebook-555c90c48e9c9991.webp,True,
ebook-67511892222078e9,EBOOK,Psicología médica,"Fuente, Ramón de la",CREATE_NEW_WORK,336,PLG-BK-000220,PUBLISHED,Fondo de Cultura Económica,es,10.99,,,NOT_APPLICABLE,,SIMULATED/DEMO,True,[],https://elibro.puce.elogim.com/es/lc/puce/titulos/109986,AUTH_REQUIRED,covers/generated/digital-batch/editions/staging/Ebook/psicologia/staging.json,covers/generated/digital-batch/pending-images/Ebook/psicologia/portadas/ebook-67511892222078e9.webp,True,
ebook-ba2dc1c5b664546f,EBOOK,Psicología social,"Bello Dávila, Zoe; Casales Fernández, Julio César",CREATE_NEW_WORK,337,PLG-BK-000204,PUBLISHED,Editorial Félix Varela,es,12.99,,,NOT_APPLICABLE,,SIMULATED/DEMO,True,[],https://elibro.puce.elogim.com/es/lc/puce/titulos/71802,AUTH_REQUIRED,covers/generated/digital-batch/editions/staging/Ebook/psicologia/staging.json,covers/generated/digital-batch/pending-images/Ebook/psicologia/portadas/ebook-ba2dc1c5b664546f.webp,True,
ebook-5a67a4b7881c5a5f,EBOOK,Psicología. Lo inconsciente,"Töpf, José; Rojo, Heberto A.",CREATE_NEW_WORK,338,PLG-BK-000290,PUBLISHED,Eudeba,es,5.99,,,NOT_APPLICABLE,,SIMULATED/DEMO,True,[],https://elibro.puce.elogim.com/es/lc/puce/titulos/119908,AUTH_REQUIRED,covers/generated/digital-batch/editions/staging/Ebook/psicologia/staging.json,covers/generated/digital-batch/pending-images/Ebook/psicologia/portadas/ebook-5a67a4b7881c5a5f.webp,True,
ebook-f8e97f4f26b71ec3,EBOOK,Psicología: polimodal,"Divenosa, Marisa; Costa, Ivana",CREATE_NEW_WORK,339,PLG-BK-000303,PUBLISHED,Maipue,es,5.99,,,NOT_APPLICABLE,,SIMULATED/DEMO,True,[],https://elibro.puce.elogim.com/es/lc/puce/titulos/78946,AUTH_REQUIRED,covers/generated/digital-batch/editions/staging/Ebook/psicologia/staging.json,covers/generated/digital-batch/pending-images/Ebook/psicologia/portadas/ebook-f8e97f4f26b71ec3.webp,True,
ebook-18f389fa1ff99dbe,EBOOK,Historia,Javier Gálvez S.,CREATE_NEW_WORK,285,PLG-BK-000081,PUBLISHED,Editorial Javier Gálvez,es,5.99,,,NOT_APPLICABLE,,SIMULATED/DEMO,True,[],https://elibro.puce.elogim.com/es/lc/puce/titulos/79196,AUTH_REQUIRED,covers/generated/digital-batch/editions/staging/Ebook/historia/staging.json,covers/generated/digital-batch/pending-images/Ebook/historia/portadas/ebook-18f389fa1ff99dbe.webp,True,
ebook-2b56751b895caee6,EBOOK,Historia de América,"Malamud, Carlos",CREATE_NEW_WORK,286,PLG-BK-000259,PUBLISHED,Alianza Editorial,es,8.99,,,NOT_APPLICABLE,,SIMULATED/DEMO,True,[],https://elibro.puce.elogim.com/es/lc/puce/titulos/304769,AUTH_REQUIRED,covers/generated/digital-batch/editions/staging/Ebook/historia/staging.json,covers/generated/digital-batch/pending-images/Ebook/historia/portadas/ebook-2b56751b895caee6.webp,True,
ebook-4867fc8ce98b175b,EBOOK,Historia de Cádiz,"Horozco, Agustín de",CREATE_NEW_WORK,287,PLG-BK-000173,PUBLISHED,"Universidad de Cádiz, Servicio de Publicaciones",es,24.99,,,NOT_APPLICABLE,,SIMULATED/DEMO,True,[],https://elibro.puce.elogim.com/es/lc/puce/titulos/33935,AUTH_REQUIRED,covers/generated/digital-batch/editions/staging/Ebook/historia/staging.json,covers/generated/digital-batch/pending-images/Ebook/historia/portadas/ebook-4867fc8ce98b175b.webp,True,
ebook-b668bfd19c2b596c,EBOOK,Historia de Córdoba,"Aguilar Gavilán, Enrique",CREATE_NEW_WORK,288,PLG-BK-000241,PUBLISHED,Ediciones Sílex,es,11.99,,,NOT_APPLICABLE,,SIMULATED/DEMO,True,[],https://elibro.puce.elogim.com/es/lc/puce/titulos/52407,AUTH_REQUIRED,covers/generated/digital-batch/editions/staging/Ebook/historia/staging.json,covers/generated/digital-batch/pending-images/Ebook/historia/portadas/ebook-b668bfd19c2b596c.webp,True,
ebook-15ff99c2d2fa9523,EBOOK,Historia de Francia,"Price, Roger",CREATE_NEW_WORK,289,PLG-BK-000114,PUBLISHED,Ediciones Akal,es,9.99,,,NOT_APPLICABLE,,SIMULATED/DEMO,True,[],https://elibro.puce.elogim.com/es/lc/puce/titulos/49779,AUTH_REQUIRED,covers/generated/digital-batch/editions/staging/Ebook/historia/staging.json,covers/generated/digital-batch/pending-images/Ebook/historia/portadas/ebook-15ff99c2d2fa9523.webp,True,
ebook-962e5b8ad3725942,EBOOK,Historia de Irlanda (3a. ed.),"O’Beirne Ranelagh, John",CREATE_NEW_WORK,290,PLG-BK-000082,PUBLISHED,Ediciones Akal,es,18.99,,,NOT_APPLICABLE,,SIMULATED/DEMO,True,[],https://elibro.puce.elogim.com/es/lc/puce/titulos/49812,AUTH_REQUIRED,covers/generated/digital-batch/editions/staging/Ebook/historia/staging.json,covers/generated/digital-batch/pending-images/Ebook/historia/portadas/ebook-962e5b8ad3725942.webp,True,
ebook-af6ad49654985125,EBOOK,Historia de Italia (2a. ed.),"Duggan, Christopher",CREATE_NEW_WORK,291,PLG-BK-000302,PUBLISHED,Ediciones Akal,es,5.99,,,NOT_APPLICABLE,,SIMULATED/DEMO,True,[],https://elibro.puce.elogim.com/es/lc/puce/titulos/49780,AUTH_REQUIRED,covers/generated/digital-batch/editions/staging/Ebook/historia/staging.json,covers/generated/digital-batch/pending-images/Ebook/historia/portadas/ebook-af6ad49654985125.webp,True,
ebook-842788ea6c161a3d,EBOOK,Historia de la cultura en la América hispánica,"Henríquez Ureña, Pedro",CREATE_NEW_WORK,292,PLG-BK-000255,PUBLISHED,FCE - Fondo de Cultura Económica,es,11.99,,,NOT_APPLICABLE,,SIMULATED/DEMO,True,[],https://elibro.puce.elogim.com/es/lc/puce/titulos/110160,AUTH_REQUIRED,covers/generated/digital-batch/editions/staging/Ebook/historia/staging.json,covers/generated/digital-batch/pending-images/Ebook/historia/portadas/ebook-842788ea6c161a3d.webp,True,
ebook-4e24ef789a1c76b5,EBOOK,Historia de la India (3a. ed.),"Metcalf, Barbara D. - Metcalf, Thomas R.",CREATE_NEW_WORK,293,PLG-BK-000167,PUBLISHED,Ediciones Akal,es,11.99,,,NOT_APPLICABLE,,SIMULATED/DEMO,True,[],https://elibro.puce.elogim.com/es/lc/puce/titulos/49813,AUTH_REQUIRED,covers/generated/digital-batch/editions/staging/Ebook/historia/staging.json,covers/generated/digital-batch/pending-images/Ebook/historia/portadas/ebook-4e24ef789a1c76b5.webp,True,
ebook-e804e1bc6a8c36cb,EBOOK,Historia de los Estados Unidos de América,"Grant, Susan-Mary",CREATE_NEW_WORK,294,PLG-BK-000170,PUBLISHED,Ediciones Akal,es,8.99,,,NOT_APPLICABLE,,SIMULATED/DEMO,True,[],https://elibro.puce.elogim.com/es/lc/puce/titulos/49811,AUTH_REQUIRED,covers/generated/digital-batch/editions/staging/Ebook/historia/staging.json,covers/generated/digital-batch/pending-images/Ebook/historia/portadas/ebook-e804e1bc6a8c36cb.webp,True,
ebook-feb8d575cc7258a0,EBOOK,Historia de México,"Cavo, Andrés",CREATE_NEW_WORK,295,PLG-BK-000250,PUBLISHED,Universidad Nacional Autónoma de México,es,12.99,,,NOT_APPLICABLE,,SIMULATED/DEMO,True,[],https://elibro.puce.elogim.com/es/lc/puce/titulos/37244,AUTH_REQUIRED,covers/generated/digital-batch/editions/staging/Ebook/historia/staging.json,covers/generated/digital-batch/pending-images/Ebook/historia/portadas/ebook-feb8d575cc7258a0.webp,True,
ebook-7f0c6a2a50f028d5,EBOOK,Historia de Rusia,"Bushkovitch, Paul",CREATE_NEW_WORK,296,PLG-BK-000211,PUBLISHED,Ediciones Akal,es,12.99,,,NOT_APPLICABLE,,SIMULATED/DEMO,True,[],https://elibro.puce.elogim.com/es/lc/puce/titulos/49810,AUTH_REQUIRED,covers/generated/digital-batch/editions/staging/Ebook/historia/staging.json,covers/generated/digital-batch/pending-images/Ebook/historia/portadas/ebook-7f0c6a2a50f028d5.webp,True,
ebook-e252c4f94c85fd0a,EBOOK,Historia de Tlaxcala,"Muñoz y Camargo, Diego",CREATE_NEW_WORK,297,PLG-BK-000201,PUBLISHED,Editorial Linkgua,es,5.99,,,NOT_APPLICABLE,,SIMULATED/DEMO,True,[],https://elibro.puce.elogim.com/es/lc/puce/titulos/62415,AUTH_REQUIRED,covers/generated/digital-batch/editions/staging/Ebook/historia/staging.json,covers/generated/digital-batch/pending-images/Ebook/historia/portadas/ebook-e252c4f94c85fd0a.webp,True,
ebook-1fb792ea40eb7626,EBOOK,Historia de Yucatán,"Cogolludo, Diego López de",CREATE_NEW_WORK,298,PLG-BK-000194,PUBLISHED,Editorial Linkgua,es,12.99,,,NOT_APPLICABLE,,SIMULATED/DEMO,True,[],https://elibro.puce.elogim.com/es/lc/puce/titulos/61593,AUTH_REQUIRED,covers/generated/digital-batch/editions/staging/Ebook/historia/staging.json,covers/generated/digital-batch/pending-images/Ebook/historia/portadas/ebook-1fb792ea40eb7626.webp,True,
ebook-02b1d39c9908dbf0,EBOOK,Historia económica,José U. Bernardos Sanz - Mauro Hernández - Miguel Santamaría Lancho,CREATE_NEW_WORK,299,PLG-BK-000068,PUBLISHED,Universidad Nacional de Educación a Distancia,es,21.99,,,NOT_APPLICABLE,,SIMULATED/DEMO,True,[],https://elibro.puce.elogim.com/es/lc/puce/titulos/48793,AUTH_REQUIRED,covers/generated/digital-batch/editions/staging/Ebook/historia/staging.json,covers/generated/digital-batch/pending-images/Ebook/historia/portadas/ebook-02b1d39c9908dbf0.webp,True,
ebook-de34d5542d024bc3,EBOOK,Historia mínima de Estados Unidos de América,"Pani, Erika",CREATE_NEW_WORK,300,PLG-BK-000256,PUBLISHED,"El Colegio de México, Centro de Estudios Históricos",es,23.99,,,NOT_APPLICABLE,,SIMULATED/DEMO,True,[],https://elibro.puce.elogim.com/es/lc/puce/titulos/194936,AUTH_REQUIRED,covers/generated/digital-batch/editions/staging/Ebook/historia/staging.json,covers/generated/digital-batch/pending-images/Ebook/historia/portadas/ebook-de34d5542d024bc3.webp,True,
ebook-b379868c14ca7b31,EBOOK,Historia mínima de los feminismos en América Latina,"Barrancos, Dora",CREATE_NEW_WORK,301,PLG-BK-000093,PUBLISHED,El Colegio de México,es,16.99,,,NOT_APPLICABLE,,SIMULATED/DEMO,True,[],https://elibro.puce.elogim.com/es/lc/puce/titulos/194902,AUTH_REQUIRED,covers/generated/digital-batch/editions/staging/Ebook/historia/staging.json,covers/generated/digital-batch/pending-images/Ebook/historia/portadas/ebook-b379868c14ca7b31.webp,True,
ebook-148c1de0d90004d4,EBOOK,Historia mínima del constitucionalismo en América Latina,"Portillo Valdés, José M.",CREATE_NEW_WORK,302,PLG-BK-000246,PUBLISHED,El Colegio de México,es,14.99,,,NOT_APPLICABLE,,SIMULATED/DEMO,True,[],https://elibro.puce.elogim.com/es/lc/puce/titulos/194943,AUTH_REQUIRED,covers/generated/digital-batch/editions/staging/Ebook/historia/staging.json,covers/generated/digital-batch/pending-images/Ebook/historia/portadas/ebook-148c1de0d90004d4.webp,True,
ebook-12ce3edbc4487ab6,EBOOK,Historia mínima del indigenismo en América Latina,"Fábregas Puig, Andrés A.",CREATE_NEW_WORK,303,PLG-BK-000238,PUBLISHED,El Colegio de México,es,19.99,,,NOT_APPLICABLE,,SIMULATED/DEMO,True,[],https://elibro.puce.elogim.com/es/lc/puce/titulos/216374,AUTH_REQUIRED,covers/generated/digital-batch/editions/staging/Ebook/historia/staging.json,covers/generated/digital-batch/pending-images/Ebook/historia/portadas/ebook-12ce3edbc4487ab6.webp,True,
ebook-ef32a36cd03793a4,EBOOK,La mujer en la historia,"Bel Bravo, María Antonia",CREATE_NEW_WORK,304,PLG-BK-000065,PUBLISHED,"Ediciones Encuentro, S.A",es,18.99,,,NOT_APPLICABLE,,SIMULATED/DEMO,True,[],https://elibro.puce.elogim.com/es/lc/puce/titulos/61616,AUTH_REQUIRED,covers/generated/digital-batch/editions/staging/Ebook/historia/staging.json,covers/generated/digital-batch/pending-images/Ebook/historia/portadas/ebook-ef32a36cd03793a4.webp,True,
ebook-0f5000c8bc3a8ecf,EBOOK,Otra historia de Córdoba,"Galisteo, Roger",CREATE_NEW_WORK,305,PLG-BK-000223,PUBLISHED,Bubok Publishing,es,9.99,,,NOT_APPLICABLE,,SIMULATED/DEMO,True,[],https://elibro.puce.elogim.com/es/lc/puce/titulos/51298,AUTH_REQUIRED,covers/generated/digital-batch/editions/staging/Ebook/historia/staging.json,covers/generated/digital-batch/pending-images/Ebook/historia/portadas/ebook-0f5000c8bc3a8ecf.webp,True,
ebook-d0cf3f3fed782a4e,EBOOK,Aproximación a la sociología contemporánea,"Tardivo, Giuliano",CREATE_NEW_WORK,268,PLG-BK-000115,PUBLISHED,Editorial UOC,es,8.99,,,NOT_APPLICABLE,,SIMULATED/DEMO,True,[],https://elibro.puce.elogim.com/es/lc/puce/titulos/58619,AUTH_REQUIRED,covers/generated/digital-batch/editions/staging/Ebook/ciencias-sociales/staging.json,covers/generated/digital-batch/pending-images/Ebook/ciencias-sociales/portadas/ebook-d0cf3f3fed782a4e.webp,True,
ebook-711fb68a9d1c1939,EBOOK,El rombo de las investigaciones de las ciencias sociales,"Zayas Agüero, Pedro Manuel",CREATE_NEW_WORK,269,PLG-BK-000155,PUBLISHED,eumed.net,es,12.99,,,NOT_APPLICABLE,,SIMULATED/DEMO,True,[],https://elibro.puce.elogim.com/es/lc/puce/titulos/34517,AUTH_REQUIRED,covers/generated/digital-batch/editions/staging/Ebook/ciencias-sociales/staging.json,covers/generated/digital-batch/pending-images/Ebook/ciencias-sociales/portadas/ebook-711fb68a9d1c1939.webp,True,
ebook-4ac8547af589f7e1,EBOOK,El uso de la encuesta en las ciencias sociales,Aníbal Quispe Limaylla,CREATE_NEW_WORK,270,PLG-BK-000216,PUBLISHED,Ediciones Díaz de Santos,es,10.99,,,NOT_APPLICABLE,,SIMULATED/DEMO,True,[],https://elibro.puce.elogim.com/es/lc/puce/titulos/62860,AUTH_REQUIRED,covers/generated/digital-batch/editions/staging/Ebook/ciencias-sociales/staging.json,covers/generated/digital-batch/pending-images/Ebook/ciencias-sociales/portadas/ebook-4ac8547af589f7e1.webp,True,
ebook-541429bc6acffd71,EBOOK,Fundamentos de las ciencias sociales,"Neurath, Otto",CREATE_NEW_WORK,271,PLG-BK-000274,PUBLISHED,Ediciones Olejnik,es,20.99,,,NOT_APPLICABLE,,SIMULATED/DEMO,True,[],https://elibro.puce.elogim.com/es/lc/puce/titulos/247167,AUTH_REQUIRED,covers/generated/digital-batch/editions/staging/Ebook/ciencias-sociales/staging.json,covers/generated/digital-batch/pending-images/Ebook/ciencias-sociales/portadas/ebook-541429bc6acffd71.webp,True,
ebook-0d78e2440f6ba335,EBOOK,Hackear la ciencia social: una invitación a la investigación social en entornos digitales,"Morales i Gras, Jordi",CREATE_NEW_WORK,272,PLG-BK-000133,PUBLISHED,Editorial UOC,es,15.99,,,NOT_APPLICABLE,,SIMULATED/DEMO,True,[],https://elibro.puce.elogim.com/es/lc/puce/titulos/213815,AUTH_REQUIRED,covers/generated/digital-batch/editions/staging/Ebook/ciencias-sociales/staging.json,covers/generated/digital-batch/pending-images/Ebook/ciencias-sociales/portadas/ebook-0d78e2440f6ba335.webp,True,
ebook-997e260c21f258bd,EBOOK,Invitación a la sociología de la comunicación,"Busquet Duran, Jordi; Medina Cambrón, Alfons",CREATE_NEW_WORK,273,PLG-BK-000071,PUBLISHED,Editorial UOC,es,23.99,,,NOT_APPLICABLE,,SIMULATED/DEMO,True,[],https://elibro.puce.elogim.com/es/lc/puce/titulos/57712,AUTH_REQUIRED,covers/generated/digital-batch/editions/staging/Ebook/ciencias-sociales/staging.json,covers/generated/digital-batch/pending-images/Ebook/ciencias-sociales/portadas/ebook-997e260c21f258bd.webp,True,
ebook-af244eb94493ca89,EBOOK,La explicación del comportamiento social: más tuercas y tornillos para las ciencias sociales,"Elster, Jon",CREATE_NEW_WORK,274,PLG-BK-000280,PUBLISHED,Editorial Gedisa,es,17.99,,,NOT_APPLICABLE,,SIMULATED/DEMO,True,[],https://elibro.puce.elogim.com/es/lc/puce/titulos/61137,AUTH_REQUIRED,covers/generated/digital-batch/editions/staging/Ebook/ciencias-sociales/staging.json,covers/generated/digital-batch/pending-images/Ebook/ciencias-sociales/portadas/ebook-af244eb94493ca89.webp,True,
ebook-1a25892f70337822,EBOOK,La sociología como vocación,"Alberdi Alonso, Inés",CREATE_NEW_WORK,275,PLG-BK-000267,PUBLISHED,Centro de Investigaciones Sociológicas,es,18.99,,,NOT_APPLICABLE,,SIMULATED/DEMO,True,[],https://elibro.puce.elogim.com/es/lc/puce/titulos/170159,AUTH_REQUIRED,covers/generated/digital-batch/editions/staging/Ebook/ciencias-sociales/staging.json,covers/generated/digital-batch/pending-images/Ebook/ciencias-sociales/portadas/ebook-1a25892f70337822.webp,True,
ebook-a4d5f0e830d96d37,EBOOK,Las ciencias sociales en discusión,"Bunge, Mario",CREATE_NEW_WORK,276,PLG-BK-000226,PUBLISHED,Sudamericana,es,22.99,,,NOT_APPLICABLE,,SIMULATED/DEMO,True,[],https://elibro.puce.elogim.com/es/lc/puce/titulos/35499,AUTH_REQUIRED,covers/generated/digital-batch/editions/staging/Ebook/ciencias-sociales/staging.json,covers/generated/digital-batch/pending-images/Ebook/ciencias-sociales/portadas/ebook-a4d5f0e830d96d37.webp,True,
ebook-a5e19a50f4c71684,EBOOK,Proyectos de investigación en ciencias sociales,"Marisa D’Aquino; Rodríguez, Ethel",CREATE_NEW_WORK,277,PLG-BK-000102,PUBLISHED,Editorial Maipue,es,7.99,,,NOT_APPLICABLE,,SIMULATED/DEMO,True,[],https://elibro.puce.elogim.com/es/lc/puce/titulos/79012,AUTH_REQUIRED,covers/generated/digital-batch/editions/staging/Ebook/ciencias-sociales/staging.json,covers/generated/digital-batch/pending-images/Ebook/ciencias-sociales/portadas/ebook-a5e19a50f4c71684.webp,True,
ebook-016c49e894bee2b6,EBOOK,Sociología de la religión,"Weber, Max",CREATE_NEW_WORK,278,PLG-BK-000112,PUBLISHED,Akal,es,22.99,,,NOT_APPLICABLE,,SIMULATED/DEMO,True,[],https://elibro.puce.elogim.com/es/lc/puce/titulos/169287,AUTH_REQUIRED,covers/generated/digital-batch/editions/staging/Ebook/ciencias-sociales/staging.json,covers/generated/digital-batch/pending-images/Ebook/ciencias-sociales/portadas/ebook-016c49e894bee2b6.webp,True,
ebook-cc9f19126ca42ad8,EBOOK,Sociología de las organizaciones complejas,"Ruiz Olabuénaga, José Ignacio",CREATE_NEW_WORK,279,PLG-BK-000257,PUBLISHED,Universidad de Deusto,es,15.99,,,NOT_APPLICABLE,,SIMULATED/DEMO,True,[],https://elibro.puce.elogim.com/es/lc/puce/titulos/34008,AUTH_REQUIRED,covers/generated/digital-batch/editions/staging/Ebook/ciencias-sociales/staging.json,covers/generated/digital-batch/pending-images/Ebook/ciencias-sociales/portadas/ebook-cc9f19126ca42ad8.webp,True,
ebook-06e3cbfc2797ff27,EBOOK,Sociología del mal,"Giner de San Julián, Salvador",CREATE_NEW_WORK,280,PLG-BK-000103,PUBLISHED,Los libros de la Catarata,es,19.99,,,NOT_APPLICABLE,,SIMULATED/DEMO,True,[],https://elibro.puce.elogim.com/es/lc/puce/titulos/235194,AUTH_REQUIRED,covers/generated/digital-batch/editions/staging/Ebook/ciencias-sociales/staging.json,covers/generated/digital-batch/pending-images/Ebook/ciencias-sociales/portadas/ebook-06e3cbfc2797ff27.webp,True,
ebook-bae0fd5cba9e0efe,EBOOK,Sociología del saber,Max Scheler,CREATE_NEW_WORK,281,PLG-BK-000252,PUBLISHED,El Cid Editor,es,6.99,,,NOT_APPLICABLE,,SIMULATED/DEMO,True,[],https://elibro.puce.elogim.com/es/lc/puce/titulos/36197,AUTH_REQUIRED,covers/generated/digital-batch/editions/staging/Ebook/ciencias-sociales/staging.json,covers/generated/digital-batch/pending-images/Ebook/ciencias-sociales/portadas/ebook-bae0fd5cba9e0efe.webp,True,
ebook-51253acb06094152,EBOOK,Sociología jurídica,"Hernández, Pedro Pablo",CREATE_NEW_WORK,282,PLG-BK-000069,PUBLISHED,Universidad Abierta para Adultos,es,6.99,,,NOT_APPLICABLE,,SIMULATED/DEMO,True,[],https://elibro.puce.elogim.com/es/lc/puce/titulos/175607,AUTH_REQUIRED,covers/generated/digital-batch/editions/staging/Ebook/ciencias-sociales/staging.json,covers/generated/digital-batch/pending-images/Ebook/ciencias-sociales/portadas/ebook-51253acb06094152.webp,True,
ebook-a028e089a115927a,EBOOK,Sociologías de la moda,"Mansilla Viedma, Pedro",CREATE_NEW_WORK,283,PLG-BK-000244,PUBLISHED,Los libros de la Catarata,es,4.99,,,NOT_APPLICABLE,,SIMULATED/DEMO,True,[],https://elibro.puce.elogim.com/es/lc/puce/titulos/283021,AUTH_REQUIRED,covers/generated/digital-batch/editions/staging/Ebook/ciencias-sociales/staging.json,covers/generated/digital-batch/pending-images/Ebook/ciencias-sociales/portadas/ebook-a028e089a115927a.webp,True,
ebook-abf41cf48407b627,EBOOK,Tragedia y sociología,"Ramos Torre, Ramón",CREATE_NEW_WORK,284,PLG-BK-000182,PUBLISHED,Centro de Investigaciones Sociológicas,es,19.99,,,NOT_APPLICABLE,,SIMULATED/DEMO,True,[],https://elibro.puce.elogim.com/es/lc/puce/titulos/52118,AUTH_REQUIRED,covers/generated/digital-batch/editions/staging/Ebook/ciencias-sociales/staging.json,covers/generated/digital-batch/pending-images/Ebook/ciencias-sociales/portadas/ebook-abf41cf48407b627.webp,True,
ebook-a5f63174410bc51e,EBOOK,Biología cuántica,"Miret Artés, Salvador",CREATE_NEW_WORK,255,PLG-BK-000308,PUBLISHED,CSIC : Los Libros de la Catarata,es,14.99,,,NOT_APPLICABLE,,SIMULATED/DEMO,True,[],https://elibro.puce.elogim.com/es/lc/puce/titulos/233731,AUTH_REQUIRED,covers/generated/digital-batch/editions/staging/Ebook/ciencias/staging.json,covers/generated/digital-batch/pending-images/Ebook/ciencias/portadas/ebook-a5f63174410bc51e.webp,True,
ebook-9e0170ed63685c45,EBOOK,Biología de hongos,"Cepero, María Caridad",CREATE_NEW_WORK,256,PLG-BK-000104,PUBLISHED,Universidad de los Andes,es,18.99,,,NOT_APPLICABLE,,SIMULATED/DEMO,True,[],https://elibro.puce.elogim.com/es/lc/puce/titulos/69414,AUTH_REQUIRED,covers/generated/digital-batch/editions/staging/Ebook/ciencias/staging.json,covers/generated/digital-batch/pending-images/Ebook/ciencias/portadas/ebook-9e0170ed63685c45.webp,True,
ebook-8598c47d271fd83e,EBOOK,Biología para ciencias ambientales,"Pallotti Sagripanti, C. G.; Sanchis Duato, E.",CREATE_NEW_WORK,257,PLG-BK-000179,PUBLISHED,Universitat Politècnica de València,es,8.99,,,NOT_APPLICABLE,,SIMULATED/DEMO,True,[],https://elibro.puce.elogim.com/es/lc/puce/titulos/153581,AUTH_REQUIRED,covers/generated/digital-batch/editions/staging/Ebook/ciencias/staging.json,covers/generated/digital-batch/pending-images/Ebook/ciencias/portadas/ebook-8598c47d271fd83e.webp,True,
ebook-9fd94e585e52923a,EBOOK,Ecología química,"Anaya Lang, Ana Luisa",CREATE_NEW_WORK,258,PLG-BK-000116,PUBLISHED,"Plaza y Valdés, S.A. de C.V",es,11.99,,,NOT_APPLICABLE,,SIMULATED/DEMO,True,[],https://elibro.puce.elogim.com/es/lc/puce/titulos/75520,AUTH_REQUIRED,covers/generated/digital-batch/editions/staging/Ebook/ciencias/staging.json,covers/generated/digital-batch/pending-images/Ebook/ciencias/portadas/ebook-9fd94e585e52923a.webp,True,
ebook-406219fdd9361588,EBOOK,Física de la música,"Félix, Julián",CREATE_NEW_WORK,259,PLG-BK-000278,PUBLISHED,El Cid Editor,es,20.99,,,NOT_APPLICABLE,,SIMULATED/DEMO,True,[],https://elibro.puce.elogim.com/es/lc/puce/titulos/35789,AUTH_REQUIRED,covers/generated/digital-batch/editions/staging/Ebook/ciencias/staging.json,covers/generated/digital-batch/pending-images/Ebook/ciencias/portadas/ebook-406219fdd9361588.webp,True,
ebook-afdd523836273442,EBOOK,Física del estado sólido,"Meléndez Martínez, Juan J.",CREATE_NEW_WORK,260,PLG-BK-000206,PUBLISHED,"Universidad de Extremadura, Servicio de Publicaciones",es,22.99,,,NOT_APPLICABLE,,SIMULATED/DEMO,True,[],https://elibro.puce.elogim.com/es/lc/puce/titulos/289288,AUTH_REQUIRED,covers/generated/digital-batch/editions/staging/Ebook/ciencias/staging.json,covers/generated/digital-batch/pending-images/Ebook/ciencias/portadas/ebook-afdd523836273442.webp,True,
ebook-a9dc9b16ce0ee11b,EBOOK,Física experimental,"Ardila, Ángel Miguel",CREATE_NEW_WORK,261,PLG-BK-000222,PUBLISHED,Universidad Nacional de Colombia. Facultad de Ciencias. Departamento de Física,es,6.99,,,NOT_APPLICABLE,,SIMULATED/DEMO,True,[],https://elibro.puce.elogim.com/es/lc/puce/titulos/128446,AUTH_REQUIRED,covers/generated/digital-batch/editions/staging/Ebook/ciencias/staging.json,covers/generated/digital-batch/pending-images/Ebook/ciencias/portadas/ebook-a9dc9b16ce0ee11b.webp,True,
ebook-4f4ad6da3cd6e43c,EBOOK,Física fundamental,"Gómez Espíndola, José del Carmen; González Pineda, Campo Elías; Mayoral Ramírez, César Alberto",CREATE_NEW_WORK,262,PLG-BK-000258,PUBLISHED,Ecoe Ediciones,es,20.99,,,NOT_APPLICABLE,,SIMULATED/DEMO,True,[],https://elibro.puce.elogim.com/es/lc/puce/titulos/131876,AUTH_REQUIRED,covers/generated/digital-batch/editions/staging/Ebook/ciencias/staging.json,covers/generated/digital-batch/pending-images/Ebook/ciencias/portadas/ebook-4f4ad6da3cd6e43c.webp,True,
ebook-ffd0c6ebbc7e8688,EBOOK,Física y programación,"Merino Arranz, David; Rossinyol Casals, Emma; Perez-Navarro, Antoni",CREATE_NEW_WORK,263,PLG-BK-000295,PUBLISHED,Editorial UOC,es,23.99,,,NOT_APPLICABLE,,SIMULATED/DEMO,True,[],https://elibro.puce.elogim.com/es/lc/puce/titulos/188309,AUTH_REQUIRED,covers/generated/digital-batch/editions/staging/Ebook/ciencias/staging.json,covers/generated/digital-batch/pending-images/Ebook/ciencias/portadas/ebook-ffd0c6ebbc7e8688.webp,True,
ebook-197928bfdeb8ee42,EBOOK,Introducción a la física,"Lara Barragán Gómez, Antonio; Núñez Trejo, Héctor",CREATE_NEW_WORK,264,PLG-BK-000198,PUBLISHED,Grupo Editorial Patria,es,4.99,,,NOT_APPLICABLE,,SIMULATED/DEMO,True,[],https://elibro.puce.elogim.com/es/lc/puce/titulos/39447,AUTH_REQUIRED,covers/generated/digital-batch/editions/staging/Ebook/ciencias/staging.json,covers/generated/digital-batch/pending-images/Ebook/ciencias/portadas/ebook-197928bfdeb8ee42.webp,True,
ebook-80b87603433ba1ab,EBOOK,Problemas de Física (27a. ed.),"Burbano García, Enrique; Gracia Muñoz, Carlos",CREATE_NEW_WORK,265,PLG-BK-000219,PUBLISHED,Editorial Tébar Flores,es,8.99,,,NOT_APPLICABLE,,SIMULATED/DEMO,True,[],https://elibro.puce.elogim.com/es/lc/puce/titulos/270906,AUTH_REQUIRED,covers/generated/digital-batch/editions/staging/Ebook/ciencias/staging.json,covers/generated/digital-batch/pending-images/Ebook/ciencias/portadas/ebook-80b87603433ba1ab.webp,True,
ebook-d2d6d2bdfba7e8fe,EBOOK,Química experimental (2a. ed.),"Pacheco Espejel, Martha Patricia; Alvarado Arellano, Martha; Sánchez Aguilar, Josefina",CREATE_NEW_WORK,266,PLG-BK-000078,PUBLISHED,Grupo Editorial Patria,es,10.99,,,NOT_APPLICABLE,,SIMULATED/DEMO,True,[],https://elibro.puce.elogim.com/es/lc/puce/titulos/40187,AUTH_REQUIRED,covers/generated/digital-batch/editions/staging/Ebook/ciencias/staging.json,covers/generated/digital-batch/pending-images/Ebook/ciencias/portadas/ebook-d2d6d2bdfba7e8fe.webp,True,
ebook-39051a640e5a8148,EBOOK,Química orgánica,"Cabildo Miranda, María del Pilar",CREATE_NEW_WORK,267,PLG-BK-000300,PUBLISHED,UNED - Universidad Nacional de Educación a Distancia,es,21.99,,,NOT_APPLICABLE,,SIMULATED/DEMO,True,[],https://elibro.puce.elogim.com/es/lc/puce/titulos/48371,AUTH_REQUIRED,covers/generated/digital-batch/editions/staging/Ebook/ciencias/staging.json,covers/generated/digital-batch/pending-images/Ebook/ciencias/portadas/ebook-39051a640e5a8148.webp,True,
ebook-b421ab6f24f50249,EBOOK,Administración de proyectos de informática,"Toro López, Francisco J.",CREATE_NEW_WORK,340,PLG-BK-000183,PUBLISHED,Ecoe Ediciones,es,17.99,,,NOT_APPLICABLE,,SIMULATED/DEMO,True,[],https://elibro.puce.elogim.com/es/lc/puce/titulos/131877,AUTH_REQUIRED,covers/generated/digital-batch/editions/staging/Ebook/tecnologia-e-informatica/staging.json,covers/generated/digital-batch/pending-images/Ebook/tecnologia-e-informatica/portadas/ebook-b421ab6f24f50249.webp,True,
ebook-0657617b175f64ec,EBOOK,Cómo y cuándo aplicar un robot industrial,Daniel Audí Piera,CREATE_NEW_WORK,341,PLG-BK-000309,PUBLISHED,Marcombo,es,7.99,,,NOT_APPLICABLE,,SIMULATED/DEMO,True,[],https://elibro.puce.elogim.com/es/lc/puce/titulos/45841,AUTH_REQUIRED,covers/generated/digital-batch/editions/staging/Ebook/tecnologia-e-informatica/staging.json,covers/generated/digital-batch/pending-images/Ebook/tecnologia-e-informatica/portadas/ebook-0657617b175f64ec.webp,True,
ebook-df981df71d5c210c,EBOOK,Desarrollo de microservicios con Python,"Ortega Candel, José Manuel",CREATE_NEW_WORK,342,PLG-BK-000156,PUBLISHED,Marcombo,es,19.99,,,NOT_APPLICABLE,,SIMULATED/DEMO,True,[],https://elibro.puce.elogim.com/es/lc/puce/titulos/281693,AUTH_REQUIRED,covers/generated/digital-batch/editions/staging/Ebook/tecnologia-e-informatica/staging.json,covers/generated/digital-batch/pending-images/Ebook/tecnologia-e-informatica/portadas/ebook-df981df71d5c210c.webp,True,
ebook-9a7f987260e27217,EBOOK,Fundamentos de informática,"Weber, Juan",CREATE_NEW_WORK,343,PLG-BK-000099,PUBLISHED,Jorge Sarmiento Editor - Universitas,es,19.99,,,NOT_APPLICABLE,,SIMULATED/DEMO,True,[],https://elibro.puce.elogim.com/es/lc/puce/titulos/175150,AUTH_REQUIRED,covers/generated/digital-batch/editions/staging/Ebook/tecnologia-e-informatica/staging.json,covers/generated/digital-batch/pending-images/Ebook/tecnologia-e-informatica/portadas/ebook-9a7f987260e27217.webp,True,
ebook-f21784d4bc1ea6cb,EBOOK,Fundamentos de robótica (2a. ed.),Antonio Barrientos,CREATE_NEW_WORK,344,PLG-BK-000272,PUBLISHED,"McGraw-Hill, Interamericana de España",es,18.99,,,NOT_APPLICABLE,,SIMULATED/DEMO,True,[],https://elibro.puce.elogim.com/es/lc/puce/titulos/50193,AUTH_REQUIRED,covers/generated/digital-batch/editions/staging/Ebook/tecnologia-e-informatica/staging.json,covers/generated/digital-batch/pending-images/Ebook/tecnologia-e-informatica/portadas/ebook-f21784d4bc1ea6cb.webp,True,
ebook-97a48b16ae9ae001,EBOOK,Informática forense,"Ortiz, Luis",CREATE_NEW_WORK,345,PLG-BK-000299,PUBLISHED,Marcombo,es,14.99,,,NOT_APPLICABLE,,SIMULATED/DEMO,True,[],https://elibro.puce.elogim.com/es/lc/puce/titulos/286803,AUTH_REQUIRED,covers/generated/digital-batch/editions/staging/Ebook/tecnologia-e-informatica/staging.json,covers/generated/digital-batch/pending-images/Ebook/tecnologia-e-informatica/portadas/ebook-97a48b16ae9ae001.webp,True,
ebook-ad439734605ce67e,EBOOK,Mantenimiento de equipos informáticos,"Morán Flores, Claudio",CREATE_NEW_WORK,346,PLG-BK-000233,PUBLISHED,Ministerio de Educación y Formación Profesional de España,es,19.99,,,NOT_APPLICABLE,,SIMULATED/DEMO,True,[],https://elibro.puce.elogim.com/es/lc/puce/titulos/127225,AUTH_REQUIRED,covers/generated/digital-batch/editions/staging/Ebook/tecnologia-e-informatica/staging.json,covers/generated/digital-batch/pending-images/Ebook/tecnologia-e-informatica/portadas/ebook-ad439734605ce67e.webp,True,
ebook-61d7de82ee40a320,EBOOK,Tkinter. Desarrollo de interfaces gráficas con Python (2a. ed.),"Domínguez Mínguez, Tomás",CREATE_NEW_WORK,347,PLG-BK-000191,PUBLISHED,Marcombo,es,22.99,,,NOT_APPLICABLE,,SIMULATED/DEMO,True,[],https://elibro.puce.elogim.com/es/lc/puce/titulos/286814,AUTH_REQUIRED,covers/generated/digital-batch/editions/staging/Ebook/tecnologia-e-informatica/staging.json,covers/generated/digital-batch/pending-images/Ebook/tecnologia-e-informatica/portadas/ebook-61d7de82ee40a320.webp,True,
ebook-72ebb91eb6d24946,EBOOK,Técnicas de la auditoría informática,"Derrien, Yann",CREATE_NEW_WORK,348,PLG-BK-000262,PUBLISHED,Marcombo,es,5.99,,,NOT_APPLICABLE,,SIMULATED/DEMO,True,[],https://elibro.puce.elogim.com/es/lc/puce/titulos/45891,AUTH_REQUIRED,covers/generated/digital-batch/editions/staging/Ebook/tecnologia-e-informatica/staging.json,covers/generated/digital-batch/pending-images/Ebook/tecnologia-e-informatica/portadas/ebook-72ebb91eb6d24946.webp,True,
ebook-a0afc19150ca51a9,EBOOK,Análisis matemático,"Roca Martínez, Alicia; Jornet, David; Montesinos Santalucia, Vicente",CREATE_NEW_WORK,241,PLG-BK-000171,PUBLISHED,Universidad Politécnica de Valencia,es,18.99,,,NOT_APPLICABLE,,SIMULATED/DEMO,True,[],https://elibro.puce.elogim.com/es/lc/puce/titulos/60568,AUTH_REQUIRED,covers/generated/digital-batch/editions/staging/Ebook/Matematicas/staging.json,covers/generated/digital-batch/pending-images/Ebook/Matematicas/portadas/ebook-a0afc19150ca51a9.webp,True,
ebook-714897609843648e,EBOOK,Análisis matemático,"Takeuchi, Yu",CREATE_NEW_WORK,242,PLG-BK-000200,PUBLISHED,Universidad Nacional de Colombia. Facultad de Ciencias,es,20.99,,,NOT_APPLICABLE,,SIMULATED/DEMO,True,[],https://elibro.puce.elogim.com/es/lc/puce/titulos/127753,AUTH_REQUIRED,covers/generated/digital-batch/editions/staging/Ebook/Matematicas/staging.json,covers/generated/digital-batch/pending-images/Ebook/Matematicas/portadas/ebook-714897609843648e.webp,True,
ebook-4c43b7b6b2f7d801,EBOOK,Estadística matemática,"Cepeda Cuervo, Edilberto",CREATE_NEW_WORK,243,PLG-BK-000286,PUBLISHED,Universidad Nacional de Colombia. Facultad de Ciencias. Departamento de Estadística,es,9.99,,,NOT_APPLICABLE,,SIMULATED/DEMO,True,[],https://elibro.puce.elogim.com/es/lc/puce/titulos/129009,AUTH_REQUIRED,covers/generated/digital-batch/editions/staging/Ebook/Matematicas/staging.json,covers/generated/digital-batch/pending-images/Ebook/Matematicas/portadas/ebook-4c43b7b6b2f7d801.webp,True,
ebook-e7ad27a2d7986fb8,EBOOK,Fundamentos de matemáticas,"Zalamea Traba, Fernando",CREATE_NEW_WORK,244,PLG-BK-000064,PUBLISHED,Universidad Nacional de Colombia. Facultad de Ciencias. Departamento de Matemáticas,es,10.99,,,NOT_APPLICABLE,,SIMULATED/DEMO,True,[],https://elibro.puce.elogim.com/es/lc/puce/titulos/128447,AUTH_REQUIRED,covers/generated/digital-batch/editions/staging/Ebook/Matematicas/staging.json,covers/generated/digital-batch/pending-images/Ebook/Matematicas/portadas/ebook-e7ad27a2d7986fb8.webp,True,
ebook-47d0e535b02ad600,EBOOK,Iniciación a las matemáticas,Juan Manuel García Dozagarat; Fernando Alonso Molina,CREATE_NEW_WORK,245,PLG-BK-000268,PUBLISHED,Ministerio de Educación,es,20.99,,,NOT_APPLICABLE,,SIMULATED/DEMO,True,[],https://elibro.puce.elogim.com/es/lc/puce/titulos/49195,AUTH_REQUIRED,covers/generated/digital-batch/editions/staging/Ebook/Matematicas/staging.json,covers/generated/digital-batch/pending-images/Ebook/Matematicas/portadas/ebook-47d0e535b02ad600.webp,True,
ebook-0bb555fed263f27e,EBOOK,Introducción a las matemáticas,"Arévalo Ovalle, Diego; Zambrano Valentín, Martha Helena; Chappe Chappe, Angélica",CREATE_NEW_WORK,246,PLG-BK-000092,PUBLISHED,Editorial Politécnico Grancolombiano,es,12.99,,,NOT_APPLICABLE,,SIMULATED/DEMO,True,[],https://elibro.puce.elogim.com/es/lc/puce/titulos/70987,AUTH_REQUIRED,covers/generated/digital-batch/editions/staging/Ebook/Matematicas/staging.json,covers/generated/digital-batch/pending-images/Ebook/Matematicas/portadas/ebook-0bb555fed263f27e.webp,True,
ebook-130f04b7f33dfe76,EBOOK,Las matemáticas de la luz,"Timón, Ágata; León, Manuel de",CREATE_NEW_WORK,247,PLG-BK-000131,PUBLISHED,Editorial CSIC,es,5.99,,,NOT_APPLICABLE,,SIMULATED/DEMO,True,[],https://elibro.puce.elogim.com/es/lc/puce/titulos/100206,AUTH_REQUIRED,covers/generated/digital-batch/editions/staging/Ebook/Matematicas/staging.json,covers/generated/digital-batch/pending-images/Ebook/Matematicas/portadas/ebook-130f04b7f33dfe76.webp,True,
ebook-eca4b568c194b9d0,EBOOK,Las matemáticas de los cristales,"León, Manuel de; Timón, Ágata",CREATE_NEW_WORK,248,PLG-BK-000313,PUBLISHED,Editorial CSIC Consejo Superior de Investigaciones Científicas : Los Libros de la Catarata,es,5.99,,,NOT_APPLICABLE,,SIMULATED/DEMO,True,[],https://elibro.puce.elogim.com/es/lc/puce/titulos/41821,AUTH_REQUIRED,covers/generated/digital-batch/editions/staging/Ebook/Matematicas/staging.json,covers/generated/digital-batch/pending-images/Ebook/Matematicas/portadas/ebook-eca4b568c194b9d0.webp,True,
ebook-f8eb2117edbe4873,EBOOK,Las matemáticas de nuestra vida,"Sepulcre Martínez, Juan Matías; Segura Abad, Lorena; Mulero González, Julio",CREATE_NEW_WORK,249,PLG-BK-000176,PUBLISHED,Publicacions Universitat Alacant,es,17.99,,,NOT_APPLICABLE,,SIMULATED/DEMO,True,[],https://elibro.puce.elogim.com/es/lc/puce/titulos/117208,AUTH_REQUIRED,covers/generated/digital-batch/editions/staging/Ebook/Matematicas/staging.json,covers/generated/digital-batch/pending-images/Ebook/Matematicas/portadas/ebook-f8eb2117edbe4873.webp,True,
ebook-dc02b5a84a5bfb29,EBOOK,Las matemáticas ocultas,"Jamet, Robin",CREATE_NEW_WORK,250,PLG-BK-000128,PUBLISHED,Alianza Editorial,es,8.99,,,NOT_APPLICABLE,,SIMULATED/DEMO,True,[],https://elibro.puce.elogim.com/es/lc/puce/titulos/122863,AUTH_REQUIRED,covers/generated/digital-batch/editions/staging/Ebook/Matematicas/staging.json,covers/generated/digital-batch/pending-images/Ebook/Matematicas/portadas/ebook-dc02b5a84a5bfb29.webp,True,
ebook-d3d40c615e3ed52f,EBOOK,Lo imposible en matemáticas,"Prieto de Castro, Carlos",CREATE_NEW_WORK,251,PLG-BK-000105,PUBLISHED,Fondo de Cultura Económica,es,6.99,,,NOT_APPLICABLE,,SIMULATED/DEMO,True,[],https://elibro.puce.elogim.com/es/lc/puce/titulos/37796,AUTH_REQUIRED,covers/generated/digital-batch/editions/staging/Ebook/Matematicas/staging.json,covers/generated/digital-batch/pending-images/Ebook/Matematicas/portadas/ebook-d3d40c615e3ed52f.webp,True,
ebook-f92c6a802890688d,EBOOK,Matemática en espiral,"Falconí Asanza, Aldo; Hernández Crespo, Franco Manuel",CREATE_NEW_WORK,252,PLG-BK-000152,PUBLISHED,Editorial Universo Sur,es,13.99,,,NOT_APPLICABLE,,SIMULATED/DEMO,True,[],https://elibro.puce.elogim.com/es/lc/puce/titulos/131900,AUTH_REQUIRED,covers/generated/digital-batch/editions/staging/Ebook/Matematicas/staging.json,covers/generated/digital-batch/pending-images/Ebook/Matematicas/portadas/ebook-f92c6a802890688d.webp,True,
ebook-ecb575e0c500e089,EBOOK,Matemática estructural,Andrés Forero Cuervo,REUSE_EXISTING_WORK,72,PLG-BK-000063,PUBLISHED,Universidad de los Andes,es,11.99,,,NOT_APPLICABLE,,SIMULATED/DEMO,True,[],https://elibro.puce.elogim.com/es/lc/puce/titulos/69334,AUTH_REQUIRED,covers/generated/digital-batch/editions/staging/Ebook/Matematicas/staging.json,covers/generated/digital-batch/pending-images/Ebook/Matematicas/portadas/ebook-ecb575e0c500e089.webp,True,
ebook-b2ba6d8bffd99663,EBOOK,Matemáticas básicas (4a. ed.),"Escudero Trujillo, Rafael",CREATE_NEW_WORK,253,PLG-BK-000240,PUBLISHED,Universidad del Norte,es,22.99,,,NOT_APPLICABLE,,SIMULATED/DEMO,True,[],https://elibro.puce.elogim.com/es/lc/puce/titulos/69967,AUTH_REQUIRED,covers/generated/digital-batch/editions/staging/Ebook/Matematicas/staging.json,covers/generated/digital-batch/pending-images/Ebook/Matematicas/portadas/ebook-b2ba6d8bffd99663.webp,True,
ebook-c2773c7db8f50e89,EBOOK,Pensar en la matemática,"Lorenzo Martínez, Javier de",CREATE_NEW_WORK,254,PLG-BK-000289,PUBLISHED,Comares,es,6.99,,,NOT_APPLICABLE,,SIMULATED/DEMO,True,[],https://elibro.puce.elogim.com/es/lc/puce/titulos/162803,AUTH_REQUIRED,covers/generated/digital-batch/editions/staging/Ebook/Matematicas/staging.json,covers/generated/digital-batch/pending-images/Ebook/Matematicas/portadas/ebook-c2773c7db8f50e89.webp,True,
ebook-36d210b116c5c9e4,EBOOK,Anatomía general,"Gutiérrez, Francisco",CREATE_NEW_WORK,306,PLG-BK-000094,PUBLISHED,Firmas Press,es,22.99,,,NOT_APPLICABLE,,SIMULATED/DEMO,True,[],https://elibro.puce.elogim.com/es/lc/puce/titulos/36379,AUTH_REQUIRED,covers/generated/digital-batch/editions/staging/Ebook/medicina/staging.json,covers/generated/digital-batch/pending-images/Ebook/medicina/portadas/ebook-36d210b116c5c9e4.webp,True,
ebook-8bacb70c2a10b291,EBOOK,Bioquímica para Medicina,"Araque Marín, Pedronel",CREATE_NEW_WORK,307,PLG-BK-000150,PUBLISHED,Fondo Editorial EIA,es,4.99,,,NOT_APPLICABLE,,SIMULATED/DEMO,True,[],https://elibro.puce.elogim.com/es/lc/puce/titulos/223081,AUTH_REQUIRED,covers/generated/digital-batch/editions/staging/Ebook/medicina/staging.json,covers/generated/digital-batch/pending-images/Ebook/medicina/portadas/ebook-8bacb70c2a10b291.webp,True,
ebook-1013c1955d12bfac,EBOOK,Biotecnología aplicada a la medicina,"Tresguerres, Jesús Ángel; Martínez Fernández, Vicente; Navas Serrano, Víctor",CREATE_NEW_WORK,308,PLG-BK-000083,PUBLISHED,Ediciones Díaz de Santos,es,14.99,,,NOT_APPLICABLE,,SIMULATED/DEMO,True,[],https://elibro.puce.elogim.com/es/lc/puce/titulos/53028,AUTH_REQUIRED,covers/generated/digital-batch/editions/staging/Ebook/medicina/staging.json,covers/generated/digital-batch/pending-images/Ebook/medicina/portadas/ebook-1013c1955d12bfac.webp,True,
ebook-732305bbd6f1cb11,EBOOK,Diccionario etimológico de medicina,"Segura Munguía, Santiago",CREATE_NEW_WORK,309,PLG-BK-000237,PUBLISHED,Universidad de Deusto,es,21.99,,,NOT_APPLICABLE,,SIMULATED/DEMO,True,[],https://elibro.puce.elogim.com/es/lc/puce/titulos/42785,AUTH_REQUIRED,covers/generated/digital-batch/editions/staging/Ebook/medicina/staging.json,covers/generated/digital-batch/pending-images/Ebook/medicina/portadas/ebook-732305bbd6f1cb11.webp,True,
ebook-3adc3af0416192dc,EBOOK,El ABC de la medicina interna,"Moreno Sánchez, Francisco; Jáuregui Camargo, Laura; Halabe Cherem, José",CREATE_NEW_WORK,310,PLG-BK-000212,PUBLISHED,Editorial Alfil,es,14.99,,,NOT_APPLICABLE,,SIMULATED/DEMO,True,[],https://elibro.puce.elogim.com/es/lc/puce/titulos/72757,AUTH_REQUIRED,covers/generated/digital-batch/editions/staging/Ebook/medicina/staging.json,covers/generated/digital-batch/pending-images/Ebook/medicina/portadas/ebook-3adc3af0416192dc.webp,True,
ebook-02ab3e1a2d1bf720,EBOOK,El lenguaje de la medicina,"Sarmiento González, Ramón; Vilches Vivancos, Fernando",CREATE_NEW_WORK,311,PLG-BK-000091,PUBLISHED,Dykinson,es,23.99,,,NOT_APPLICABLE,,SIMULATED/DEMO,True,[],https://elibro.puce.elogim.com/es/lc/puce/titulos/58272,AUTH_REQUIRED,covers/generated/digital-batch/editions/staging/Ebook/medicina/staging.json,covers/generated/digital-batch/pending-images/Ebook/medicina/portadas/ebook-02ab3e1a2d1bf720.webp,True,
ebook-a9d3e8cac852073e,EBOOK,Electrocardiografía en medicina prehospitalaria,"Illescas Fernández, Gerardo José",CREATE_NEW_WORK,312,PLG-BK-000217,PUBLISHED,Editorial Alfil,es,24.99,,,NOT_APPLICABLE,,SIMULATED/DEMO,True,[],https://elibro.puce.elogim.com/es/lc/puce/titulos/73456,AUTH_REQUIRED,covers/generated/digital-batch/editions/staging/Ebook/medicina/staging.json,covers/generated/digital-batch/pending-images/Ebook/medicina/portadas/ebook-a9d3e8cac852073e.webp,True,
ebook-83015172611403ff,EBOOK,Fundamentos de la medicina forense,"Pérez Pérez, Rosa M.",CREATE_NEW_WORK,313,PLG-BK-000265,PUBLISHED,Editorial UOC,es,11.99,,,NOT_APPLICABLE,,SIMULATED/DEMO,True,[],https://elibro.puce.elogim.com/es/lc/puce/titulos/58579,AUTH_REQUIRED,covers/generated/digital-batch/editions/staging/Ebook/medicina/staging.json,covers/generated/digital-batch/pending-images/Ebook/medicina/portadas/ebook-83015172611403ff.webp,True,
ebook-c62fc0afaeebeef1,EBOOK,Hacia la medicina del futuro,"Alcazar Montenegro, Heberto",CREATE_NEW_WORK,314,PLG-BK-000073,PUBLISHED,Instituto Politécnico Nacional,es,24.99,,,NOT_APPLICABLE,,SIMULATED/DEMO,True,[],https://elibro.puce.elogim.com/es/lc/puce/titulos/72621,AUTH_REQUIRED,covers/generated/digital-batch/editions/staging/Ebook/medicina/staging.json,covers/generated/digital-batch/pending-images/Ebook/medicina/portadas/ebook-c62fc0afaeebeef1.webp,True,
ebook-8538d91358940113,EBOOK,Historia y filosofía de la medicina,"León Hernández, Saúl; Lara Padilla, Eleazar; Camarena Olmedo, Javier",CREATE_NEW_WORK,315,PLG-BK-000254,PUBLISHED,Instituto Politécnico Nacional,es,23.99,,,NOT_APPLICABLE,,SIMULATED/DEMO,True,[],https://elibro.puce.elogim.com/es/lc/puce/titulos/73999,AUTH_REQUIRED,covers/generated/digital-batch/editions/staging/Ebook/medicina/staging.json,covers/generated/digital-batch/pending-images/Ebook/medicina/portadas/ebook-8538d91358940113.webp,True,
ebook-8cc0d0f6ab2cc224,EBOOK,Introducción a la Medicina,"Barona, Josep Lluís",CREATE_NEW_WORK,316,PLG-BK-000169,PUBLISHED,Universitat de València,es,15.99,,,NOT_APPLICABLE,,SIMULATED/DEMO,True,[],https://elibro.puce.elogim.com/es/lc/puce/titulos/293446,AUTH_REQUIRED,covers/generated/digital-batch/editions/staging/Ebook/medicina/staging.json,covers/generated/digital-batch/pending-images/Ebook/medicina/portadas/ebook-8cc0d0f6ab2cc224.webp,True,
ebook-fd0821640112f205,EBOOK,La física en la medicina (3a. ed.),"Piña Barba, María Cristina",CREATE_NEW_WORK,317,PLG-BK-000121,PUBLISHED,FCE : SEP : CONACy,es,5.99,,,NOT_APPLICABLE,,SIMULATED/DEMO,True,[],https://elibro.puce.elogim.com/es/lc/puce/titulos/71950,AUTH_REQUIRED,covers/generated/digital-batch/editions/staging/Ebook/medicina/staging.json,covers/generated/digital-batch/pending-images/Ebook/medicina/portadas/ebook-fd0821640112f205.webp,True,
ebook-35f5ee7cd1dbd914,EBOOK,La mujer en el ejercicio de la medicina,"Carrillo Esper, Raúl; Dubón Peniche, María del Carmen; Elizondo Argueta, Sandra; Carrillo Córdova, Dulce María",CREATE_NEW_WORK,318,PLG-BK-000215,PUBLISHED,"Editorial Alfil, S. A. de C. V",es,8.99,,,NOT_APPLICABLE,,SIMULATED/DEMO,True,[],https://elibro.puce.elogim.com/es/lc/puce/titulos/40870,AUTH_REQUIRED,covers/generated/digital-batch/editions/staging/Ebook/medicina/staging.json,covers/generated/digital-batch/pending-images/Ebook/medicina/portadas/ebook-35f5ee7cd1dbd914.webp,True,
ebook-c2dfe127dab4c883,EBOOK,Láser en medicina,"Martí López, Luis; Altamirano Aguilar, Jorge H.",CREATE_NEW_WORK,319,PLG-BK-000154,PUBLISHED,Instituto Politécnico Nacional,es,15.99,,,NOT_APPLICABLE,,SIMULATED/DEMO,True,[],https://elibro.puce.elogim.com/es/lc/puce/titulos/72229,AUTH_REQUIRED,covers/generated/digital-batch/editions/staging/Ebook/medicina/staging.json,covers/generated/digital-batch/pending-images/Ebook/medicina/portadas/ebook-c2dfe127dab4c883.webp,True,
ebook-a53be3387773971a,EBOOK,Medicina de bolsillo (5a. ed.),"Sabatine, Marc S.",CREATE_NEW_WORK,320,PLG-BK-000119,PUBLISHED,Wolters Kluwer Health,es,16.99,,,NOT_APPLICABLE,,SIMULATED/DEMO,True,[],https://elibro.puce.elogim.com/es/lc/puce/titulos/125329,AUTH_REQUIRED,covers/generated/digital-batch/editions/staging/Ebook/medicina/staging.json,covers/generated/digital-batch/pending-images/Ebook/medicina/portadas/ebook-a53be3387773971a.webp,True,
ebook-26949727c7f52ee9,EBOOK,Medicina humanitaria,"Estébanez Estébanez, Pilar",CREATE_NEW_WORK,321,PLG-BK-000298,PUBLISHED,Ediciones Díaz de Santos,es,7.99,,,NOT_APPLICABLE,,SIMULATED/DEMO,True,[],https://elibro.puce.elogim.com/es/lc/puce/titulos/53098,AUTH_REQUIRED,covers/generated/digital-batch/editions/staging/Ebook/medicina/staging.json,covers/generated/digital-batch/pending-images/Ebook/medicina/portadas/ebook-26949727c7f52ee9.webp,True,
ebook-7eb366f26ec5faeb,EBOOK,Medicina intensiva,"Lovesio, Carlos",CREATE_NEW_WORK,322,PLG-BK-000061,PUBLISHED,Corpus Editorial,es,13.99,,,NOT_APPLICABLE,,SIMULATED/DEMO,True,[],https://elibro.puce.elogim.com/es/lc/puce/titulos/67148,AUTH_REQUIRED,covers/generated/digital-batch/editions/staging/Ebook/medicina/staging.json,covers/generated/digital-batch/pending-images/Ebook/medicina/portadas/ebook-7eb366f26ec5faeb.webp,True,
ebook-fb9ab4ccfe851ce8,EBOOK,Medicina Legal (2a. ed.),"Carrillo Olmedo, Pedro Manuel",CREATE_NEW_WORK,323,PLG-BK-000140,PUBLISHED,Corporación de Estudios y Publicaciones,es,21.99,,,NOT_APPLICABLE,,SIMULATED/DEMO,True,[],https://elibro.puce.elogim.com/es/lc/puce/titulos/118658,AUTH_REQUIRED,covers/generated/digital-batch/editions/staging/Ebook/medicina/staging.json,covers/generated/digital-batch/pending-images/Ebook/medicina/portadas/ebook-fb9ab4ccfe851ce8.webp,True,
ebook-24ff9f953ed9a282,EBOOK,Síndromes en medicina interna,"Sanguinetti, Carlos A.",CREATE_NEW_WORK,324,PLG-BK-000210,PUBLISHED,Corpus Editorial,es,23.99,,,NOT_APPLICABLE,,SIMULATED/DEMO,True,[],https://elibro.puce.elogim.com/es/lc/puce/titulos/67143,AUTH_REQUIRED,covers/generated/digital-batch/editions/staging/Ebook/medicina/staging.json,covers/generated/digital-batch/pending-images/Ebook/medicina/portadas/ebook-24ff9f953ed9a282.webp,True,
audiobook-8a40bb278ab30a3b,AUDIOBOOK,Cómo comportarse en la multitud: una novela,"Bordas, Camille",CREATE_NEW_WORK,107,PLG-BK-000279,PUBLISHED,Malpaso Ediciones,es,26.99,,,SIMULATED/DEMO,5740,SIMULATED/DEMO,True,"[""Narrador DEMO PLIEGO (sin identidad bibliográfica)""]",https://elibro.puce.elogim.com/es/lc/puce/titulos/117024,AUTH_REQUIRED,covers/generated/digital-batch/editions/staging/Audiolibros/Literatura/staging.json,covers/generated/digital-batch/pending-images/Audiolibros/Literatura/portadas/audiobook-8a40bb278ab30a3b.webp,True,
audiobook-91b68a3cdb70cf6c,AUDIOBOOK,Cómo se hace una novela,"Unamuno, Miguel de",CREATE_NEW_WORK,108,PLG-BK-000213,PUBLISHED,Editorial Verbum,es,31.99,,,SIMULATED/DEMO,4740,SIMULATED/DEMO,True,"[""Narrador DEMO PLIEGO (sin identidad bibliográfica)""]",https://elibro.puce.elogim.com/es/lc/puce/titulos/217630,AUTH_REQUIRED,covers/generated/digital-batch/editions/staging/Audiolibros/Literatura/staging.json,covers/generated/digital-batch/pending-images/Audiolibros/Literatura/portadas/audiobook-91b68a3cdb70cf6c.webp,True,
audiobook-3ce2558363ac8234,AUDIOBOOK,Discurso y conflicto en la novela,"Parrilla Sotomayor, Eduardo Enrique",CREATE_NEW_WORK,109,PLG-BK-000149,PUBLISHED,"Plaza y Valdés, S.A. de C.V.",es,22.99,,,SIMULATED/DEMO,6825,SIMULATED/DEMO,True,"[""Narrador DEMO PLIEGO (sin identidad bibliográfica)""]",https://elibro.puce.elogim.com/es/lc/puce/titulos/39117,AUTH_REQUIRED,covers/generated/digital-batch/editions/staging/Audiolibros/Literatura/staging.json,covers/generated/digital-batch/pending-images/Audiolibros/Literatura/portadas/audiobook-3ce2558363ac8234.webp,True,
audiobook-4058fa136c5702ee,AUDIOBOOK,El retorno de los desplazados: novela,"Gordillo Barahona, Beatriz",CREATE_NEW_WORK,110,PLG-BK-000293,PUBLISHED,Grado Cero,es,10.99,,,SIMULATED/DEMO,6171,SIMULATED/DEMO,True,"[""Narrador DEMO PLIEGO (sin identidad bibliográfica)""]",https://elibro.puce.elogim.com/es/lc/puce/titulos/288325,AUTH_REQUIRED,covers/generated/digital-batch/editions/staging/Audiolibros/Literatura/staging.json,covers/generated/digital-batch/pending-images/Audiolibros/Literatura/portadas/audiobook-4058fa136c5702ee.webp,True,
audiobook-227ccd7c091f9040,AUDIOBOOK,Está temblando. Novela,"Pérez de Arce, Hermógenes",CREATE_NEW_WORK,111,PLG-BK-000261,PUBLISHED,Editorial El Roble,es,25.99,,,SIMULATED/DEMO,6748,SIMULATED/DEMO,True,"[""Narrador DEMO PLIEGO (sin identidad bibliográfica)""]",https://elibro.puce.elogim.com/es/lc/puce/titulos/195499,AUTH_REQUIRED,covers/generated/digital-batch/editions/staging/Audiolibros/Literatura/staging.json,covers/generated/digital-batch/pending-images/Audiolibros/Literatura/portadas/audiobook-227ccd7c091f9040.webp,True,
audiobook-2de821b1482db906,AUDIOBOOK,La confesión: novela,Hailji,CREATE_NEW_WORK,112,PLG-BK-000074,PUBLISHED,Editorial Verbum,es,7.99,,,SIMULATED/DEMO,4835,SIMULATED/DEMO,True,"[""Narrador DEMO PLIEGO (sin identidad bibliográfica)""]",https://elibro.puce.elogim.com/es/lc/puce/titulos/270884,AUTH_REQUIRED,covers/generated/digital-batch/editions/staging/Audiolibros/Literatura/staging.json,covers/generated/digital-batch/pending-images/Audiolibros/Literatura/portadas/audiobook-2de821b1482db906.webp,True,
audiobook-d660454291ad5fa3,AUDIOBOOK,La novela rosa,"González Lejárraga, Antonio",CREATE_NEW_WORK,113,PLG-BK-000209,PUBLISHED,Consejo Superior de Investigaciones Científicas,es,33.99,,,SIMULATED/DEMO,3241,SIMULATED/DEMO,True,"[""Narrador DEMO PLIEGO (sin identidad bibliográfica)""]",https://elibro.puce.elogim.com/es/lc/puce/titulos/41629,AUTH_REQUIRED,covers/generated/digital-batch/editions/staging/Audiolibros/Literatura/staging.json,covers/generated/digital-batch/pending-images/Audiolibros/Literatura/portadas/audiobook-d660454291ad5fa3.webp,True,
audiobook-98a1a860b5649584,AUDIOBOOK,Lady Susan y otras novelas,Jane Austen,CREATE_NEW_WORK,114,PLG-BK-000174,PUBLISHED,Alianza Editorial,es,19.99,,,SIMULATED/DEMO,1939,SIMULATED/DEMO,True,"[""Narrador DEMO PLIEGO (sin identidad bibliográfica)""]",https://elibro.puce.elogim.com/es/lc/puce/titulos/122857,AUTH_REQUIRED,covers/generated/digital-batch/editions/staging/Audiolibros/Literatura/staging.json,covers/generated/digital-batch/pending-images/Audiolibros/Literatura/portadas/audiobook-98a1a860b5649584.webp,True,
audiobook-2b8c1c97bbc86318,AUDIOBOOK,Las novelas de Torquemada,"Pérez Galdós, Benito",CREATE_NEW_WORK,115,PLG-BK-000147,PUBLISHED,Alianza Editorial,es,31.99,,,SIMULATED/DEMO,2966,SIMULATED/DEMO,True,"[""Narrador DEMO PLIEGO (sin identidad bibliográfica)""]",https://elibro.puce.elogim.com/es/lc/puce/titulos/216008,AUTH_REQUIRED,covers/generated/digital-batch/editions/staging/Audiolibros/Literatura/staging.json,covers/generated/digital-batch/pending-images/Audiolibros/Literatura/portadas/audiobook-2b8c1c97bbc86318.webp,True,
audiobook-d4d96850c4ea25cb,AUDIOBOOK,Novela negra con argentinos,"Valenzuela, Luisa",CREATE_NEW_WORK,116,PLG-BK-000130,PUBLISHED,Fondo de Cultura Económica,es,28.99,,,SIMULATED/DEMO,2881,SIMULATED/DEMO,True,"[""Narrador DEMO PLIEGO (sin identidad bibliográfica)""]",https://elibro.puce.elogim.com/es/lc/puce/titulos/218933,AUTH_REQUIRED,covers/generated/digital-batch/editions/staging/Audiolibros/Literatura/staging.json,covers/generated/digital-batch/pending-images/Audiolibros/Literatura/portadas/audiobook-d4d96850c4ea25cb.webp,True,
audiobook-b917d2622c19f5b7,AUDIOBOOK,Novelas amorosas y ejemplares,"Zayas y Sotomayor, María de",CREATE_NEW_WORK,117,PLG-BK-000111,PUBLISHED,Editorial Verbum,es,16.99,,,SIMULATED/DEMO,3743,SIMULATED/DEMO,True,"[""Narrador DEMO PLIEGO (sin identidad bibliográfica)""]",https://elibro.puce.elogim.com/es/lc/puce/titulos/267853,AUTH_REQUIRED,covers/generated/digital-batch/editions/staging/Audiolibros/Literatura/staging.json,covers/generated/digital-batch/pending-images/Audiolibros/Literatura/portadas/audiobook-b917d2622c19f5b7.webp,True,
audiobook-524d4e31cdfd7fd8,AUDIOBOOK,Valentín: novela histórica,"Hernández Beltrán, Rosalío",CREATE_NEW_WORK,118,PLG-BK-000138,PUBLISHED,Plaza y Valdés,es,23.99,,,SIMULATED/DEMO,4744,SIMULATED/DEMO,True,"[""Narrador DEMO PLIEGO (sin identidad bibliográfica)""]",https://elibro.puce.elogim.com/es/lc/puce/titulos/39199,AUTH_REQUIRED,covers/generated/digital-batch/editions/staging/Audiolibros/Literatura/staging.json,covers/generated/digital-batch/pending-images/Audiolibros/Literatura/portadas/audiobook-524d4e31cdfd7fd8.webp,True,
audiobook-c7c794efb03c3148,AUDIOBOOK,Escritos sobre ética,"García, Camilo",CREATE_NEW_WORK,91,PLG-BK-000110,PUBLISHED,La Carreta Editores,es,11.99,,,SIMULATED/DEMO,938,SIMULATED/DEMO,True,"[""Narrador DEMO PLIEGO (sin identidad bibliográfica)""]",https://elibro.puce.elogim.com/es/lc/puce/titulos/70889,AUTH_REQUIRED,covers/generated/digital-batch/editions/staging/Audiolibros/Filosofia/staging.json,covers/generated/digital-batch/pending-images/Audiolibros/Filosofia/portadas/audiobook-c7c794efb03c3148.webp,True,
audiobook-43dc30b23ed17e4e,AUDIOBOOK,La responsividad ética,"Patiño González, Susana Magdalena",CREATE_NEW_WORK,92,PLG-BK-000276,PUBLISHED,"Plaza y Valdés, S.L.",es,23.99,,,SIMULATED/DEMO,2718,SIMULATED/DEMO,True,"[""Narrador DEMO PLIEGO (sin identidad bibliográfica)""]",https://elibro.puce.elogim.com/es/lc/puce/titulos/59505,AUTH_REQUIRED,covers/generated/digital-batch/editions/staging/Audiolibros/Filosofia/staging.json,covers/generated/digital-batch/pending-images/Audiolibros/Filosofia/portadas/audiobook-43dc30b23ed17e4e.webp,True,
audiobook-724a798ecab60e86,AUDIOBOOK,La ética en la era de la tecnociencia,"Pulgar Castro, Rodrigo",CREATE_NEW_WORK,93,PLG-BK-000142,PUBLISHED,RIL editores,es,9.99,,,SIMULATED/DEMO,3919,SIMULATED/DEMO,True,"[""Narrador DEMO PLIEGO (sin identidad bibliográfica)""]",https://elibro.puce.elogim.com/es/lc/puce/titulos/106271,AUTH_REQUIRED,covers/generated/digital-batch/editions/staging/Audiolibros/Filosofia/staging.json,covers/generated/digital-batch/pending-images/Audiolibros/Filosofia/portadas/audiobook-724a798ecab60e86.webp,True,
audiobook-2d0a07a10e6b0b80,AUDIOBOOK,La ética explorada,"González, Ana Marta",CREATE_NEW_WORK,94,PLG-BK-000297,PUBLISHED,EUNSA,es,13.99,,,SIMULATED/DEMO,5369,SIMULATED/DEMO,True,"[""Narrador DEMO PLIEGO (sin identidad bibliográfica)""]",https://elibro.puce.elogim.com/es/lc/puce/titulos/47307,AUTH_REQUIRED,covers/generated/digital-batch/editions/staging/Audiolibros/Filosofia/staging.json,covers/generated/digital-batch/pending-images/Audiolibros/Filosofia/portadas/audiobook-2d0a07a10e6b0b80.webp,True,
audiobook-2e27906c918a7d2d,AUDIOBOOK,Metafísica de la web,"Ferraris, Maurizio",CREATE_NEW_WORK,95,PLG-BK-000264,PUBLISHED,Dykinson,es,22.99,,,SIMULATED/DEMO,1077,SIMULATED/DEMO,True,"[""Narrador DEMO PLIEGO (sin identidad bibliográfica)""]",https://elibro.puce.elogim.com/es/lc/puce/titulos/159993,AUTH_REQUIRED,covers/generated/digital-batch/editions/staging/Audiolibros/Filosofia/staging.json,covers/generated/digital-batch/pending-images/Audiolibros/Filosofia/portadas/audiobook-2e27906c918a7d2d.webp,True,
audiobook-f1fae131a4859d4d,AUDIOBOOK,¿Hay que desconstruir la metafísica?,"Aubenque, Pierre",CREATE_NEW_WORK,96,PLG-BK-000203,PUBLISHED,Encuentro,es,12.99,,,SIMULATED/DEMO,3193,SIMULATED/DEMO,True,"[""Narrador DEMO PLIEGO (sin identidad bibliográfica)""]",https://elibro.puce.elogim.com/es/lc/puce/titulos/61805,AUTH_REQUIRED,covers/generated/digital-batch/editions/staging/Audiolibros/Filosofia/staging.json,covers/generated/digital-batch/pending-images/Audiolibros/Filosofia/portadas/audiobook-f1fae131a4859d4d.webp,True,
audiobook-1b8619eae91a6a97,AUDIOBOOK,¿Qué es eso llamado metafísica?,"Garrett, Brian",CREATE_NEW_WORK,97,PLG-BK-000245,PUBLISHED,Alianza Editorial,es,11.99,,,SIMULATED/DEMO,5909,SIMULATED/DEMO,True,"[""Narrador DEMO PLIEGO (sin identidad bibliográfica)""]",https://elibro.puce.elogim.com/es/lc/puce/titulos/45443,AUTH_REQUIRED,covers/generated/digital-batch/editions/staging/Audiolibros/Filosofia/staging.json,covers/generated/digital-batch/pending-images/Audiolibros/Filosofia/portadas/audiobook-1b8619eae91a6a97.webp,True,
audiobook-1ec4175129c2f6f9,AUDIOBOOK,Ética básica (3a. ed.),"Etxeberria Mauleón, Xabier",CREATE_NEW_WORK,98,PLG-BK-000060,PUBLISHED,Universidad de Deusto,es,14.99,,,SIMULATED/DEMO,3328,SIMULATED/DEMO,True,"[""Narrador DEMO PLIEGO (sin identidad bibliográfica)""]",https://elibro.puce.elogim.com/es/lc/puce/titulos/34160,AUTH_REQUIRED,covers/generated/digital-batch/editions/staging/Audiolibros/Filosofia/staging.json,covers/generated/digital-batch/pending-images/Audiolibros/Filosofia/portadas/audiobook-1ec4175129c2f6f9.webp,True,
audiobook-c922336fdf5b1257,AUDIOBOOK,Ética de la comunicación,"Prado Flores, Rogelio del",CREATE_NEW_WORK,99,PLG-BK-000235,PUBLISHED,Editorial Gedisa,es,10.99,,,SIMULATED/DEMO,6935,SIMULATED/DEMO,True,"[""Narrador DEMO PLIEGO (sin identidad bibliográfica)""]",https://elibro.puce.elogim.com/es/lc/puce/titulos/128281,AUTH_REQUIRED,covers/generated/digital-batch/editions/staging/Audiolibros/Filosofia/staging.json,covers/generated/digital-batch/pending-images/Audiolibros/Filosofia/portadas/audiobook-c922336fdf5b1257.webp,True,
audiobook-7c148898de839f87,AUDIOBOOK,Ética de la sexualidad,"Bonete, Enrique",CREATE_NEW_WORK,100,PLG-BK-000076,PUBLISHED,Desclée de Brouwer,es,33.99,,,SIMULATED/DEMO,5119,SIMULATED/DEMO,True,"[""Narrador DEMO PLIEGO (sin identidad bibliográfica)""]",https://elibro.puce.elogim.com/es/lc/puce/titulos/47807,AUTH_REQUIRED,covers/generated/digital-batch/editions/staging/Audiolibros/Filosofia/staging.json,covers/generated/digital-batch/pending-images/Audiolibros/Filosofia/portadas/audiobook-7c148898de839f87.webp,True,
audiobook-7af4d1003a034ea7,AUDIOBOOK,Ética de las nanotecnologías,"Ruiz Trujillo, Pere",CREATE_NEW_WORK,101,PLG-BK-000225,PUBLISHED,Herder Editorial,es,20.99,,,SIMULATED/DEMO,5208,SIMULATED/DEMO,True,"[""Narrador DEMO PLIEGO (sin identidad bibliográfica)""]",https://elibro.puce.elogim.com/es/lc/puce/titulos/128199,AUTH_REQUIRED,covers/generated/digital-batch/editions/staging/Audiolibros/Filosofia/staging.json,covers/generated/digital-batch/pending-images/Audiolibros/Filosofia/portadas/audiobook-7af4d1003a034ea7.webp,True,
audiobook-54322882e821818c,AUDIOBOOK,Ética general (6a. ed.),"Rodríguez Luño, Ángel",CREATE_NEW_WORK,102,PLG-BK-000077,PUBLISHED,EUNSA,es,30.99,,,SIMULATED/DEMO,5663,SIMULATED/DEMO,True,"[""Narrador DEMO PLIEGO (sin identidad bibliográfica)""]",https://elibro.puce.elogim.com/es/lc/puce/titulos/46946,AUTH_REQUIRED,covers/generated/digital-batch/editions/staging/Audiolibros/Filosofia/staging.json,covers/generated/digital-batch/pending-images/Audiolibros/Filosofia/portadas/audiobook-54322882e821818c.webp,True,
audiobook-c1b41020fd3c464c,AUDIOBOOK,Ética y cultura,"Ricoeur, Paul",CREATE_NEW_WORK,103,PLG-BK-000126,PUBLISHED,Prometeo Libros,es,27.99,,,SIMULATED/DEMO,4548,SIMULATED/DEMO,True,"[""Narrador DEMO PLIEGO (sin identidad bibliográfica)""]",https://elibro.puce.elogim.com/es/lc/puce/titulos/191960,AUTH_REQUIRED,covers/generated/digital-batch/editions/staging/Audiolibros/Filosofia/staging.json,covers/generated/digital-batch/pending-images/Audiolibros/Filosofia/portadas/audiobook-c1b41020fd3c464c.webp,True,
audiobook-d6813d23c882b658,AUDIOBOOK,Ética y libertad,Roman Garate,CREATE_NEW_WORK,104,PLG-BK-000125,PUBLISHED,Universidad de Deusto,es,24.99,,,SIMULATED/DEMO,5399,SIMULATED/DEMO,True,"[""Narrador DEMO PLIEGO (sin identidad bibliográfica)""]",https://elibro.puce.elogim.com/es/lc/puce/titulos/34123,AUTH_REQUIRED,covers/generated/digital-batch/editions/staging/Audiolibros/Filosofia/staging.json,covers/generated/digital-batch/pending-images/Audiolibros/Filosofia/portadas/audiobook-d6813d23c882b658.webp,True,
audiobook-e13bdd919ce475f6,AUDIOBOOK,Ética y política,"Sánchez Vázquez, Adolfo",CREATE_NEW_WORK,105,PLG-BK-000118,PUBLISHED,Fondo de Cultura Económica,es,27.99,,,SIMULATED/DEMO,3413,SIMULATED/DEMO,True,"[""Narrador DEMO PLIEGO (sin identidad bibliográfica)""]",https://elibro.puce.elogim.com/es/lc/puce/titulos/110932,AUTH_REQUIRED,covers/generated/digital-batch/editions/staging/Audiolibros/Filosofia/staging.json,covers/generated/digital-batch/pending-images/Audiolibros/Filosofia/portadas/audiobook-e13bdd919ce475f6.webp,True,
audiobook-e9c64ba5698c0cc9,AUDIOBOOK,Ética y psicoanálisis,"Fromm, Erich",CREATE_NEW_WORK,106,PLG-BK-000157,PUBLISHED,Fondo de Cultura Económica,es,8.99,,,SIMULATED/DEMO,1095,SIMULATED/DEMO,True,"[""Narrador DEMO PLIEGO (sin identidad bibliográfica)""]",https://elibro.puce.elogim.com/es/lc/puce/titulos/173449,AUTH_REQUIRED,covers/generated/digital-batch/editions/staging/Audiolibros/Filosofia/staging.json,covers/generated/digital-batch/pending-images/Audiolibros/Filosofia/portadas/audiobook-e9c64ba5698c0cc9.webp,True,
audiobook-55c9e35ac75d34cf,AUDIOBOOK,24 ideas para una psicoterapia breve (2a. ed.),Mark Beyebach,CREATE_NEW_WORK,184,PLG-BK-000196,PUBLISHED,Herder Editorial,es,32.99,,,SIMULATED/DEMO,1044,SIMULATED/DEMO,True,"[""Narrador DEMO PLIEGO (sin identidad bibliográfica)""]",https://elibro.puce.elogim.com/es/lc/puce/titulos/45760,AUTH_REQUIRED,covers/generated/digital-batch/editions/staging/Audiolibros/psicologia/staging.json,covers/generated/digital-batch/pending-images/Audiolibros/psicologia/portadas/audiobook-55c9e35ac75d34cf.webp,True,
audiobook-4a795b65bdfd9ca1,AUDIOBOOK,Constructivismo y psicoterapia (3a. ed.),"Feixas Viaplana, Guillem; Villegas Besora, Manuel",CREATE_NEW_WORK,185,PLG-BK-000242,PUBLISHED,Desclée de Brouwer,es,9.99,,,SIMULATED/DEMO,1040,SIMULATED/DEMO,True,"[""Narrador DEMO PLIEGO (sin identidad bibliográfica)""]",https://elibro.puce.elogim.com/es/lc/puce/titulos/47644,AUTH_REQUIRED,covers/generated/digital-batch/editions/staging/Audiolibros/psicologia/staging.json,covers/generated/digital-batch/pending-images/Audiolibros/psicologia/portadas/audiobook-4a795b65bdfd9ca1.webp,True,
audiobook-6e39f5b1f9e5f84f,AUDIOBOOK,Crítica de la psicoterapia integrativa,Guillermo Cepeda Armijos,CREATE_NEW_WORK,186,PLG-BK-000172,PUBLISHED,Ediciones Abya-Yala,es,13.99,,,SIMULATED/DEMO,1449,SIMULATED/DEMO,True,"[""Narrador DEMO PLIEGO (sin identidad bibliográfica)""]",https://elibro.puce.elogim.com/es/lc/puce/titulos/79874,AUTH_REQUIRED,covers/generated/digital-batch/editions/staging/Audiolibros/psicologia/staging.json,covers/generated/digital-batch/pending-images/Audiolibros/psicologia/portadas/audiobook-6e39f5b1f9e5f84f.webp,True,
audiobook-b2d3df9243256b1b,AUDIOBOOK,Escritos de psicoterapia cognitiva,"Keegan, Eduardo",CREATE_NEW_WORK,187,PLG-BK-000117,PUBLISHED,Eudeba,es,24.99,,,SIMULATED/DEMO,5317,SIMULATED/DEMO,True,"[""Narrador DEMO PLIEGO (sin identidad bibliográfica)""]",https://elibro.puce.elogim.com/es/lc/puce/titulos/66218,AUTH_REQUIRED,covers/generated/digital-batch/editions/staging/Audiolibros/psicologia/staging.json,covers/generated/digital-batch/pending-images/Audiolibros/psicologia/portadas/audiobook-b2d3df9243256b1b.webp,True,
audiobook-37f13fad292b679a,AUDIOBOOK,Historia de la psicología,"Santamaría, Carlos",CREATE_NEW_WORK,188,PLG-BK-000227,PUBLISHED,Ariel,es,14.99,,,SIMULATED/DEMO,1769,SIMULATED/DEMO,True,"[""Narrador DEMO PLIEGO (sin identidad bibliográfica)""]",https://elibro.puce.elogim.com/es/lc/puce/titulos/293923,AUTH_REQUIRED,covers/generated/digital-batch/editions/staging/Audiolibros/psicologia/staging.json,covers/generated/digital-batch/pending-images/Audiolibros/psicologia/portadas/audiobook-37f13fad292b679a.webp,True,
audiobook-515007baa9e819ef,AUDIOBOOK,Historia de la psicología en Colombia,"Ardila, Rubén",CREATE_NEW_WORK,189,PLG-BK-000096,PUBLISHED,Manual Moderno,es,29.99,,,SIMULATED/DEMO,5658,SIMULATED/DEMO,True,"[""Narrador DEMO PLIEGO (sin identidad bibliográfica)""]",https://elibro.puce.elogim.com/es/lc/puce/titulos/71159,AUTH_REQUIRED,covers/generated/digital-batch/editions/staging/Audiolibros/psicologia/staging.json,covers/generated/digital-batch/pending-images/Audiolibros/psicologia/portadas/audiobook-515007baa9e819ef.webp,True,
audiobook-c66b08fc14cb351c,AUDIOBOOK,Lecciones de psicología cognitiva,"Fernández, Humberto",CREATE_NEW_WORK,190,PLG-BK-000253,PUBLISHED,Universidad Abierta Interamericana,es,33.99,,,SIMULATED/DEMO,5394,SIMULATED/DEMO,True,"[""Narrador DEMO PLIEGO (sin identidad bibliográfica)""]",https://elibro.puce.elogim.com/es/lc/puce/titulos/77154,AUTH_REQUIRED,covers/generated/digital-batch/editions/staging/Audiolibros/psicologia/staging.json,covers/generated/digital-batch/pending-images/Audiolibros/psicologia/portadas/audiobook-c66b08fc14cb351c.webp,True,
audiobook-688c3a28f1d3c7da,AUDIOBOOK,Principios de una psicoterapia de la psicosis,"Álvarez, José María",CREATE_NEW_WORK,191,PLG-BK-000180,PUBLISHED,Xoroi Edicions,es,34.99,,,SIMULATED/DEMO,6882,SIMULATED/DEMO,True,"[""Narrador DEMO PLIEGO (sin identidad bibliográfica)""]",https://elibro.puce.elogim.com/es/lc/puce/titulos/128573,AUTH_REQUIRED,covers/generated/digital-batch/editions/staging/Audiolibros/psicologia/staging.json,covers/generated/digital-batch/pending-images/Audiolibros/psicologia/portadas/audiobook-688c3a28f1d3c7da.webp,True,
audiobook-75d305b10d871ee4,AUDIOBOOK,Psicología de la música,"Schön, Daniele; Akiva-Kabiri, Lilach; Vecchi, Tomaso",CREATE_NEW_WORK,192,PLG-BK-000307,PUBLISHED,Alianza Editorial,es,13.99,,,SIMULATED/DEMO,916,SIMULATED/DEMO,True,"[""Narrador DEMO PLIEGO (sin identidad bibliográfica)""]",https://elibro.puce.elogim.com/es/lc/puce/titulos/216569,AUTH_REQUIRED,covers/generated/digital-batch/editions/staging/Audiolibros/psicologia/staging.json,covers/generated/digital-batch/pending-images/Audiolibros/psicologia/portadas/audiobook-75d305b10d871ee4.webp,True,
audiobook-392b2831c54b8b36,AUDIOBOOK,Psicología del crecimiento interior,"Ramírez Villafáñez, Amado",CREATE_NEW_WORK,193,PLG-BK-000248,PUBLISHED,Ediciones Díaz de Santos,es,15.99,,,SIMULATED/DEMO,6937,SIMULATED/DEMO,True,"[""Narrador DEMO PLIEGO (sin identidad bibliográfica)""]",https://elibro.puce.elogim.com/es/lc/puce/titulos/63002,AUTH_REQUIRED,covers/generated/digital-batch/editions/staging/Audiolibros/psicologia/staging.json,covers/generated/digital-batch/pending-images/Audiolibros/psicologia/portadas/audiobook-392b2831c54b8b36.webp,True,
audiobook-bc5d121d338cba2f,AUDIOBOOK,Psicología del delincuente,"Pollitz, Paul",CREATE_NEW_WORK,194,PLG-BK-000288,PUBLISHED,Ediciones Olejnik,es,22.99,,,SIMULATED/DEMO,1231,SIMULATED/DEMO,True,"[""Narrador DEMO PLIEGO (sin identidad bibliográfica)""]",https://elibro.puce.elogim.com/es/lc/puce/titulos/240116,AUTH_REQUIRED,covers/generated/digital-batch/editions/staging/Audiolibros/psicologia/staging.json,covers/generated/digital-batch/pending-images/Audiolibros/psicologia/portadas/audiobook-bc5d121d338cba2f.webp,True,
audiobook-2958ef439959c6b6,AUDIOBOOK,Psicología del Poder,"Población, Pablo",CREATE_NEW_WORK,195,PLG-BK-000139,PUBLISHED,"Ediciones Morata, S. L",es,11.99,,,SIMULATED/DEMO,1618,SIMULATED/DEMO,True,"[""Narrador DEMO PLIEGO (sin identidad bibliográfica)""]",https://elibro.puce.elogim.com/es/lc/puce/titulos/189415,AUTH_REQUIRED,covers/generated/digital-batch/editions/staging/Audiolibros/psicologia/staging.json,covers/generated/digital-batch/pending-images/Audiolibros/psicologia/portadas/audiobook-2958ef439959c6b6.webp,True,
audiobook-fc7e8871dd33f964,AUDIOBOOK,"Psicoterapia, asesoramiento y consejería (2a. ed.)",Lucio Balarezo Chiriboga,CREATE_NEW_WORK,196,PLG-BK-000306,PUBLISHED,Editorial de la Pontificia Universidad Católica del Ecuador,es,20.99,,,SIMULATED/DEMO,6267,SIMULATED/DEMO,True,"[""Narrador DEMO PLIEGO (sin identidad bibliográfica)""]",https://elibro.puce.elogim.com/es/lc/puce/titulos/80166,AUTH_REQUIRED,covers/generated/digital-batch/editions/staging/Audiolibros/psicologia/staging.json,covers/generated/digital-batch/pending-images/Audiolibros/psicologia/portadas/audiobook-fc7e8871dd33f964.webp,True,
audiobook-b3f705160d54dbfe,AUDIOBOOK,Temas de psicología práctica,"Sarráis Oteo, Fernando",CREATE_NEW_WORK,197,PLG-BK-000181,PUBLISHED,EUNSA,es,13.99,,,SIMULATED/DEMO,3036,SIMULATED/DEMO,True,"[""Narrador DEMO PLIEGO (sin identidad bibliográfica)""]",https://elibro.puce.elogim.com/es/lc/puce/titulos/47120,AUTH_REQUIRED,covers/generated/digital-batch/editions/staging/Audiolibros/psicologia/staging.json,covers/generated/digital-batch/pending-images/Audiolibros/psicologia/portadas/audiobook-b3f705160d54dbfe.webp,True,
audiobook-fcd4ee9a90e733d4,AUDIOBOOK,Teoría y técnica de la psicoterapia psicoanalítica,"González Núñez, José de Jesús; Rodríguez Cortés, María del Pilar",CREATE_NEW_WORK,198,PLG-BK-000301,PUBLISHED,"Plaza y Valdés, S.A. de C.V",es,25.99,,,SIMULATED/DEMO,2865,SIMULATED/DEMO,True,"[""Narrador DEMO PLIEGO (sin identidad bibliográfica)""]",https://elibro.puce.elogim.com/es/lc/puce/titulos/75485,AUTH_REQUIRED,covers/generated/digital-batch/editions/staging/Audiolibros/psicologia/staging.json,covers/generated/digital-batch/pending-images/Audiolibros/psicologia/portadas/audiobook-fcd4ee9a90e733d4.webp,True,
audiobook-5ffda6c39b6efed0,AUDIOBOOK,Cleopatra: una vida,"Schiff, Stacy",CREATE_NEW_WORK,148,PLG-BK-000109,PUBLISHED,Fondo de Cultura Económica,es,17.99,,,SIMULATED/DEMO,6108,SIMULATED/DEMO,True,"[""Narrador DEMO PLIEGO (sin identidad bibliográfica)""]",https://elibro.puce.elogim.com/es/lc/puce/titulos/247386,AUTH_REQUIRED,covers/generated/digital-batch/editions/staging/Audiolibros/historia/staging.json,covers/generated/digital-batch/pending-images/Audiolibros/historia/portadas/audiobook-5ffda6c39b6efed0.webp,True,
audiobook-c010fe1dc07ad8d9,AUDIOBOOK,Historia mínima de Brasil,"Fausto, Boris",CREATE_NEW_WORK,149,PLG-BK-000101,PUBLISHED,El Colegio de México,es,23.99,,,SIMULATED/DEMO,4346,SIMULATED/DEMO,True,"[""Narrador DEMO PLIEGO (sin identidad bibliográfica)""]",https://elibro.puce.elogim.com/es/lc/puce/titulos/226347,AUTH_REQUIRED,covers/generated/digital-batch/editions/staging/Audiolibros/historia/staging.json,covers/generated/digital-batch/pending-images/Audiolibros/historia/portadas/audiobook-c010fe1dc07ad8d9.webp,True,
audiobook-c5aaef0d8aa67d63,AUDIOBOOK,Historia mínima de Centroamérica,"Pastor, Rodolfo",CREATE_NEW_WORK,150,PLG-BK-000141,PUBLISHED,"El Colegio de México, Centro de Estudios Históricos",es,14.99,,,SIMULATED/DEMO,4804,SIMULATED/DEMO,True,"[""Narrador DEMO PLIEGO (sin identidad bibliográfica)""]",https://elibro.puce.elogim.com/es/lc/puce/titulos/193611,AUTH_REQUIRED,covers/generated/digital-batch/editions/staging/Audiolibros/historia/staging.json,covers/generated/digital-batch/pending-images/Audiolibros/historia/portadas/audiobook-c5aaef0d8aa67d63.webp,True,
audiobook-93b9e1556ed1909c,AUDIOBOOK,Historia mínima de Chile,"Sagredo Baeza, Rafael",CREATE_NEW_WORK,151,PLG-BK-000184,PUBLISHED,El Colegio de México : Turner,es,30.99,,,SIMULATED/DEMO,6748,SIMULATED/DEMO,True,"[""Narrador DEMO PLIEGO (sin identidad bibliográfica)""]",https://elibro.puce.elogim.com/es/lc/puce/titulos/193635,AUTH_REQUIRED,covers/generated/digital-batch/editions/staging/Audiolibros/historia/staging.json,covers/generated/digital-batch/pending-images/Audiolibros/historia/portadas/audiobook-93b9e1556ed1909c.webp,True,
audiobook-8353ef125b47830b,AUDIOBOOK,Historia mínima de Cuba,"Zanetti Lecuona, Oscar",CREATE_NEW_WORK,152,PLG-BK-000067,PUBLISHED,El Colegio de México,es,21.99,,,SIMULATED/DEMO,3109,SIMULATED/DEMO,True,"[""Narrador DEMO PLIEGO (sin identidad bibliográfica)""]",https://elibro.puce.elogim.com/es/lc/puce/titulos/193629,AUTH_REQUIRED,covers/generated/digital-batch/editions/staging/Audiolibros/historia/staging.json,covers/generated/digital-batch/pending-images/Audiolibros/historia/portadas/audiobook-8353ef125b47830b.webp,True,
audiobook-5ce7895763a94ba2,AUDIOBOOK,Historia mínima de Filipinas,"Machuca Chávez, Paulina",CREATE_NEW_WORK,153,PLG-BK-000059,PUBLISHED,El Colegio de México,es,31.99,,,SIMULATED/DEMO,2641,SIMULATED/DEMO,True,"[""Narrador DEMO PLIEGO (sin identidad bibliográfica)""]",https://elibro.puce.elogim.com/es/lc/puce/titulos/194884,AUTH_REQUIRED,covers/generated/digital-batch/editions/staging/Audiolibros/historia/staging.json,covers/generated/digital-batch/pending-images/Audiolibros/historia/portadas/audiobook-5ce7895763a94ba2.webp,True,
audiobook-3e4cdaec6f0f53ba,AUDIOBOOK,Historia mínima de Israel,"Sznajder, Mario",CREATE_NEW_WORK,154,PLG-BK-000075,PUBLISHED,El Colegio de México,es,22.99,,,SIMULATED/DEMO,3041,SIMULATED/DEMO,True,"[""Narrador DEMO PLIEGO (sin identidad bibliográfica)""]",https://elibro.puce.elogim.com/es/lc/puce/titulos/214100,AUTH_REQUIRED,covers/generated/digital-batch/editions/staging/Audiolibros/historia/staging.json,covers/generated/digital-batch/pending-images/Audiolibros/historia/portadas/audiobook-3e4cdaec6f0f53ba.webp,True,
audiobook-4fe7602af2ff65e0,AUDIOBOOK,Historia mínima de la deuda externa de Latinoamérica,"Marichal Salinas, Carlos",CREATE_NEW_WORK,155,PLG-BK-000282,PUBLISHED,El Colegio de México,es,8.99,,,SIMULATED/DEMO,3014,SIMULATED/DEMO,True,"[""Narrador DEMO PLIEGO (sin identidad bibliográfica)""]",https://elibro.puce.elogim.com/es/lc/puce/titulos/193604,AUTH_REQUIRED,covers/generated/digital-batch/editions/staging/Audiolibros/historia/staging.json,covers/generated/digital-batch/pending-images/Audiolibros/historia/portadas/audiobook-4fe7602af2ff65e0.webp,True,
audiobook-c43379ed1e172b68,AUDIOBOOK,Historia mínima de la eugenesia en América Latina,"Reggiani, Andrés Horacio",CREATE_NEW_WORK,156,PLG-BK-000066,PUBLISHED,El Colegio de México,es,10.99,,,SIMULATED/DEMO,1347,SIMULATED/DEMO,True,"[""Narrador DEMO PLIEGO (sin identidad bibliográfica)""]",https://elibro.puce.elogim.com/es/lc/puce/titulos/194927,AUTH_REQUIRED,covers/generated/digital-batch/editions/staging/Audiolibros/historia/staging.json,covers/generated/digital-batch/pending-images/Audiolibros/historia/portadas/audiobook-c43379ed1e172b68.webp,True,
audiobook-8a8026589089416b,AUDIOBOOK,Historia mínima de la globalización temprana,"Hausberger, Bernd",CREATE_NEW_WORK,157,PLG-BK-000192,PUBLISHED,"El Colegio de México, Centro de Estudios Históricos",es,26.99,,,SIMULATED/DEMO,5157,SIMULATED/DEMO,True,"[""Narrador DEMO PLIEGO (sin identidad bibliográfica)""]",https://elibro.puce.elogim.com/es/lc/puce/titulos/194996,AUTH_REQUIRED,covers/generated/digital-batch/editions/staging/Audiolibros/historia/staging.json,covers/generated/digital-batch/pending-images/Audiolibros/historia/portadas/audiobook-8a8026589089416b.webp,True,
audiobook-176d5792f8d5303e,AUDIOBOOK,Historia mínima de la Inquisición,"Torres Puga, Gabriel",CREATE_NEW_WORK,158,PLG-BK-000097,PUBLISHED,El Colegio de México,es,15.99,,,SIMULATED/DEMO,2927,SIMULATED/DEMO,True,"[""Narrador DEMO PLIEGO (sin identidad bibliográfica)""]",https://elibro.puce.elogim.com/es/lc/puce/titulos/194928,AUTH_REQUIRED,covers/generated/digital-batch/editions/staging/Audiolibros/historia/staging.json,covers/generated/digital-batch/pending-images/Audiolibros/historia/portadas/audiobook-176d5792f8d5303e.webp,True,
audiobook-f3621ba9427d736d,AUDIOBOOK,Historia mínima de la Revolución cubana,"Rojas, Rafael",CREATE_NEW_WORK,159,PLG-BK-000291,PUBLISHED,El Colegio de México,es,7.99,,,SIMULATED/DEMO,1261,SIMULATED/DEMO,True,"[""Narrador DEMO PLIEGO (sin identidad bibliográfica)""]",https://elibro.puce.elogim.com/es/lc/puce/titulos/193640,AUTH_REQUIRED,covers/generated/digital-batch/editions/staging/Audiolibros/historia/staging.json,covers/generated/digital-batch/pending-images/Audiolibros/historia/portadas/audiobook-f3621ba9427d736d.webp,True,
audiobook-2882f30b93bec4e1,AUDIOBOOK,Historia mínima de la transición democrática en México,"Woldenberg, José",CREATE_NEW_WORK,160,PLG-BK-000263,PUBLISHED,El Colegio de México,es,34.99,,,SIMULATED/DEMO,4403,SIMULATED/DEMO,True,"[""Narrador DEMO PLIEGO (sin identidad bibliográfica)""]",https://elibro.puce.elogim.com/es/lc/puce/titulos/193613,AUTH_REQUIRED,covers/generated/digital-batch/editions/staging/Audiolibros/historia/staging.json,covers/generated/digital-batch/pending-images/Audiolibros/historia/portadas/audiobook-2882f30b93bec4e1.webp,True,
audiobook-8bfa074835747bda,AUDIOBOOK,Historia mínima de las constituciones en México,"Serrano Migallón, Fernando",CREATE_NEW_WORK,161,PLG-BK-000166,PUBLISHED,El Colegio de México,es,10.99,,,SIMULATED/DEMO,3772,SIMULATED/DEMO,True,"[""Narrador DEMO PLIEGO (sin identidad bibliográfica)""]",https://elibro.puce.elogim.com/es/lc/puce/titulos/193644,AUTH_REQUIRED,covers/generated/digital-batch/editions/staging/Audiolibros/historia/staging.json,covers/generated/digital-batch/pending-images/Audiolibros/historia/portadas/audiobook-8bfa074835747bda.webp,True,
audiobook-68e899b54c542016,AUDIOBOOK,Historia mínima de las izquierdas en México,"Rodríguez Kuri, Ariel",CREATE_NEW_WORK,162,PLG-BK-000285,PUBLISHED,"El Colegio de México, Centro de Estudios Históricos",es,11.99,,,SIMULATED/DEMO,1899,SIMULATED/DEMO,True,"[""Narrador DEMO PLIEGO (sin identidad bibliográfica)""]",https://elibro.puce.elogim.com/es/lc/puce/titulos/194932,AUTH_REQUIRED,covers/generated/digital-batch/editions/staging/Audiolibros/historia/staging.json,covers/generated/digital-batch/pending-images/Audiolibros/historia/portadas/audiobook-68e899b54c542016.webp,True,
audiobook-cf1f2cbe3ef1e9db,AUDIOBOOK,Historia mínima de los judíos en la antigüedad,"Roitman, Adolfo D.",CREATE_NEW_WORK,163,PLG-BK-000113,PUBLISHED,El Colegio de México,es,32.99,,,SIMULATED/DEMO,5531,SIMULATED/DEMO,True,"[""Narrador DEMO PLIEGO (sin identidad bibliográfica)""]",https://elibro.puce.elogim.com/es/lc/puce/titulos/194893,AUTH_REQUIRED,covers/generated/digital-batch/editions/staging/Audiolibros/historia/staging.json,covers/generated/digital-batch/pending-images/Audiolibros/historia/portadas/audiobook-cf1f2cbe3ef1e9db.webp,True,
audiobook-659960efe616ad92,AUDIOBOOK,Historia mínima de Perú,"Contreras, Carlos; Zuloaga, Marina",CREATE_NEW_WORK,164,PLG-BK-000187,PUBLISHED,El Colegio de México : Turner,es,19.99,,,SIMULATED/DEMO,6773,SIMULATED/DEMO,True,"[""Narrador DEMO PLIEGO (sin identidad bibliográfica)""]",https://elibro.puce.elogim.com/es/lc/puce/titulos/193634,AUTH_REQUIRED,covers/generated/digital-batch/editions/staging/Audiolibros/historia/staging.json,covers/generated/digital-batch/pending-images/Audiolibros/historia/portadas/audiobook-659960efe616ad92.webp,True,
audiobook-3df916b31d9a1795,AUDIOBOOK,Historia mínima de Rusia,"Matos Franco, Rainer María",CREATE_NEW_WORK,165,PLG-BK-000120,PUBLISHED,El Colegio de México,es,28.99,,,SIMULATED/DEMO,6677,SIMULATED/DEMO,True,"[""Narrador DEMO PLIEGO (sin identidad bibliográfica)""]",https://elibro.puce.elogim.com/es/lc/puce/titulos/214112,AUTH_REQUIRED,covers/generated/digital-batch/editions/staging/Audiolibros/historia/staging.json,covers/generated/digital-batch/pending-images/Audiolibros/historia/portadas/audiobook-3df916b31d9a1795.webp,True,
audiobook-b86df2c25680b773,AUDIOBOOK,Historia mínima de Uruguay,"Caetano, Gerardo",CREATE_NEW_WORK,166,PLG-BK-000188,PUBLISHED,El Colegio de México,es,21.99,,,SIMULATED/DEMO,1094,SIMULATED/DEMO,True,"[""Narrador DEMO PLIEGO (sin identidad bibliográfica)""]",https://elibro.puce.elogim.com/es/lc/puce/titulos/194885,AUTH_REQUIRED,covers/generated/digital-batch/editions/staging/Audiolibros/historia/staging.json,covers/generated/digital-batch/pending-images/Audiolibros/historia/portadas/audiobook-b86df2c25680b773.webp,True,
audiobook-7411ad44a2e96d63,AUDIOBOOK,Historia mínima del PRI,"Hernández Rodríguez, Rogelio",CREATE_NEW_WORK,167,PLG-BK-000084,PUBLISHED,El Colegio de México,es,16.99,,,SIMULATED/DEMO,1954,SIMULATED/DEMO,True,"[""Narrador DEMO PLIEGO (sin identidad bibliográfica)""]",https://elibro.puce.elogim.com/es/lc/puce/titulos/194981,AUTH_REQUIRED,covers/generated/digital-batch/editions/staging/Audiolibros/historia/staging.json,covers/generated/digital-batch/pending-images/Audiolibros/historia/portadas/audiobook-7411ad44a2e96d63.webp,True,
audiobook-0387aad921ca05d3,AUDIOBOOK,Historia mínima del Tequila,"Muria, José M.",CREATE_NEW_WORK,168,PLG-BK-000294,PUBLISHED,El Colegio de México,es,29.99,,,SIMULATED/DEMO,6053,SIMULATED/DEMO,True,"[""Narrador DEMO PLIEGO (sin identidad bibliográfica)""]",https://elibro.puce.elogim.com/es/lc/puce/titulos/287524,AUTH_REQUIRED,covers/generated/digital-batch/editions/staging/Audiolibros/historia/staging.json,covers/generated/digital-batch/pending-images/Audiolibros/historia/portadas/audiobook-0387aad921ca05d3.webp,True,
audiobook-d29c2b72f2da902e,AUDIOBOOK,Los hombres del faraón: el ejército a finales del Reino Nuevo en el Antiguo Egipto,"Alonso García, José",CREATE_NEW_WORK,169,PLG-BK-000161,PUBLISHED,Universidad de Deusto,es,13.99,,,SIMULATED/DEMO,6392,SIMULATED/DEMO,True,"[""Narrador DEMO PLIEGO (sin identidad bibliográfica)""]",https://elibro.puce.elogim.com/es/lc/puce/titulos/34085,AUTH_REQUIRED,covers/generated/digital-batch/editions/staging/Audiolibros/historia/staging.json,covers/generated/digital-batch/pending-images/Audiolibros/historia/portadas/audiobook-d29c2b72f2da902e.webp,True,
audiobook-be5cb4237d0c750c,AUDIOBOOK,"Pirámides, templos y estrellas: astronomía y arqueología en el Egipto antiguo","Belmonte Avilés, Juan Antonio",CREATE_NEW_WORK,170,PLG-BK-000108,PUBLISHED,Crítica,es,27.99,,,SIMULATED/DEMO,1516,SIMULATED/DEMO,True,"[""Narrador DEMO PLIEGO (sin identidad bibliográfica)""]",https://elibro.puce.elogim.com/es/lc/puce/titulos/293627,AUTH_REQUIRED,covers/generated/digital-batch/editions/staging/Audiolibros/historia/staging.json,covers/generated/digital-batch/pending-images/Audiolibros/historia/portadas/audiobook-be5cb4237d0c750c.webp,True,
audiobook-3d0d136ef42177f4,AUDIOBOOK,Antropología de la religión,"Duch, Lluís",CREATE_NEW_WORK,140,PLG-BK-000177,PUBLISHED,Herder Editorial,es,29.99,,,SIMULATED/DEMO,4556,SIMULATED/DEMO,True,"[""Narrador DEMO PLIEGO (sin identidad bibliográfica)""]",https://elibro.puce.elogim.com/es/lc/puce/titulos/45819,AUTH_REQUIRED,covers/generated/digital-batch/editions/staging/Audiolibros/ciencias-sociales/staging.json,covers/generated/digital-batch/pending-images/Audiolibros/ciencias-sociales/portadas/audiobook-3d0d136ef42177f4.webp,True,
audiobook-73771c507c8407af,AUDIOBOOK,Antropología de la sexualidad (2a. ed.),"Choza, Jacinto",CREATE_NEW_WORK,141,PLG-BK-000312,PUBLISHED,Editorial Thémata,es,28.99,,,SIMULATED/DEMO,2349,SIMULATED/DEMO,True,"[""Narrador DEMO PLIEGO (sin identidad bibliográfica)""]",https://elibro.puce.elogim.com/es/lc/puce/titulos/59981,AUTH_REQUIRED,covers/generated/digital-batch/editions/staging/Audiolibros/ciencias-sociales/staging.json,covers/generated/digital-batch/pending-images/Audiolibros/ciencias-sociales/portadas/audiobook-73771c507c8407af.webp,True,
audiobook-7f4d556e0ebc44b3,AUDIOBOOK,"Cultura, antropología y otras tonterías",Ángel Díaz de Rada,CREATE_NEW_WORK,142,PLG-BK-000224,PUBLISHED,Trotta,es,22.99,,,SIMULATED/DEMO,5624,SIMULATED/DEMO,True,"[""Narrador DEMO PLIEGO (sin identidad bibliográfica)""]",https://elibro.puce.elogim.com/es/lc/puce/titulos/61258,AUTH_REQUIRED,covers/generated/digital-batch/editions/staging/Audiolibros/ciencias-sociales/staging.json,covers/generated/digital-batch/pending-images/Audiolibros/ciencias-sociales/portadas/audiobook-7f4d556e0ebc44b3.webp,True,
audiobook-f14fc023b95afe6b,AUDIOBOOK,Diccionario básico de antropología,"Campo A., A. Lorena",CREATE_NEW_WORK,143,PLG-BK-000058,PUBLISHED,Ediciones Abya-Yala,es,28.99,,,SIMULATED/DEMO,2278,SIMULATED/DEMO,True,"[""Narrador DEMO PLIEGO (sin identidad bibliográfica)""]",https://elibro.puce.elogim.com/es/lc/puce/titulos/79954,AUTH_REQUIRED,covers/generated/digital-batch/editions/staging/Audiolibros/ciencias-sociales/staging.json,covers/generated/digital-batch/pending-images/Audiolibros/ciencias-sociales/portadas/audiobook-f14fc023b95afe6b.webp,True,
audiobook-066ff6da2eef4a7c,AUDIOBOOK,Manual de Sociología de la Familia,"Donati, Pierpaolo",CREATE_NEW_WORK,144,PLG-BK-000190,PUBLISHED,"EUNSA, Ediciones Universidad de Navarra",es,7.99,,,SIMULATED/DEMO,2737,SIMULATED/DEMO,True,"[""Narrador DEMO PLIEGO (sin identidad bibliográfica)""]",https://elibro.puce.elogim.com/es/lc/puce/titulos/47451,AUTH_REQUIRED,covers/generated/digital-batch/editions/staging/Audiolibros/ciencias-sociales/staging.json,covers/generated/digital-batch/pending-images/Audiolibros/ciencias-sociales/portadas/audiobook-066ff6da2eef4a7c.webp,True,
audiobook-37860ea43ea9c32a,AUDIOBOOK,Paisajes de antropología urbana,"Cátedra, María",CREATE_NEW_WORK,145,PLG-BK-000314,PUBLISHED,Genueve Ediciones,es,23.99,,,SIMULATED/DEMO,2170,SIMULATED/DEMO,True,"[""Narrador DEMO PLIEGO (sin identidad bibliográfica)""]",https://elibro.puce.elogim.com/es/lc/puce/titulos/59734,AUTH_REQUIRED,covers/generated/digital-batch/editions/staging/Audiolibros/ciencias-sociales/staging.json,covers/generated/digital-batch/pending-images/Audiolibros/ciencias-sociales/portadas/audiobook-37860ea43ea9c32a.webp,True,
audiobook-da60551f03495d38,AUDIOBOOK,Sociología criminal,"Ferri, Enrico",CREATE_NEW_WORK,146,PLG-BK-000135,PUBLISHED,Ediciones Olejnik,es,25.99,,,SIMULATED/DEMO,1206,SIMULATED/DEMO,True,"[""Narrador DEMO PLIEGO (sin identidad bibliográfica)""]",https://elibro.puce.elogim.com/es/lc/puce/titulos/251021,AUTH_REQUIRED,covers/generated/digital-batch/editions/staging/Audiolibros/ciencias-sociales/staging.json,covers/generated/digital-batch/pending-images/Audiolibros/ciencias-sociales/portadas/audiobook-da60551f03495d38.webp,True,
audiobook-6e184162cc357663,AUDIOBOOK,Sociología del Renacimiento,"Martín, Alfred von",CREATE_NEW_WORK,147,PLG-BK-000266,PUBLISHED,Fondo de Cultura Económica,es,21.99,,,SIMULATED/DEMO,3725,SIMULATED/DEMO,True,"[""Narrador DEMO PLIEGO (sin identidad bibliográfica)""]",https://elibro.puce.elogim.com/es/lc/puce/titulos/110396,AUTH_REQUIRED,covers/generated/digital-batch/editions/staging/Audiolibros/ciencias-sociales/staging.json,covers/generated/digital-batch/pending-images/Audiolibros/ciencias-sociales/portadas/audiobook-6e184162cc357663.webp,True,
audiobook-e8a8d5d56c6bbdae,AUDIOBOOK,Apuntes de ecología microbiana,"Gutiérrez Castrejón, Teodoro",CREATE_NEW_WORK,130,PLG-BK-000143,PUBLISHED,Instituto Politécnico Nacional,es,29.99,,,SIMULATED/DEMO,1785,SIMULATED/DEMO,True,"[""Narrador DEMO PLIEGO (sin identidad bibliográfica)""]",https://elibro.puce.elogim.com/es/lc/puce/titulos/72775,AUTH_REQUIRED,covers/generated/digital-batch/editions/staging/Audiolibros/ciencias/staging.json,covers/generated/digital-batch/pending-images/Audiolibros/ciencias/portadas/audiobook-e8a8d5d56c6bbdae.webp,True,
audiobook-2a754808d8c97445,AUDIOBOOK,Astronomía: de la tierra al cosmos,"Zandanel, Armando Eugenio",CREATE_NEW_WORK,131,PLG-BK-000080,PUBLISHED,Editorial Maipue,es,30.99,,,SIMULATED/DEMO,2039,SIMULATED/DEMO,True,"[""Narrador DEMO PLIEGO (sin identidad bibliográfica)""]",https://elibro.puce.elogim.com/es/lc/puce/titulos/112787,AUTH_REQUIRED,covers/generated/digital-batch/editions/staging/Audiolibros/ciencias/staging.json,covers/generated/digital-batch/pending-images/Audiolibros/ciencias/portadas/audiobook-2a754808d8c97445.webp,True,
audiobook-f8ceb3a2ee2a1163,AUDIOBOOK,Botánica aplicada,"Molina Abril, José Antonio",CREATE_NEW_WORK,132,PLG-BK-000231,PUBLISHED,Dextra Editorial,es,18.99,,,SIMULATED/DEMO,4269,SIMULATED/DEMO,True,"[""Narrador DEMO PLIEGO (sin identidad bibliográfica)""]",https://elibro.puce.elogim.com/es/lc/puce/titulos/131465,AUTH_REQUIRED,covers/generated/digital-batch/editions/staging/Audiolibros/ciencias/staging.json,covers/generated/digital-batch/pending-images/Audiolibros/ciencias/portadas/audiobook-f8ceb3a2ee2a1163.webp,True,
audiobook-ea66d96a5be19bc6,AUDIOBOOK,Colapso: cuando el clima lo cambia todo,"Baquedano, Manuel",CREATE_NEW_WORK,133,PLG-BK-000158,PUBLISHED,Editorial Cuarto Propio,es,27.99,,,SIMULATED/DEMO,2791,SIMULATED/DEMO,True,"[""Narrador DEMO PLIEGO (sin identidad bibliográfica)""]",https://elibro.puce.elogim.com/es/lc/puce/titulos/190898,AUTH_REQUIRED,covers/generated/digital-batch/editions/staging/Audiolibros/ciencias/staging.json,covers/generated/digital-batch/pending-images/Audiolibros/ciencias/portadas/audiobook-ea66d96a5be19bc6.webp,True,
audiobook-b734e320648e8926,AUDIOBOOK,Ecología del Paisaje,"Farina, Almo",CREATE_NEW_WORK,134,PLG-BK-000310,PUBLISHED,Universidad de Alicante,es,9.99,,,SIMULATED/DEMO,2601,SIMULATED/DEMO,True,"[""Narrador DEMO PLIEGO (sin identidad bibliográfica)""]",https://elibro.puce.elogim.com/es/lc/puce/titulos/60609,AUTH_REQUIRED,covers/generated/digital-batch/editions/staging/Audiolibros/ciencias/staging.json,covers/generated/digital-batch/pending-images/Audiolibros/ciencias/portadas/audiobook-b734e320648e8926.webp,True,
audiobook-9ce9ae3a37f15e8d,AUDIOBOOK,Glosario botánico ilustrado,"Esteras Pérez, Francisco Javier; Sanchis Duato, Enrique",CREATE_NEW_WORK,135,PLG-BK-000153,PUBLISHED,Universitat Politècnica de València,es,10.99,,,SIMULATED/DEMO,6833,SIMULATED/DEMO,True,"[""Narrador DEMO PLIEGO (sin identidad bibliográfica)""]",https://elibro.puce.elogim.com/es/lc/puce/titulos/219257,AUTH_REQUIRED,covers/generated/digital-batch/editions/staging/Audiolibros/ciencias/staging.json,covers/generated/digital-batch/pending-images/Audiolibros/ciencias/portadas/audiobook-9ce9ae3a37f15e8d.webp,True,
audiobook-b57cdac6c1c6043b,AUDIOBOOK,Introducción a la geología (2a. ed.),"Iriondo, Martín Horacio",CREATE_NEW_WORK,136,PLG-BK-000151,PUBLISHED,Editorial Brujas,es,15.99,,,SIMULATED/DEMO,2849,SIMULATED/DEMO,True,"[""Narrador DEMO PLIEGO (sin identidad bibliográfica)""]",https://elibro.puce.elogim.com/es/lc/puce/titulos/78025,AUTH_REQUIRED,covers/generated/digital-batch/editions/staging/Audiolibros/ciencias/staging.json,covers/generated/digital-batch/pending-images/Audiolibros/ciencias/portadas/audiobook-b57cdac6c1c6043b.webp,True,
audiobook-f4e93bafe1053b4c,AUDIOBOOK,La astronomía es fácil,"Lopesino, Jordi",CREATE_NEW_WORK,137,PLG-BK-000292,PUBLISHED,Marcombo,es,10.99,,,SIMULATED/DEMO,4396,SIMULATED/DEMO,True,"[""Narrador DEMO PLIEGO (sin identidad bibliográfica)""]",https://elibro.puce.elogim.com/es/lc/puce/titulos/281683,AUTH_REQUIRED,covers/generated/digital-batch/editions/staging/Audiolibros/ciencias/staging.json,covers/generated/digital-batch/pending-images/Audiolibros/ciencias/portadas/audiobook-f4e93bafe1053b4c.webp,True,
audiobook-09f707889516a345,AUDIOBOOK,Magnetismo en Geología y la prospección magnética terrestre,"Lasfargues, Pierre",CREATE_NEW_WORK,138,PLG-BK-000146,PUBLISHED,Instituto Politécnico Nacional,es,19.99,,,SIMULATED/DEMO,6792,SIMULATED/DEMO,True,"[""Narrador DEMO PLIEGO (sin identidad bibliográfica)""]",https://elibro.puce.elogim.com/es/lc/puce/titulos/72209,AUTH_REQUIRED,covers/generated/digital-batch/editions/staging/Audiolibros/ciencias/staging.json,covers/generated/digital-batch/pending-images/Audiolibros/ciencias/portadas/audiobook-09f707889516a345.webp,True,
audiobook-6a94e01622f5eda9,AUDIOBOOK,Manual de zoología,"Muñoz del Viejo, Antonio; Pérez Bote, José Luis; Rubio, Eduardo da Silva",CREATE_NEW_WORK,139,PLG-BK-000230,PUBLISHED,"Universidad de Extremadura, Servicio de Publicaciones",es,19.99,,,SIMULATED/DEMO,4975,SIMULATED/DEMO,True,"[""Narrador DEMO PLIEGO (sin identidad bibliográfica)""]",https://elibro.puce.elogim.com/es/lc/puce/titulos/289642,AUTH_REQUIRED,covers/generated/digital-batch/editions/staging/Audiolibros/ciencias/staging.json,covers/generated/digital-batch/pending-images/Audiolibros/ciencias/portadas/audiobook-6a94e01622f5eda9.webp,True,
audiobook-815903ceb1052d80,AUDIOBOOK,Arduino práctico. Edición 2022,"Lozano Equisoain, Daniel",CREATE_NEW_WORK,199,PLG-BK-000186,PUBLISHED,Anaya Multimedia,es,25.99,,,SIMULATED/DEMO,1957,SIMULATED/DEMO,True,"[""Narrador DEMO PLIEGO (sin identidad bibliográfica)""]",https://elibro.puce.elogim.com/es/lc/puce/titulos/300709,AUTH_REQUIRED,covers/generated/digital-batch/editions/staging/Audiolibros/tecnologia-e-informatica/staging.json,covers/generated/digital-batch/pending-images/Audiolibros/tecnologia-e-informatica/portadas/audiobook-815903ceb1052d80.webp,True,
audiobook-00ba28dbbd8adb65,AUDIOBOOK,Bases de datos avanzadas,"Aramburu Cabo, María José; Sanz Blasco, Ismael",CREATE_NEW_WORK,200,PLG-BK-000273,PUBLISHED,Universitat Jaume I. Servei de Comunicació i Publicacions,es,26.99,,,SIMULATED/DEMO,5814,SIMULATED/DEMO,True,"[""Narrador DEMO PLIEGO (sin identidad bibliográfica)""]",https://elibro.puce.elogim.com/es/lc/puce/titulos/51741,AUTH_REQUIRED,covers/generated/digital-batch/editions/staging/Audiolibros/tecnologia-e-informatica/staging.json,covers/generated/digital-batch/pending-images/Audiolibros/tecnologia-e-informatica/portadas/audiobook-00ba28dbbd8adb65.webp,True,
audiobook-3a1c22b02c0a373c,AUDIOBOOK,El manual de Arduino,"Aliverti, Paolo",CREATE_NEW_WORK,201,PLG-BK-000127,PUBLISHED,Marcombo,es,15.99,,,SIMULATED/DEMO,4635,SIMULATED/DEMO,True,"[""Narrador DEMO PLIEGO (sin identidad bibliográfica)""]",https://elibro.puce.elogim.com/es/lc/puce/titulos/280056,AUTH_REQUIRED,covers/generated/digital-batch/editions/staging/Audiolibros/tecnologia-e-informatica/staging.json,covers/generated/digital-batch/pending-images/Audiolibros/tecnologia-e-informatica/portadas/audiobook-3a1c22b02c0a373c.webp,True,
audiobook-42b57ca3d9730e7e,AUDIOBOOK,Iniciación a JavaScript,Jorge Mohedano,CREATE_NEW_WORK,202,PLG-BK-000251,PUBLISHED,Ministerio de Educación de España,es,19.99,,,SIMULATED/DEMO,3045,SIMULATED/DEMO,True,"[""Narrador DEMO PLIEGO (sin identidad bibliográfica)""]",https://elibro.puce.elogim.com/es/lc/puce/titulos/49349,AUTH_REQUIRED,covers/generated/digital-batch/editions/staging/Audiolibros/tecnologia-e-informatica/staging.json,covers/generated/digital-batch/pending-images/Audiolibros/tecnologia-e-informatica/portadas/audiobook-42b57ca3d9730e7e.webp,True,
audiobook-28ed8585d496008a,AUDIOBOOK,Inteligencia artificial,"López de Mántaras Badia, Ramón; Meseguer González, Pedro",CREATE_NEW_WORK,203,PLG-BK-000234,PUBLISHED,CSIC : Los Libros de la Catarata,es,19.99,,,SIMULATED/DEMO,6832,SIMULATED/DEMO,True,"[""Narrador DEMO PLIEGO (sin identidad bibliográfica)""]",https://elibro.puce.elogim.com/es/lc/puce/titulos/233793,AUTH_REQUIRED,covers/generated/digital-batch/editions/staging/Audiolibros/tecnologia-e-informatica/staging.json,covers/generated/digital-batch/pending-images/Audiolibros/tecnologia-e-informatica/portadas/audiobook-28ed8585d496008a.webp,True,
audiobook-b031fc1cca8cb329,AUDIOBOOK,Linux para usuarios,Francisco Torres Escobar,CREATE_NEW_WORK,204,PLG-BK-000305,PUBLISHED,"Ministerio de Educación, Cultura y Deporte",es,12.99,,,SIMULATED/DEMO,6435,SIMULATED/DEMO,True,"[""Narrador DEMO PLIEGO (sin identidad bibliográfica)""]",https://elibro.puce.elogim.com/es/lc/puce/titulos/49377,AUTH_REQUIRED,covers/generated/digital-batch/editions/staging/Audiolibros/tecnologia-e-informatica/staging.json,covers/generated/digital-batch/pending-images/Audiolibros/tecnologia-e-informatica/portadas/audiobook-b031fc1cca8cb329.webp,True,
audiobook-eae0b77aee05260e,AUDIOBOOK,Programación web en java,José Miguel Ordax Cassá,CREATE_NEW_WORK,205,PLG-BK-000207,PUBLISHED,Ministerio de Educación de España,es,28.99,,,SIMULATED/DEMO,4672,SIMULATED/DEMO,True,"[""Narrador DEMO PLIEGO (sin identidad bibliográfica)""]",https://elibro.puce.elogim.com/es/lc/puce/titulos/49347,AUTH_REQUIRED,covers/generated/digital-batch/editions/staging/Audiolibros/tecnologia-e-informatica/staging.json,covers/generated/digital-batch/pending-images/Audiolibros/tecnologia-e-informatica/portadas/audiobook-eae0b77aee05260e.webp,True,
audiobook-88143ffe0f91701c,AUDIOBOOK,Redes locales,"Molina Robles, Francisco José",CREATE_NEW_WORK,206,PLG-BK-000162,PUBLISHED,RA-MA Editorial,es,34.99,,,SIMULATED/DEMO,3264,SIMULATED/DEMO,True,"[""Narrador DEMO PLIEGO (sin identidad bibliográfica)""]",https://elibro.puce.elogim.com/es/lc/puce/titulos/62450,AUTH_REQUIRED,covers/generated/digital-batch/editions/staging/Audiolibros/tecnologia-e-informatica/staging.json,covers/generated/digital-batch/pending-images/Audiolibros/tecnologia-e-informatica/portadas/audiobook-88143ffe0f91701c.webp,True,
audiobook-6d5627bd599950a8,AUDIOBOOK,Revolución artificial: aplicaciones basadas en inteligencia artificial,Entenova Gnosis,CREATE_NEW_WORK,207,PLG-BK-000311,PUBLISHED,Orbe Formación,es,17.99,,,SIMULATED/DEMO,6218,SIMULATED/DEMO,True,"[""Narrador DEMO PLIEGO (sin identidad bibliográfica)""]",https://elibro.puce.elogim.com/es/lc/puce/titulos/298017,AUTH_REQUIRED,covers/generated/digital-batch/editions/staging/Audiolibros/tecnologia-e-informatica/staging.json,covers/generated/digital-batch/pending-images/Audiolibros/tecnologia-e-informatica/portadas/audiobook-6d5627bd599950a8.webp,True,
audiobook-2e70a2bb71e8dfd5,AUDIOBOOK,Cálculo avanzado: introducción,"Caicedo Contreras, José Francisco",CREATE_NEW_WORK,119,PLG-BK-000236,PUBLISHED,Universidad Nacional de Colombia. Facultad de Ciencias,es,19.99,,,SIMULATED/DEMO,4494,SIMULATED/DEMO,True,"[""Narrador DEMO PLIEGO (sin identidad bibliográfica)""]",https://elibro.puce.elogim.com/es/lc/puce/titulos/127754,AUTH_REQUIRED,covers/generated/digital-batch/editions/staging/Audiolibros/Matematicas/staging.json,covers/generated/digital-batch/pending-images/Audiolibros/Matematicas/portadas/audiobook-2e70a2bb71e8dfd5.webp,True,
audiobook-6193d7218a6f349d,AUDIOBOOK,Estadística aplicada básica (2a. ed.),"Moore, David S.",CREATE_NEW_WORK,120,PLG-BK-000281,PUBLISHED,Antoni Bosch editor,es,29.99,,,SIMULATED/DEMO,3834,SIMULATED/DEMO,True,"[""Narrador DEMO PLIEGO (sin identidad bibliográfica)""]",https://elibro.puce.elogim.com/es/lc/puce/titulos/60046,AUTH_REQUIRED,covers/generated/digital-batch/editions/staging/Audiolibros/Matematicas/staging.json,covers/generated/digital-batch/pending-images/Audiolibros/Matematicas/portadas/audiobook-6193d7218a6f349d.webp,True,
audiobook-84c02787a4bc623d,AUDIOBOOK,Estadística Inferencial,"Llinás Solano, Humberto",CREATE_NEW_WORK,121,PLG-BK-000189,PUBLISHED,Universidad del Norte,es,15.99,,,SIMULATED/DEMO,1023,SIMULATED/DEMO,True,"[""Narrador DEMO PLIEGO (sin identidad bibliográfica)""]",https://elibro.puce.elogim.com/es/lc/puce/titulos/70060,AUTH_REQUIRED,covers/generated/digital-batch/editions/staging/Audiolibros/Matematicas/staging.json,covers/generated/digital-batch/pending-images/Audiolibros/Matematicas/portadas/audiobook-84c02787a4bc623d.webp,True,
audiobook-3fdc91d85e14cdbc,AUDIOBOOK,Estadística y muestreo (14a. ed.),"Martínez Bencardino, Ciro",CREATE_NEW_WORK,122,PLG-BK-000232,PUBLISHED,Ecoe Ediciones,es,33.99,,,SIMULATED/DEMO,1536,SIMULATED/DEMO,True,"[""Narrador DEMO PLIEGO (sin identidad bibliográfica)""]",https://elibro.puce.elogim.com/es/lc/puce/titulos/125946,AUTH_REQUIRED,covers/generated/digital-batch/editions/staging/Audiolibros/Matematicas/staging.json,covers/generated/digital-batch/pending-images/Audiolibros/Matematicas/portadas/audiobook-3fdc91d85e14cdbc.webp,True,
audiobook-d5e1e8df5d591fa7,AUDIOBOOK,Fundamentos de estadística,"Peña, Daniel",CREATE_NEW_WORK,123,PLG-BK-000275,PUBLISHED,Alianza Editorial,es,26.99,,,SIMULATED/DEMO,3540,SIMULATED/DEMO,True,"[""Narrador DEMO PLIEGO (sin identidad bibliográfica)""]",https://elibro.puce.elogim.com/es/lc/puce/titulos/45429,AUTH_REQUIRED,covers/generated/digital-batch/editions/staging/Audiolibros/Matematicas/staging.json,covers/generated/digital-batch/pending-images/Audiolibros/Matematicas/portadas/audiobook-d5e1e8df5d591fa7.webp,True,
audiobook-41593a3c01bb3bb5,AUDIOBOOK,Geometría elemental,"Pogorélov, A. V.",CREATE_NEW_WORK,124,PLG-BK-000098,PUBLISHED,Instituto Politécnico Nacional,es,22.99,,,SIMULATED/DEMO,3108,SIMULATED/DEMO,True,"[""Narrador DEMO PLIEGO (sin identidad bibliográfica)""]",https://elibro.puce.elogim.com/es/lc/puce/titulos/104762,AUTH_REQUIRED,covers/generated/digital-batch/editions/staging/Audiolibros/Matematicas/staging.json,covers/generated/digital-batch/pending-images/Audiolibros/Matematicas/portadas/audiobook-41593a3c01bb3bb5.webp,True,
audiobook-e802891e2e2bf310,AUDIOBOOK,Geometría riemanniana,"Sánchez Morgado, Héctor; Óscar A. Palmas Velasco",CREATE_NEW_WORK,125,PLG-BK-000124,PUBLISHED,Universidad Nacional Autónoma de México,es,26.99,,,SIMULATED/DEMO,5568,SIMULATED/DEMO,True,"[""Narrador DEMO PLIEGO (sin identidad bibliográfica)""]",https://elibro.puce.elogim.com/es/lc/puce/titulos/74615,AUTH_REQUIRED,covers/generated/digital-batch/editions/staging/Audiolibros/Matematicas/staging.json,covers/generated/digital-batch/pending-images/Audiolibros/Matematicas/portadas/audiobook-e802891e2e2bf310.webp,True,
audiobook-e7e528202ac4b259,AUDIOBOOK,Inferencia estadística,Miguel Ángel Gómez Villegas,CREATE_NEW_WORK,126,PLG-BK-000205,PUBLISHED,Ediciones Díaz de Santos,es,22.99,,,SIMULATED/DEMO,4124,SIMULATED/DEMO,True,"[""Narrador DEMO PLIEGO (sin identidad bibliográfica)""]",https://elibro.puce.elogim.com/es/lc/puce/titulos/52874,AUTH_REQUIRED,covers/generated/digital-batch/editions/staging/Audiolibros/Matematicas/staging.json,covers/generated/digital-batch/pending-images/Audiolibros/Matematicas/portadas/audiobook-e7e528202ac4b259.webp,True,
audiobook-98a184bad47674ce,AUDIOBOOK,La geometría de las ciudades,"Sorando Muzás, José María",CREATE_NEW_WORK,127,PLG-BK-000070,PUBLISHED,Los libros de la Catarata,es,33.99,,,SIMULATED/DEMO,5538,SIMULATED/DEMO,True,"[""Narrador DEMO PLIEGO (sin identidad bibliográfica)""]",https://elibro.puce.elogim.com/es/lc/puce/titulos/233100,AUTH_REQUIRED,covers/generated/digital-batch/editions/staging/Audiolibros/Matematicas/staging.json,covers/generated/digital-batch/pending-images/Audiolibros/Matematicas/portadas/audiobook-98a184bad47674ce.webp,True,
audiobook-a73c8fe399446f23,AUDIOBOOK,La geometría del universo,"Leon, Manuel de",CREATE_NEW_WORK,128,PLG-BK-000269,PUBLISHED,Los libros de la Catarata,es,34.99,,,SIMULATED/DEMO,4944,SIMULATED/DEMO,True,"[""Narrador DEMO PLIEGO (sin identidad bibliográfica)""]",https://elibro.puce.elogim.com/es/lc/puce/titulos/239571,AUTH_REQUIRED,covers/generated/digital-batch/editions/staging/Audiolibros/Matematicas/staging.json,covers/generated/digital-batch/pending-images/Audiolibros/Matematicas/portadas/audiobook-a73c8fe399446f23.webp,True,
audiobook-8af061372fbf6a49,AUDIOBOOK,Una introducción a la geometría fractal,"Sabogal, Sonia; Arenas, Gilberto",CREATE_NEW_WORK,129,PLG-BK-000202,PUBLISHED,Ediciones UIS,es,11.99,,,SIMULATED/DEMO,7098,SIMULATED/DEMO,True,"[""Narrador DEMO PLIEGO (sin identidad bibliográfica)""]",https://elibro.puce.elogim.com/es/lc/puce/titulos/117594,AUTH_REQUIRED,covers/generated/digital-batch/editions/staging/Audiolibros/Matematicas/staging.json,covers/generated/digital-batch/pending-images/Audiolibros/Matematicas/portadas/audiobook-8af061372fbf6a49.webp,True,
audiobook-ccecc542047c16dd,AUDIOBOOK,Anatomía y fisiología básicas en el niño,"Carbonero Celis, Carmen; Cañizares Márquez, José María",CREATE_NEW_WORK,171,PLG-BK-000086,PUBLISHED,Wanceulen Editorial,es,9.99,,,SIMULATED/DEMO,7173,SIMULATED/DEMO,True,"[""Narrador DEMO PLIEGO (sin identidad bibliográfica)""]",https://elibro.puce.elogim.com/es/lc/puce/titulos/63446,AUTH_REQUIRED,covers/generated/digital-batch/editions/staging/Audiolibros/medicina/staging.json,covers/generated/digital-batch/pending-images/Audiolibros/medicina/portadas/audiobook-ccecc542047c16dd.webp,True,
audiobook-7716c6d896d5a7b7,AUDIOBOOK,Anatomía y fisiología del sistema nervioso central,"Velayos, José Luis; Diéguez, Godofredo",CREATE_NEW_WORK,172,PLG-BK-000260,PUBLISHED,CEU Ediciones,es,16.99,,,SIMULATED/DEMO,1276,SIMULATED/DEMO,True,"[""Narrador DEMO PLIEGO (sin identidad bibliográfica)""]",https://elibro.puce.elogim.com/es/lc/puce/titulos/43244,AUTH_REQUIRED,covers/generated/digital-batch/editions/staging/Audiolibros/medicina/staging.json,covers/generated/digital-batch/pending-images/Audiolibros/medicina/portadas/audiobook-7716c6d896d5a7b7.webp,True,
audiobook-60f254fb894b8c6a,AUDIOBOOK,El médico en casa: manual de consulta,"Carrete, Paula; Rubinstein, Esteban; Zárate, Miguel",CREATE_NEW_WORK,173,PLG-BK-000132,PUBLISHED,Delhospital ; NED,es,10.99,,,SIMULATED/DEMO,6057,SIMULATED/DEMO,True,"[""Narrador DEMO PLIEGO (sin identidad bibliográfica)""]",https://elibro.puce.elogim.com/es/lc/puce/titulos/121496,AUTH_REQUIRED,covers/generated/digital-batch/editions/staging/Audiolibros/medicina/staging.json,covers/generated/digital-batch/pending-images/Audiolibros/medicina/portadas/audiobook-60f254fb894b8c6a.webp,True,
audiobook-6aa70e9b3495e853,AUDIOBOOK,Fisiología respiratoria (8a. ed.),"West, John B.",CREATE_NEW_WORK,174,PLG-BK-000087,PUBLISHED,Wolters Kluwer Health,es,26.99,,,SIMULATED/DEMO,5236,SIMULATED/DEMO,True,"[""Narrador DEMO PLIEGO (sin identidad bibliográfica)""]",https://elibro.puce.elogim.com/es/lc/puce/titulos/124823,AUTH_REQUIRED,covers/generated/digital-batch/editions/staging/Audiolibros/medicina/staging.json,covers/generated/digital-batch/pending-images/Audiolibros/medicina/portadas/audiobook-6aa70e9b3495e853.webp,True,
audiobook-da20f31c48dae892,AUDIOBOOK,Fisiología y fisiopatología pulmonar: estudios de casos (2a. ed.),"West, John B.",CREATE_NEW_WORK,175,PLG-BK-000287,PUBLISHED,Wolters Kluwer Health,es,7.99,,,SIMULATED/DEMO,6764,SIMULATED/DEMO,True,"[""Narrador DEMO PLIEGO (sin identidad bibliográfica)""]",https://elibro.puce.elogim.com/es/lc/puce/titulos/125026,AUTH_REQUIRED,covers/generated/digital-batch/editions/staging/Audiolibros/medicina/staging.json,covers/generated/digital-batch/pending-images/Audiolibros/medicina/portadas/audiobook-da20f31c48dae892.webp,True,
audiobook-dc33785bd60e4578,AUDIOBOOK,Fundamentos de farmacología oncológica,"Cevallos Barrera, Edwin; Duque Proaño, Galo",CREATE_NEW_WORK,176,PLG-BK-000284,PUBLISHED,Universidad del Azuay,es,9.99,,,SIMULATED/DEMO,5550,SIMULATED/DEMO,True,"[""Narrador DEMO PLIEGO (sin identidad bibliográfica)""]",https://elibro.puce.elogim.com/es/lc/puce/titulos/233834,AUTH_REQUIRED,covers/generated/digital-batch/editions/staging/Audiolibros/medicina/staging.json,covers/generated/digital-batch/pending-images/Audiolibros/medicina/portadas/audiobook-dc33785bd60e4578.webp,True,
audiobook-c8a5563777e61d13,AUDIOBOOK,Manual de fisiología articular,"Guzmán Velasco, Adriana",CREATE_NEW_WORK,177,PLG-BK-000175,PUBLISHED,Manual Moderno,es,13.99,,,SIMULATED/DEMO,6255,SIMULATED/DEMO,True,"[""Narrador DEMO PLIEGO (sin identidad bibliográfica)""]",https://elibro.puce.elogim.com/es/lc/puce/titulos/71151,AUTH_REQUIRED,covers/generated/digital-batch/editions/staging/Audiolibros/medicina/staging.json,covers/generated/digital-batch/pending-images/Audiolibros/medicina/portadas/audiobook-c8a5563777e61d13.webp,True,
audiobook-7c90703dd5f5bc7d,AUDIOBOOK,Manual de práctica de semiología clínica,"Chaveco Pérez, Moraima",CREATE_NEW_WORK,178,PLG-BK-000088,PUBLISHED,Universidad Abierta para Adultos,es,9.99,,,SIMULATED/DEMO,4482,SIMULATED/DEMO,True,"[""Narrador DEMO PLIEGO (sin identidad bibliográfica)""]",https://elibro.puce.elogim.com/es/lc/puce/titulos/294232,AUTH_REQUIRED,covers/generated/digital-batch/editions/staging/Audiolibros/medicina/staging.json,covers/generated/digital-batch/pending-images/Audiolibros/medicina/portadas/audiobook-7c90703dd5f5bc7d.webp,True,
audiobook-2d193ee8f693ac3d,AUDIOBOOK,"Neuroanatomía, funcional y clínica (5a. ed.)","Bustamante B., Jairo",CREATE_NEW_WORK,179,PLG-BK-000164,PUBLISHED,Editorial Médica Celsus,es,23.99,,,SIMULATED/DEMO,3131,SIMULATED/DEMO,True,"[""Narrador DEMO PLIEGO (sin identidad bibliográfica)""]",https://elibro.puce.elogim.com/es/lc/puce/titulos/280790,AUTH_REQUIRED,covers/generated/digital-batch/editions/staging/Audiolibros/medicina/staging.json,covers/generated/digital-batch/pending-images/Audiolibros/medicina/portadas/audiobook-2d193ee8f693ac3d.webp,True,
audiobook-6c6624b4dbb6c732,AUDIOBOOK,"Oxígeno: fisiología, terapéutica, toxicidad","Cristancho Gómez, William",CREATE_NEW_WORK,180,PLG-BK-000195,PUBLISHED,Editorial El Manual Moderno,es,9.99,,,SIMULATED/DEMO,6152,SIMULATED/DEMO,True,"[""Narrador DEMO PLIEGO (sin identidad bibliográfica)""]",https://elibro.puce.elogim.com/es/lc/puce/titulos/128358,AUTH_REQUIRED,covers/generated/digital-batch/editions/staging/Audiolibros/medicina/staging.json,covers/generated/digital-batch/pending-images/Audiolibros/medicina/portadas/audiobook-6c6624b4dbb6c732.webp,True,
audiobook-ae42295f28b58397,AUDIOBOOK,Proceso de valoración semiológica de Chávez para el cuidado de enfermería,"Barragán Becerra, Julián Andrés; Moreno Mojica, Claudia María; Hernández Bernal, Nubia Esperanza",CREATE_NEW_WORK,181,PLG-BK-000243,PUBLISHED,Editorial UPTC,es,19.99,,,SIMULATED/DEMO,1149,SIMULATED/DEMO,True,"[""Narrador DEMO PLIEGO (sin identidad bibliográfica)""]",https://elibro.puce.elogim.com/es/lc/puce/titulos/219236,AUTH_REQUIRED,covers/generated/digital-batch/editions/staging/Audiolibros/medicina/staging.json,covers/generated/digital-batch/pending-images/Audiolibros/medicina/portadas/audiobook-ae42295f28b58397.webp,True,
audiobook-2a1df67176eecdd4,AUDIOBOOK,Semiología: sistema craneomandibular,"Bustillo Verbel, Rosa Lia; Espitia Nieto, Sandra",CREATE_NEW_WORK,182,PLG-BK-000137,PUBLISHED,Editorial Unimagdalena,es,29.99,,,SIMULATED/DEMO,4011,SIMULATED/DEMO,True,"[""Narrador DEMO PLIEGO (sin identidad bibliográfica)""]",https://elibro.puce.elogim.com/es/lc/puce/titulos/105476,AUTH_REQUIRED,covers/generated/digital-batch/editions/staging/Audiolibros/medicina/staging.json,covers/generated/digital-batch/pending-images/Audiolibros/medicina/portadas/audiobook-2a1df67176eecdd4.webp,True,
audiobook-8b4726e2a5b9d46d,AUDIOBOOK,Temas claves: neuroanatomía (4a. ed.),"Fix, James D.",CREATE_NEW_WORK,183,PLG-BK-000197,PUBLISHED,Wolters Kluwer Health : Lippincott Williams & Wilkins,es,25.99,,,SIMULATED/DEMO,5633,SIMULATED/DEMO,True,"[""Narrador DEMO PLIEGO (sin identidad bibliográfica)""]",https://elibro.puce.elogim.com/es/lc/puce/titulos/124809,AUTH_REQUIRED,covers/generated/digital-batch/editions/staging/Audiolibros/medicina/staging.json,covers/generated/digital-batch/pending-images/Audiolibros/medicina/portadas/audiobook-8b4726e2a5b9d46d.webp,True,
